# Resource object code (Python 3)
# Created by: object code
# Created by: The Resource Compiler for Qt version 6.11.1
# WARNING! All changes made in this file will be lost!

from PyQt6 import QtCore

qt_resource_data = b"\
\x00\x00\x03y\
\x89\
PNG\x0d\x0a\x1a\x0a\x00\x00\x00\x0dIHDR\x00\
\x00\x002\x00\x00\x002\x08\x06\x00\x00\x00\x1e?\x88\xb1\
\x00\x00\x00\x09pHYs\x00\x00\x0b\x13\x00\x00\x0b\x13\
\x01\x00\x9a\x9c\x18\x00\x00\x03+IDATx\x9c\xed\
\x98Mh\x13A\x14\xc7\xd7\x0f\xb4\x0a~\xd6O\xf4\xa0\
\x1eDAP\x10\xa4H\xdb\x9dI\xd5\x06\x8dv\xdf+\
\xeb\xb5\x88\x17O\x8a^<I\xbd\x09*\xe8\xd9\x83\x88\
\x17\xc1\x8b\xa0\xf8\x01\x0aE\x94\xb6i\xdeK\xdaZ+\
\xf6\xa2\x82\x17K\x0f~`\x85\xb6\x1a\x19\xe3&\x1bL\
3\xdb$\xbbYa\xff0\x10\xc2\x9by\xef\xb7o>\
\xde\x8caD\x8a\x14)R\xa4H>\xc9\xcct\xac\x94\
\x8c\x0f$\xe3\xb4d\xcc\x86\xb1\x19\xde \xa0\xbf\xde\x81\
\xcaj@\x14\x84 \x1c\xa8w\x90\xb2\x1a\x90\xe6\xe1#\
\xab$A\xaa\xde\x01\xcaj@\x9a\xd3\xf6ZA0T\
\xef\xe0d5 \x07\x07a\x9dd\x1c\xaew`\xb2Z\
\x10I\xf0t.\x03\x08\xc6\x09\xc9pU\xa6\xf0p\xcb\
\xa0\xbd\xd5\xc8\x1a\xf3\xcc\x1esa\xac\xef\xe8z3\xd5\
)\x04\xc3eI0\x1e8\x88`\x98\xf1<\x00\xe1c\
\x93\x12k\xca\xee\x18\x86a\xb4%\xadF\xc1\xf00\xd8\
\x8c\xb0\xe7L\xb0\xd9\xd3\xd5`xT|,\xbeX0\
&uA\x04\x0e\x22\x19[\x9d>\x09J,\x95\x0cg\
\xff\xecrj\x1a\x11\x8c\xabm[\x10\x9ei\xea\xb5\x97\
8v\xb1\x94\xb5/d \xf0\xc6\xb1\xb7\xef\xda\x0b\x04\
\xc1\xf32\xb6O\xd4\xba\xc9\x8fO\x98\x09\x0d\x88`\xb8\
T\xb0\xb7PkO\xd8^\xb0\x87\x8b\xa1\x01\x89\x11\xd8\
\xae\xc0n\xe9\xc1\xf1\x86co\x92\x95\x98\xd5y\x09I\
?A\xda\x06\xad\xed\x8e\xbd |\xeb\xa1O_~\xfc\
4\xec\x0e\x06\x84\xf0\x97\x16$i5\xba\x1c}\xd5O\
-x\x9f\xcfH\xa6cKh@\xe2c\xf1\xc5\x05G\
0\xa5w\x04?\x8aj\xb8@\xd6\x08\xe9A\xdc\xe7\x87\
`\xfc\xee\x01d\xd2\xb1\xb7G\xecE\xc1\x80\xb0\xbe\x93\
\x99\xb47\xccmj\xe1'\xc7\xfeP\xaf\xbd:4\x19\
iek\xa7\xcb\xfe\x9d\x87\x8c\xa4\x1d{U\x8f\x85\x06\
$F(\xf3S\x8b\xf0\x91>#p\xdbe\xdf\x1e\x1a\
\x10\xc1x\xce\xb1\x8f\xb1u\xcaCFN\xe4A\x18\xce\
k@*z\x17\xa8\x08D\x95\xfa\x8e\xbd\xaa\xa5$\xe1\
h\x99l\x8c\x14\xedr\x04\xcf4 \xda5W\xc3\x8c\
\xc0L\xdb\x00ns\xfa\xa8R^2\x5cW5Xn\
\x17\x83I\xf5[\xfd\xe7.\xf3M\xc2\x1d\xa5\xc6\xdf\xff\
\xf2\xd82\x97\xff;*+\x82\xe1\xb3 \xf8\xe8oF\
r_\xfa~w\xb6{\xbe\xe1Q\xea\xb2\xa5N\xf8R\
c\x99\x04M\xa5\xfa\xc42\xf6&\xdfAr0xS\
\x95\xf0:\x08U!K\x86{^j1\xb7\xe2\xfd\xf1\
\xe5\x81\x80\xfc\x9df\x1f$\xc1\x05u\xadm!\xd8\x98\
\xfb\xfa]\x0d*\x88\xa2q\xcb\x80(\x9f\x82\xf1\x9ad\
k\xef\x01\xb2W\xa8\xd3\xdf\x1c\x80]\x92:\x8f\x07\x06\
2{\x83)\x15L~j\x0d\xc1\xe6J\x17\xb2\xd4\xb7\
\xe9\x7f@\x04\xc1\xcf\x1a:x\xe1\xbeT\x09\x82\xd3\xbe\
\x80Pa\x17\xf5\x0b$+\xd2x\xb2\xa8<\xa9\xf1\x8b\
\x8a x\xed.\x99\xfc\x03a\x9c03\x1d{\x04\xe3\
\x15\xc1\xf0\xa5\xc6\xd9x\xa5\xde\xe1Jm\x145\x5c#\
>7\xc2\xd1\x92\x99\xf8\xaf@\x083\xda\xf7\xb4ZO\
\xadZ7\xc1\xc8\xee\x1bj\x99\x8c\xc0\xb7z\x07+K\
6\x98R\xd5\x84:c\xb4\x10\x91\x22E\x8a\x14)\x92\
Q\x99~\x03e#@g\xd6{Je\x00\x00\x00\x00\
IEND\xaeB`\x82\
\x00\x00\x01,\
\x89\
PNG\x0d\x0a\x1a\x0a\x00\x00\x00\x0dIHDR\x00\
\x00\x000\x00\x00\x000\x08\x06\x00\x00\x00W\x02\xf9\x87\
\x00\x00\x00\x09pHYs\x00\x00\x0b\x13\x00\x00\x0b\x13\
\x01\x00\x9a\x9c\x18\x00\x00\x00\xdeIDATx\x9c\xed\
\x98A\x0e\xc20\x0c\x04\xf7\x1d\xed\x997r\xcds\xe8\
\xa1/\xab\x90h?\xb0\x5c\x8a@QMA$\xc4\x86\
\x1d\xc9\xb7\x1ev\xe4$\xb5\x0c\x08!\x84\x10w\x0e\x00\
F\x00\x0b\x00:\xab\x05\xc0\x00\xa0\xc7\x93\xf0g\x07A\
\xb9S\x93%1:\x08\xc7\x17\xeb\xb4%\xe0\xf1\xd8\xd0\
\xa8\xcb\x96@\xfe\x917\xb8\x97O\x02\x95\xa1:\xf0\x06\
\x09\x81;\x90*=\x02\xfc\x86\xc0-|H\x81T\xf9\
\x19fM\x81<|(\x81d\xfc-C\x08\xa4\x02c\
A3\x81\x12\xe1\xd9R\xe0\x18]\xa0\x94D\xf3Kl\
I\x94\x86\xb5\x04,\x89P\x02[\x12\xe1\x04r\x89\x90\
\x02\x8f\x12a\x05\xc2\x8f\xd3\xb5\xa0\x04\x1a\xc3\x9f\xef\xc0\
\x5ch\xb6i\xb6\xd8\x1a\x1c\x04\xe3'\xab\xc5~]\x9c\
\xd2yM\x00:\xeb\x9cu\xab\x9d\xc7\xe34\xaf\xd9\xcc\
\xf0B\x08!\xfe\x8f+\xbf\xafv\xec\xef-\xf71\x00\
\x00\x00\x00IEND\xaeB`\x82\
\x00\x00\xd4A\
\x89\
PNG\x0d\x0a\x1a\x0a\x00\x00\x00\x0dIHDR\x00\
\x00\x07\x9c\x00\x00\x08%\x08\x06\x00\x00\x00\xad\xa9\xdb\x14\
\x00\x00\x00\x09pHYs\x00\x00\x5cF\x00\x00\x5cF\
\x01\x14\x94CA\x00\x00\x00\x19tEXtSof\
tware\x00www.inksca\
pe.org\x9b\xee<\x1a\x00\x00 \x00ID\
ATx\x9c\xec\xdd{\x94\xa5gA\xe7\xfb\xdf\xb3\xab\
\xfa\x92\x00\x01$@\xc2\xfd.\xe1\x22\xcae\xcdp\xf3\
\x00\x22\xea(\x88\xa3\xed(\x07\x943j\x18\xc1\xe5\xc0\
LNn}y\xeb\xedN\x08D\xe6D\x8dg\x90\xc0\
\x88\x8e b;\x82\x03^\x009\x5c\x84\x99\x05\x82\x82\
J\x02\xc8- \x09\x90\x986\x9d\x84N:]\xf5\x9c\
?\xaa#\x01\x12\xe8t\xef\xda\xcf~\xf7\xfb\xf9\xac\xb5\
WuWW\xf7\xfa\xe6\x9f\xac\xde\xf5\xeb\xe7yKV\
Vj\x00\x006\xc6\xb5In<\xca\xdf\xbb\x9ad\xff\
\xad\xfc\xda\xfe\xc3\xbf~s\xff\x9c\xe4\xe6\x7f\xaf\xa9\x87\
?\xf7\xed\xfe\xcc\x1b\xb3\xde\xb9\xfe{J\xb9\xe9\xf7\x1c\
J\xad\xd7\x1c\xfe\xf1\xc1\x94r\xdd\xfaW\xd4\x03I\xae\
O\x92L&\xd7%9\x98$)e\x7fVWoj\
\xfa\xe7l\xd9RS\xcaZ=\xe3\x8c\xabo\xed?\x10\
\x00\x00\x00\x00`\xe8\x8a\xc1\x19\x00`&n\x1a\xdf\xaf\
Ir(_\x1b\xcd\xafN\xb2\x96\xaf\x0d\xe6\xfb\xf2\xb5\
\xb1|-\xa5\x5c\x9dZo\x1a\xca\x0f\xa5\x94kR\xeb\
M#\xf9\xc1L&\xd7em\xed\x9a,/\x1f\xc8\xd2\
\xd2\xb5y\xe0\x03\xf7\xd7m\xdb\xbeq\x8c\x07\x00\x00\x00\
\x00\xd8\x10\x06g\x00\x80\xc5s0\xc9uY\x1f\xb3\x0f\
$\xf9j\xd6\x07\xec\x03\x87_\xfb\x0e\x7f\xee\xc0\xe1A\
\xfb\xba\x94r \xeb\xa3\xf6\xb5\xa9\xf5@&\x93k\xb2\
\xb6\xb6/\x9b7_\x9d\xbb\xdce\x7f=\xf5\xd4\xa3=\
\xa9\x0e\x00\x00\x00\x00,0\x833\x00\x00G\xe2\xfa\xac\
\x8f\xd5\xd7g}\xb0\xfe\xe6\xd7\xfah}}j\xdd\x97\
R\xf6\xa5\xd6}\x99L\xf6emm_\x92\xabj\xd7\
]\xdf*\x1e\x00\x00\x00\x00\xd8\x18\x06g\x00\x00f\xe5\
\xd6\xc7\xea\xf5\xc1z\xdf7\x8d\xd5\x9b6]V\xcf<\
s_\xc3f\x00\x00\x00\x00\xe0[08\x03\x000\xef\
\x0e$\xb9*\xc9?\x1d\xfex\xd3\xeb\xca\x94\xf2\x95\xd4\
zEJ\xb9\x22\xa5|)kkW\xe4\xe4\x93\xafp\
\x058\x00\x00\x00\x00\xcc\x86\xc1\x19\x00\x80Et}\x92\
\xcb\x92\x5c\x9e\xaf\x9d\xa2\xbe,\xa5\x5c\x9eZ\xd7\x7f<\
\x99\x5c\x9e\xb5\xb5}YY\xb9\xbc\xd6\xea\xef\xc4\x00\x00\
\x00\x00p\x14\x0c\xce\x00\x00\x8c\xdd\xf5I\xaeL\xf2\xc5\
$_J\xf2\x8f\xdf\xf4q\xf3\xe6\xcb\xebYg\xfdS\
\xbbD\x00\x00\x00\x00\x98O\x06g\x00\x00827d\
\xfd*\xef\x9bNN\x7f\xedc)\x97\xa7\x94\xcb\xb2i\
\xd3g<s\x1a\x00\x00\x00\x80118\x03\x00\xc0t\
\xedO\xf2\xf9$\x9fKr\xe9\xe1\x1f\x7f>\x93\xc9\xa5\
Y[\xbb\xd4\x15\xde\x00\x00\x00\x00,\x12\x833\x00\x00\
\xcc\xd6\xc1\xac_\xd7}\xd3)\xe9\xcf\xfc\xcbk2\xb9\
<\xc7\x1d\xf7\xb9z\xdai\xd7\xb5\x0c\x04\x00\x00\x00\x80\
#ep\x06\x00\x80\xf9\xb2\x96\xf5gG\x7f&\xc9\xa7\
\x92|:\xc9\xa72\x99|:\x9b6}\xca\x95\xdd\x00\
\x00\x00\x00\xcc\x13\x833\x00\x00\x0c\xcb\xbe\xdc\xfcT\xf4\
\xcd_++\x9fu]7\x00\x00\x00\x00\xb3dp\x06\
\x00\x80\xc5\xb1?7\x9d\x88^\xff\xf8\x89L&\x1f\xcb\
\x96-\x1f\xaf\xa7\x9f~M\xdb4\x00\x00\x00\x00\x16\x91\
\xc1\x19\x00\x00\xc6a_\x92\x8b\x93|,\xa5\x5c\x9cZ\
?\x96M\x9b>V\xcf>\xfb\xf2\xd6a\x00\x00\x00\x00\
\x0c\x97\xc1\x19\x00\x00\xc6\xed\xa6+\xba/N)\x1fK\
\xb2>F\xbb\x9e\x1b\x00\x00\x00\x80#`p\x06\x00\x00\
n\xc9\xfe$\x7f\x97\xe4\xa3)\xe5#)\xe5#\xb9\xfd\
\xed\xff\xbe\xbe\xe4%\x07Z\x87\x01\x00\x00\x000?\x0c\
\xce\x00\x00\xc0\x91ZMri\xd6\xaf\xe6\xfepJ\xf9\
pj\xfdX\xed\xba\xcf4\xee\x02\x00\x00\x00\xa0\x11\x83\
3\x00\x00p\xac\xbe\x9c\xe4\xa3I>\x92\xe4\xa3\x99L\
>\x9a\x87>\xf4\xe3u\xdb\xb6\xd5\xc6]\x00\x00\x00\x00\
l0\x833\x00\x00\xb0\x11\xae\xcb\xfa\x00\xfd\xe1$\x1f\
\xced\xf2\xe1\xbas\xe7\xc7\x1a7\x01\x00\x00\x000e\
\x06g\x00\x00`V.\xcfM\x03\xf4\xfau\xdc\xef\xaf\
]wU\xeb(\x00\x00\x00\x00\x8e\x9e\xc1\x19\x00\x00h\
e-\xc9%I>\x98\xe4\x83\x99L>\x90\xb5\xb5\xbf\
\xab]w\xa8q\x17\x00\x00\x00\x00G\xc8\xe0\x0c\x00\x00\
\xcc\x93\xeb\x92\xfc\xef$\xefO\xf2\xbe$\xef\xab]w\
}\xdb$\x00\x00\x00\x00n\x8d\xc1\x19\x00\x00\x98g7\
&\xf9\xdb$\x7f\x91R\xde\x9fZ\xdfS\xbbn\x7f\xeb\
(\x00\x00\x00\x00\xd6\x19\x9c\x01\x00\x80!9\x94\xe4\xa3\
I\xde\x9fR\xde\x97\xcd\x9b\xff\xa2\x9ey\xe6\xbe\xd6Q\
\x00\x00\x00\x00cep\x06\x00\x00\x86l5\xc9\x87\x92\
\xbc=\xc9\x9f\xe7a\x0f\xfb@\xdd\xb6m\xb5q\x13\x00\
\x00\x00\xc0h\x18\x9c\x01\x00\x80Er]\x92w%y\
K\x96\x97\xdfV\xb7o\xbf\xb4u\x10\x00\x00\x00\xc0\x22\
38\x03\x00\x00\x8b\xec3Y\x7f\xfe\xf3_d\xeb\xd6\
?\xaf\xa7\x9f~M\xeb \x00\x00\x00\x80Ebp\x06\
\x00\x00\xc6\xe2@\x92\xf7$y[\x96\x96\xfe\xb8\xee\xd8\
\xf1\xd9\xd6A\x00\x00\x00\x00Cgp\x06\x00\x00\xc6\xea\
\xe2$oI\xf2\xd6\xac\xac\xbc\xbf\xd6\xea\xbd\x11\x00\x00\
\x00\xc0mdp\x06\x00\x00H>\x97\xe4\x7ff}\x80\
~w\xed\xbaCms\x00\x00\x00\x00\x86\xa1de\xe5\
\x01I\xb6f29\xee\x9b~\xb5\xd6\x13R\xeb\xd2\xd7\
\xff\x8e\xb2\x94\xe4\x84[\xf8\xb3\x8eO\xad[\x92\x1c\x9f\
R\xb6\xa4\xd6;&\xd9t\xf8k\xd7?\x9f\xdc\xfe\xf0\
\xe7\xee|\xf8\xe3\xed\x93\x1c\x97d\xeb\xe1\xaf[\xba\x85\
?\x17\x00\x00`\x96.\xcf\xfa\xf8\xfcG9\xf9\xe4w\
\xd5SO\xbd\xb1u\x10\x00\x00\x00\xc0\xbc*\xf3tk\
\x5c\xe9\xfbI6o\xbesVW\xbf#\xb5\xae\xbf\x92\
\xaf\xbd\xbe\xf1\xe7_\xff\x9a\xb4\xea\x06\x00\x00\x16\xd6?\
'ykJ\xf9\xbd\xd4\xfa\x0e'\x9f\x01\x00\x00\x00\xbe\
\xde\x5c\x0d\xce\xc7\xa2\xf4\xfd\x9d\x92\x9c\x98\xc9\xe4\xee\xa9\
\xf5\xa4\xd4z\xcf$'%\xb9\xf9\xc7{%\xb9c\xc3\
L\x00\x00`\xb8\xbe\x92\xe4\xf7\x93\xbc\xbev\xdd\x07[\
\xc7\x00\x00\x00\x00\xcc\x83\x85\x19\x9c\x8fT\xe9\xfb;e\
2\xb9o\xd6\xd6\xee\x9b\xe4~I\xee{\xf8\xf5\xc0$\
\x0f\xca\xfa5\xdf\x00\x00\x00\xdf\xca'\x93\xbc>KK\
\xaf\xaf;v|\xbau\x0c\x00\x00\x00@+\xa3\x1b\x9c\
\xbf\x9d\xd2\xf7\xf7H\xf2\x90\xac\x8f\xcf\x0fN\xf2\x9dI\
\x1e\x91\xe4\xfeqm7\x00\x00\xf0\xcd\xfewJy}\
j}c\xed\xba+[\xc7\x00\x00\x00\x00\xcc\x92\xc1\xf9\
\x08\x95W\xbc\xe2v\xb9\xee\xba\x87'\xf9\xae$7}\
|L\x5c\xd1\x0d\x00\x00\xac\xbb1\xc9\xdb\x92\xfcNN\
>\xf9\x8f\xeb\xa9\xa7\xde\xd8:\x08\x00\x00\x00`\xa3\x19\
\x9c\x8fA)\xa5de\xe5\xc1I\x1e{\xf8\xf5\xb8$\
\x8fNr|\xd30\x00\x00\xa0\xb5/'ym\x92W\
\xd7\xae\xfbL\xeb\x18\x00\x00\x00\x80\x8dbp\x9e\xb2\xd2\
\xf7\xcb\x99L\x1e\x95Z\x9f\x94Z\x9f\x98\xe4\xfb\x92|\
G\xeb.\x00\x00\xa0\x89\xb5$\xff_J\xb9('\x9d\
\xf4f\xa7\x9e\x01\x00\x00\x80Ecp\xde`\xa5\xef'\
\x99L\x1e\x95\xb5\xb5\x1fH\xf2\x83I\x9e\x90dS\xe3\
,\x00\x00`\xf6\xbe\x94\xe4\xb5YZzu\xdd\xb1\xe3\
\xb3\xadc\x00\x00\x00\x00\xa6\xc1\xe0<c\xa5\xefOH\
)\xdf\x97Z\xffM\x92g'9\xb1u\x13\x00\x000\
SkI\xde\x91\xe4\xa2\x9c|\xf2[\x9cz\x06\x00\x00\
\x00\x86\xcc\xe0\xdcP\xe9\xfb\xe5$OI\xb2-\xc9\x8f\
%\xb9k\xd3 \x00\x00`\xd6.K)\xbf\x91Z_\
U\xbb\xee\xaa\xd61\x00\x00\x00\x00\xb7\x95\xc1yN\x94\
\xbd{\x97r\xf1\xc5?\x90\xe4\xe7\x92<3\xae\xdd\x06\
\x00\x801\xb9.\xc9\xefdi\xe9W\xeb\x8e\x1d\xff\xd0\
:\x06\x00\x00\x00\xe0H\x19\x9c\xe7Py\xe9K\xef\x9e\
\x1bo|^\x92\x17$yP\xeb\x1e\x00\x00`f\xd6\
\x92\xbc5\xc9\x05\xb5\xeb\xde\xdd\xb8\x05\x00\x00\x00\xe0\xdb\
28\xcf\xb1\xd2\xf7\x93\x94\xf2\xc3\xa9\xf5\xac$\x8fo\
\xdd\x03\x00\x00\xcc\xd4G\x92\xbc2\xc9\x7f\xaf]w}\
\xeb\x18\x00\x00\x00\x80[bp\x1e\x88\xd2\xf7OI\xd2\
'\xf9\xde\xc6)\x00\x00\xc0l}1\xa5\x5c\x98\xcd\x9b\
/\xaag\x9e\xb9\xafu\x0c\x00\x00\x00\xc0\xcd\x19\x9c\x07\
\xa6\xf4\xfd\xd3\x93\xbc\x22\xc9\xa3Z\xb7\x00\x00\x003u\
m\x92\xdf\xca\xa6M/\xabg\x9f}y\xeb\x18\x00\x00\
\x00\x80\xc4\xe0<H\x87\xaf\xda\xfe\xf1\xd4z~\x92\xfb\
\xb5\xee\x01\x00\x00f\xea\xba$\xff-\xc9\xcbk\xd7]\
\xd6:\x06\x00\x00\x00\x187\x83\xf3\x80\x95\xbe\xdf\x9cR\
~1\xb5\xae$\xb9S\xeb\x1e\x00\x00`\xa6nH\xf2\
;Y^\xde]\xb7o\xffb\xeb\x18\x00\x00\x00`\x9c\
\x0c\xce\x0b\xa0\x9cw\xde]r\xf0\xe0+\x92\xfcl\x92\
\xd2\xba\x07\x00\x00\x98\xa9\xeb\x93\xbc&\xcb\xcb\xe7\xd7\xed\
\xdb\xbf\xd0:\x06\x00\x00\x00\x18\x17\x83\xf3\x02)}\xff\
\xbdI.J\xf2\x9d\xad[\x00\x00\x80\x99;\x98\xe4\x8d\
Iv\xd7\xae\xfbT\xeb\x18\x00\x00\x00`\x1c\x0c\xce\x0b\
\xa6\xf4\xfd\xf1IV\x92\xbc$\xc9r\xdb\x1a\x00\x00\xa0\
\x81\x1b\x93\xfcV6m\xea\xeb\xd9g_\xde:\x06\x00\
\x00\x00Xl\x06\xe7\x05U\xf6\xecyT\xd6\xd6^\x9d\
\xe4q\xad[\x00\x00\x80&\xbe\x9a\xe4\xc2l\xddz^\
=\xe3\x8c\xab[\xc7\x00\x00\x00\x00\x8b\xc9\xe0\xbc\xc0J\
\xdf/'\xd9q\xf8\xb5\xd48\x07\x00\x00h\xe3\x8a$\
\xe7$\xf9\xcd\xdau\x07[\xc7\x00\x00\x00\x00\x8b\xc5\xe0\
<\x02\xa5\xef\x9f\x92\xe4\xf7\x92\x9c\xdc8\x05\x00\x00h\
\xe7\xf3I\xceM\xf2\x9a\xdauk\xadc\x00\x00\x00\x80\
\xc5`p\x1e\x89\xd2\xf7wK\xf2\xfa$Oo\xdd\x02\
\x00\x004\xf5\xf7I\xce\xaa]\xf7\xd6\xd6!\x00\x00\x00\
\xc0\xf0\x19\x9cG\xe4\xf0\x15\xdb\xbb\x93\x9c\x99\xa44\xce\
\x01\x00\x00\xdaz{\x923j\xd7}\xa4u\x08\x00\x00\
\x000\x5c\x06\xe7\x11*\xbbw\xffPj}}\x92;\
\xb7n\x01\x00\x00\x9aZK\xf2\x9a$\xdbk\xd7]\xd9\
:\x06\x00\x00\x00\x18\x1e\x83\xf3H\x95\xbe\x7fP\x92?\
I\xf2\x90\xd6-\x00\x00@s\xfbRJ\x9fSN\xf9\
\x8d\xbam\xdbj\xeb\x18\x00\x00\x00`8\x0c\xce#v\
\xf8\xb9\xceoN\xf2\xf8\xd6-\x00\x00\xc0\x5c\xf8H&\
\x93_\xaa;w\xbe\xbfu\x08\x00\x00\x000\x0c\x06\xe7\
\x91+}\x7f|\x92?L\xf2C\xad[\x00\x00\x80\xb9\
P\x93\xfca\x96\x97\xffs\xdd\xbe\xfd\x0b\xadc\x00\x00\
\x00\x80\xf9fp&\xa5\xef7'\xf9\xdd$?\xd9\xba\
\x05\xe0\x16\x9c\x9fR\xaej\x1d1*\xb5\xde!\xc9\xf2\
\xcd>3Ir\xc7o\xf8\xaa\xadI\x8e\xfb\x86\xcf\xdd\
\xf9\xf0\xe7\x8e?\xfc\xf5\xb7;\xfc\xf3\x136&\x14\x80\
\x0d\xb6?\xa5\xec\xceI'\xfdz=\xf5\xd4\x1b[\xc7\
\x00\x00\x00\x00\xf3\xc9\xe0L\x92\xa4\xec\xdd\xbb\x94\x8b/\
\xfe\xad$?\xd3\xba\x05\xe0\xeb,-=\xa0\xee\xd8\xf1\
\xd9\xd6\x19\x1c\x9b\xd2\xf7\xb7\xcf\xe6\xcd\xc7\xe5\xe0\xc1;\
$9!\x93\xc9qY[\xbb]J\xb9cj]\x1f\
\xa9K\xb9Kj=1\xc9\x89I\xeer\xf8u\xd7\xc3\
/\xa35@;\x17\xa7\x94_\xae\xbbv\xbd\xb3u\x08\
\x00\x00\x000\x7f\x0c\xce\xfc\x8b\xc3\xa3\xf3\x7fO\xf2\x9c\
\xd6-\x00\xff\xc2\xe0L\x0e\xdf\xc6\xb1i\xd3]\xb2\xba\
zb\xd6\xd6\xee\x92R\xee\x9aZ\xef\xfa\x0d#\xf5}\
\x92\xdc;\xc9=\x92lj\x1a\x0c\xb0\x98^\x97\xcd\x9b\
_\x5c\xcf:\xeb\x9fZ\x87\x00\x00\x00\x00\xf3\xc3\xe0\xcc\
\xd7)}\xbf\x9c\xe4\x0dI~\xa2u\x0b@\x12\x833\
\xb7Y\xe9\xfbI\x92\x932\x99\xdc7\xb5\xde+\xb5\xde\
;\xebc\xf4}\x92\xdc+\xeb\xa3\xf4I-\x1b\x01\x06\
\xec+\x87O;\xbf\xb1u\x08\x00\x00\x000\x1f\x0c\xce\
|\x93r\xe1\x85[r\xd5U\x7f\x9a\xe4i\xad[\x00\
\x0c\xcel\x84r\xe1\x85[r\xf5\xd5\xf7J\xad\xf7\xca\
\xda\xda\xfd\x93<\xe4\xf0\xeb;\x93<8\xc9\x96\xa6\x81\
\x00\xf3\xef\x7ffy\xf9\x85u\xfb\xf6/\xb6\x0e\x01\x00\
\x00\x00\xda28s\x8bJ\xdf\x9f\x90\xe4=I\xbe\xbb\
u\x0b0r\x06g\x1a(}\x7f\x8f$\x0fK\xf2\x80\
$\x0f\xbf\xd9\x8f\xef\x9f\xa44L\x03\x98'W\xa7\x94\
.\xb5^X\xbbn\xadu\x0c\x00\x00\x00\xd0\x86\xc1\x99\
[U\xce=\xf7\x9e9t\xe8\x83Y\x7f\x16&@\x1b\
\x06g\xe6H9\xff\xfc;\xe4\xc0\x81\xef\xcc\xfai\xe8\
S\x92<*\xc9\xf7d\xfd\xaan\x80\xb1zW\x96\x96\
~\xa1\xee\xd8\xf1\xe9\xd6!\x00\x00\x00\xc0\xec\x19\x9c\xf9\
\x96J\xdf?:\xc9\xfb\x92\x1c\xd7\xba\x05\x18)\x833\
\x03P\xfa\xfeNI\x1e\x91R\x1e\x93Z\x1f\x93\xe41\
I\x1e\x9ad\xd2\xb6\x0c`f\x0e\xa4\x94>\xa7\x9c\xf2\
\x8a\xbam\xdbj\xeb\x18\x00\x00\x00`v\x0c\xce|[\
e\xf7\xee\x9fM\xad\xbf\xdd\xba\x03\x18)\x833\x03u\
x\x84~\xf4\xe1\xd7\xf7\x1c\xfe\xf8\x90\x18\xa1\x81\xc5\xf6\
\xc1$?[\xbb\xee\xe3\xadC\x00\x00\x00\x80\xd908\
sDJ\xdf_\x94\xe4\x17Zw\x00#dpf\x81\
\x94\xbe\xbf}&\x93\xefI\xadOH\xadOH\xf2\x84\
$'\xb6\xee\x02\x98\xb2\xaf\xa6\x94\xd3\xd2u\xbfY\xbd\
\xe1\x04\x00\x00\x80\x85gp\xe6\x88\x94\xbe?>\xc9\x07\
\x92<\xa2u\x0b02\x06g\x16\x5c9\xe7\x9c\xef\xcc\
\xda\xda\x13R\xeb\x13\x93<9\xeb\xa7\xa0\x01\x16\xc1[\
\x93\xfc\x5c\xed\xba\xaf\xb4\x0e\x01\x00\x00\x006\x8e\xc1\x99\
#V\xf6\xecyx\xd6\xd6\xfe*\x9e\xe7\x0c\xcc\x92\xc1\
\x99\x91)}\x7f\x8f\x94\xf2\xd4\xd4\xfa\xd4$OI\xf2\
\xc0\xc6I\x00\xc7\xe2\xcb)\xe5\xe7\xea\xae]\x7f\xd2:\
\x04\x00\x00\x00\xd8\x18\x06gn\x93\xd2\xf7\xa7%\xf9\x95\
\xd6\x1d\xc0\x88\x18\x9c\x19\xb9r\xee\xb9\xf7\xce\xea\xea\xd3\
R\xeb3\x92|\x7f\x92\xbb\xb6n\x02\xb8\x8dj\x92W\
&\xf9\xbfk\xd7}\xb5u\x0c\x00\x00\x000]\x06g\
n\x93\xd2\xf7\x93$\xefI\xf2\xa4\xd6-\xc0H\x18\x9c\
\xe1\xeb\x94={\x1e\x9eZ\x7f$\xb5>=\xc9\xf7&\
\xd9\xdc\xba\x09\xe0\x08}<\xc9\xffY\xbb\xee\xaf[\x87\
\x00\x00\x00\x00\xd3cp\xe66+}\xff\xd0$\x1f\x8d\
op\x03\xb3`p\x86[U\xfa\xfe\x84$\xcfH\xf2\
\xac$\xff&\xc9]\xda\x16\x01|[\x07S\xca\xae\xd4\
\xfa+\xb5\xeb\xd6Z\xc7\x00\x00\x00\x00\xc7\xce\xe0\xccQ\
)}\xff\xd2$g\xb5\xee\x00F\xc0\xe0\x0cG\xa4\xec\
\xdd\xbb\x94\x8b/~b\xd6\xc7\xe7g%yp\xe3$\
\x80o\xe5]I\x9eS\xbb\xeeK\xadC\x00\x00\x00\x80\
ccp\xe6\xa8\x94\xbe?>\xc9\xc7\x92\xdc\xafq\x0a\
\xb0\xe8\x0c\xcepTJ\xdf? \xa5<3\xb5nK\
\xf2\xc4\xd6=\x00\xb7\xe0+)\xe59u\xd7\xaew\xb6\
\x0e\x01\x00\x00\x00\x8e\x9e\xc1\x99\xa3V\xfa\xfe\xa7\x92\xbc\
\xa1u\x07\xb0\xe0\x0c\xcep\xcc\xca9\xe7\x9c\x92\xd5\xd5\
mI~\x22\xc9#[\xf7\x00\xdc\xcc\xa1$gee\
\xe5\xbfToN\x01\x00\x00`\x90\x0c\xce\x1c\xb5RJ\
\xc9\xca\xca_%yL\xeb\x16`\x81\x19\x9ca\xaaJ\
\xdf?,\xc9s\x93<'\xc9}\x1b\xe7\x00\xdc\xe4\xcd\
\xd9\xba\xf5\xf9\xf5\x8c3\xaen\x1d\x02\x00\x00\x00\xdc6\
\x06g\x8eI\xe9\xfb\xa7d\xfd\xf9k\x00\x1b\xc3\xe0\x0c\
\x1b\xa6\xec\xd9\xf3\x98\xac\xad\xfdL\x92\x9fNr\xd7\xd6\
=\xc0\xe8]\x9a\xc9d[\xdd\xb9\xf3\xafZ\x87\x00\x00\
\x00\x00G\xce\xe0\xcc1+}\xff\xae$Oi\xdd\x01\
,(\x833l\xb8r\xe1\x85[r\xd5U?\x9a\xe4\
\xe7\x92<=\xc9\xa4q\x120^\x07R\xca\x8b\xea\xae\
]\xafm\x1d\x02\x00\x00\x00\x1c\x19\x833\xc7\xac\xf4\xfd\
3\x92\xbc\xadu\x07\xb0\xa0\x0c\xce0S\xe5\xdcs\xef\
\x99\xd5\xd5\xe7\xa6\xd6\x17$\xb9\x7f\xeb\x1e`\xb4~7\
\xc9\x7f\xa8]\xf7\xd5\xd6!\x00\x00\x00\xc0\xb7fpf\
*J\xdf\x7f0\xc9\xe3Zw\x00\x0b\xc8\xe0\x0cM\x94\
\xbd{\x97r\xc9%\xcfH\xad\xbf\x98\xe4\x87\xe3\xd43\
0{\x1fI\xf2c\xb5\xeb>\xd7:\x04\x00\x00\x00\xb8\
u\xbeq\xc8t\x94\xf2\xf2\xd6\x09\x00\xc0\xf4\xd4m\xdb\
V\xeb\xae]\x7fV\xbb\xeeYYZzP\x92_I\
rU\xeb.`T\xbe;\xc9\x07\xca\x9e=Ol\x1d\
\x02\x00\x00\x00\xdc:\x833\xd3q\xca)oN\xe2\x04\
\x22\x00,\xa0\xbac\xc7gk\xd7\x9d\x9e\x13N\xb8W\
J\xf9\xf9\xac\x9f:\x04\x98\x85\xbbem\xed\x9d\xa5\xef\
\x9f\xdf:\x04\x00\x00\x00\xb8e\xae\xd4fjJ\xdf\xbf\
8\xc9\x05\xad;\x80\x05\xe3Jm\x98K\xa5\xef\x9f\x94\
\xe4\x8c\xac_\xb7]\x1a\xe7\x00\xe3\xf0\xeby\xd8\xc3\xfe\
S\xdd\xb6m\xb5u\x08\x00\x00\x00\xf05N83M\
\xbf\x95\xe4\xba\xd6\x11\x00\xc0\xc6\xab]\xf7\xbe\xdau\xcf\
\xcc\xfa\x95\xb7\xbf\x9b\xe4\xc6\xc6I\xc0\xe2\xfb\xe5\x5c|\
\xf1\x9b\xca\xf9\xe7\xdf\xa1u\x08\x00\x00\x00\xf05\x06g\
\xa6\xa6v\xdd\xfe$\x7f\xdc\xba\x03\x00\x98\x9d\xdau\x7f\
[\xbb\xeeg\xb2\xbc\xfc\xc0$\xbf\x9e\xe4@\xeb&`\
\xa1=3\x07\x0e\xbc\xbf\xf4\xfd\xfdZ\x87\x00\x00\x00\x00\
\xeb\x0c\xceLW)\xbf\xd7:\x01\x00\x98\xbd\xba}\xfb\
\x17j\xd7\xfd\xc7l\xde|\xdf$}\x92\xfd\xad\x9b\x80\
\x85\xf5\xc8$\x1f*}\xff\x94\xd6!\x00\x00\x00\x80\xc1\
\x99i;\xe9\xa4\xb7'\xb9\xa2u\x06\x00\xd0F=\xeb\
\xac+j\xd7\xadd\xf3\xe6\x07%yy\x92k[7\
\x01\x0b\xe9.I\xfe\xbc\xf4\xfd\xf3[\x87\x00\x00\x00\xc0\
\xd8\x19\x9c\x99\xaaz\xea\xa97&ys\xeb\x0e\x00\xa0\
\xad\xc3\xc3\xf3\x99\xd9\xbc\xf9\x01I~-\xc9\x0d\xad\x9b\
\x80\x85\xb3%\xc9kK\xdf\xefn\x1d\x02\x00\x00\x00c\
fpf\xfaJ\xf9\xb3\xd6\x09\x00\xc0|8<<\xbf\
8\xcb\xcb\x0fNrQ\x92C\xad\x9b\x80\x85\xb3\xb3\xf4\
\xfdkK\xdf/\xb7\x0e\x01\x00\x00\x801283}\
[\xb7\xfeE\x92\x83\xad3\x00\x80\xf9q\xf8\x19\xcf/\
\xc8\xd2\xd2w\xc5m(\xc0\xf4=?\xc9\x1f\x96\x0b.\
8\xaeu\x08\x00\x00\x00\x8c\x8d\xc1\x99\xa9\xab\xa7\x9f~\
M\x92\xbfl\xdd\x01\x00\xcc\x9f\xbac\xc7%\xb5\xeb~\
,\xc9S\x93\xfcM\xeb\x1e`\xa1\xfch\xf6\xef\x7fW\
\xe9\xfb\x13[\x87\x00\x00\x00\xc0\x98\x18\x9c\xd9(\x7f\xde\
:\x00\x00\x98_\xb5\xeb\xde\x9d\xe4\xb1)\xe5\xe7\x93|\
\xa9q\x0e\xb08\xfeU\x92w\x97\xbe\xbfW\xeb\x10\x00\
\x00\x00\x18\x0b\x833\x1b\xe5\xbd\xad\x03\x00\x80\xf9V\xbb\
n\xad\xee\xda\xf5\xdf\x92<8\xc9\xcb\xe2\x91\x1c\xc0t\
<<\xc9\xfb\xcb9\xe7\x9c\xd2:\x04\x00\x00\x00\xc6\xc0\
\xe0\xccF\xf9\xeb$\xd7\xb6\x8e\x00\x00\xe6_\xed\xbak\
k\xd7\x9d\x95\xa5\xa5G$y{\xeb\x1e`!\xdc'\
\xab\xab\xef/}\xff\xa4\xd6!\x00\x00\x00\xb0\xe8\x0c\xce\
l\x88\xdau\x87\x92|\xa0u\x07\x000\x1cu\xc7\x8e\
\x7f\xa8]\xf7\x03)\xe5YI\xfe\xb1u\x0f0xw\
N\xf2\x8e\xb2{\xf7\x8f\xb7\x0e\x01\x00\x00\x80Efp\
f#\xb9V\x1b\x00\xb8\xcd\xea\xae]o\xc9\xd6\xad\x8f\
H\xf2_\x93\xd4\xd6=\xc0\xa0mM\xad\xbf_\xfa\xfe\
\xa7Z\x87\x00\x00\x00\xc0\xa228\xb3\x91\xfeW\xeb\x00\
\x00`\x98\xea\x19g\x5c]\xbb\xeeEI\x9e\x92\xe4\x1f\
\x1a\xe7\x00\xc3\xb6\x9c\xe4ue\xf7\xee\xe7\xb5\x0e\x01\x00\
\x00\x80Edpf\xe3l\xd9\xf2\xe18\x95\x04\x00\x1c\
\x83\xdau\xef\xcd\x09'<*\xc9\xcb\x93\xac\xb6\xee\x01\
\x06k)\xb5\xfeN\xe9\xfb\x17\xb6\x0e\x01\x00\x00\x80E\
cpf\xc3\xd43\xcf\xdc\x97\xe4\xd2\xd6\x1d\x00\xc0\xb0\
\xd5\x97\xbc\xe4@\xed\xba33\x99<1\xc9%\xad{\
\x80\xc1*I.,\xbbw\xbf\xa0u\x08\x00\x00\x00,\
\x12\x833\x1b\xed\xc3\xad\x03\x00\x80\xc5Pw\xee\xfc@\
\x92Gg\xfd\xb4\xf3Z\xe3\x1c`\x98&\xa9\xf5\x95e\
\xf7\xee\xff\xd8:\x04\x00\x00\x00\x16\x85\xc1\x99\x8dU\xca\
\xdf\xb4N\x00\x00\x16G\xed\xba\xebk\xd7\x9d\x99R~\
0\xc9\x17[\xf7\x00\x83TR\xeb\xaf\x96\xdd\xbb\xb7\xb7\
\x0e\x01\x00\x00\x80E`pf\xa3\xfdu\xeb\x00\x00`\
\xf1\xd4]\xbb\xde\x91\xe4\xbb\x93\xbc\xa9u\x0b0P\xb5\
\x9eS\xfa\xfe\xcc\xd6\x19\x00\x00\x000t\x06g6V\
\xad\x1fk\x9d\x00\x00,\xa6\xdauW\xd6\xae\xfb\xb7I\
^\x90\xe4\x86\xd6=\xc0 \x9dW\xfa\xfee\xad#\x00\
\x00\x00`\xc8\x0c\xcel\xac\x95\x95/$\xb9\xa6u\x06\
\x00\xb0\xb8j\xd7]\x94\xe4II>\xdb\xba\x05\x18\xa4\
3J\xdf\xaf\xb4\x8e\x00\x00\x00\x80\xa128\xb3\xa1j\
\xad5\xc9%\xad;\x00\x80\xc5V\xbb\xeeCY\xbfb\
\xfb\x0fZ\xb7\x00\x83\xd4\x95\xdd\xbb\xcfh\x1d\x01\x00\x00\
\x00Cdpf\x16.n\x1d\x00\x00,\xbe\xdau\xfb\
\xb3\xb2\xf2S)\xe5\xf4$\xab\xad{\x80\x81\xa9\xf5\xbc\
\xd2\xf7\xff\xa1u\x06\x00\x00\x00\x0c\x8d\xc1\x99Yp\xc2\
\x19\x00\x98\x89Zk\xad\xbbv\xfdJ&\x93\xefKr\
E\xeb\x1e`PJ\x92\xffZ\xfa\xfe\xdf\xb7\x0e\x01\x00\
\x00\x80!183\x0bN8\x03\x003Uw\xee|\
O\x96\x96\x1e\x9f\xe4\xef[\xb7\x00\x83R\x92\xbc\xaa\xf4\
\xfd\xb3[\x87\x00\x00\x00\xc0P\x18\x9c\xd9xKK\x9f\
n\x9d\x00\x00\x8cO\xdd\xb1\xe3\xd3I\x1e\x9f\xe4M\xad\
[\x80AYN\xf2\xfb\xa5\xef\x9f\xd1:\x04\x00\x00\x00\
\x86\xc0\xe0\xcc\xc6[]\xfdl\x92\xb5\xd6\x19\x00\xc0\xf8\
\xd4\xae\xbb6++?\x9e\xa4o\xdd\x02\x0c\xca\x96$\
o*}\xff\xbd\xadC\x00\x00\x00`\xde\x19\x9c\xd9p\
\xb5\xeb\xaeOrY\xeb\x0e\x00`\x9cj\xad\xb5v\xdd\
J\x92_Hrc\xe3\x1c`8\x8eO\xf2\x96\xd2\xf7\
\x8fm\x1d\x02\x00\x00\x00\xf3\xcc\xe0\xcc\xac\xb8V\x1b\x00\
h\xaav\xddkR\xca\x0f'\xb9\xbau\x0b0\x18'\
$\xf9\xb3\xb2g\xcf\xc3[\x87\x00\x00\x00\xc0\xbc28\
3+\x06g\x00\xa0\xb9\xbak\xd7;2\x99<5\xc9\
\x97[\xb7\x00\x83qb\xd6\xd6\xdeV\xce=\xf7\xde\xad\
C\x00\x00\x00`\x1e\x19\x9c\x99\x8dR>\xd3:\x01\x00\
 I\xea\xce\x9d\x7f\x93\xa5\xa5\xc7\xc7?\x88\x03\x8e\xdc\
=s\xe8\xd0\x9f\x97\x97\xbd\xec\xce\xadC\x00\x00\x00`\
\xde\x18\x9c\x99\x95\xcf\xb5\x0e\x00\x00\xb8I\xdd\xb1\xe3\xb3\
\xd9\xb4\xe9\xc9I\xfe\xb6u\x0b0\x18\x0f\xcb\x0d7\xbc\
\xa9\x5cx\xe1\x96\xd6!\x00\x00\x000O\x0c\xce\xccF\
\xad_h\x9d\x00\x00ps\xf5\xec\xb3/\xcf\xe6\xcdO\
K\xf2\xc1\xd6-\xc0`\xfc\x1f\xb9\xea\xaaW\x97RJ\
\xeb\x10\x00\x00\x00\x98\x17\x06gfci\xc9\xe0\x0c\x00\
\xcc\x9dz\xd6Y\xff\x94\xdb\xdd\xeeiI\xde\xdd\xba\x05\
\x18\x8c\xe7eeew\xeb\x08\x00\x00\x00\x98\x17\x06g\
fcu\xf5\x8bI\xd6Zg\x00\x00|\xa3z\xdai\
\xd7\xe5v\xb7\xfb\x91\x18\x9d\x81#\xb7\xa3\xf4\xfd\x0b[\
G\x00\x00\x00\xc0<083\x13\xb5\xeb\x0e&\xb9\xa2\
u\x07\x00\xc0-\xb9\xd9\xe8\xfc\xae\xd6-\xc0`\xfcz\
\xd9\xbd\xfbG[G\x00\x00\x00@k\x06gf\xc9\xb5\
\xda\x00\xc0\xdc:<:?3\xc9{[\xb7\x00\x83\xb0\
\x94Z_W\xfa\xfe\xd1\xadC\x00\x00\x00\xa0%\x833\
\xb3dp\x06\x00\xe6Z=\xed\xb4\xeb\x92\xfcP\x92\xf7\
\xb5n\x01\x06\xe1\xf6I\xdeZ\xfa\xfe~\x8d;\x00\x00\
\x00\xa0\x19\x833\xb3ty\xeb\x00\x00\x80o\xa7v\xdd\
W\xb3e\xcb\xb3\x92|\xa4u\x0b0\x08''yk\
9\xff\xfc;\xb4\x0e\x01\x00\x00\x80\x16\x0c\xce\xcc\x92g\
8\x03\x00\x83P\xcf<s_6o~F\x92\x8b[\
\xb7\x00\x83\xf0\xf0\x1c8\xf0\xba\xd2\xf7\xdec\x03\x00\x00\
0:\xde\x0c3;\xa5\x18\x9c\x01\x80\xc1\xa8g\x9du\
E\x92\xefO\xf2\x99\xd6-\xc0 <+I\xdf:\x02\
\x00\x00\x00f\xcd\xe0\xcc\xec\xd4jp\x06\x00\x06\xa5v\
\xddeYZzF\x92/\xb7n\x01\x06a{\xd9\xbd\
\xfb\xdf\xb5\x8e\x00\x00\x00\x80Y283;N8\x03\
\x00\x03Tw\xec\xf8t\x92\x1fIrm\xeb\x16`\xee\
\x95\xd4\xfa\xda\xb2g\xcfcZ\x87\x00\x00\x00\xc0\xac\x18\
\x9c\x99\x1d'\x9c\x01\x80\x81\xaa]\xf7\xa1\x94\xf2\xec$\
\x07[\xb7\x00s\xef\xb8\xac\xad\xfd\x8fr\xdeywm\
\x1d\x02\x00\x00\x00\xb3`pfv6m28\x03\x00\
\x83Uw\xedzg\x92\x17$\xa9\xad[\x80\xb9w\xdf\
\x1c<\xf8\x07\xe5\xa2\x8b6\xb5\x0e\x01\x00\x00\x80\x8df\
pfv\x1e\xfc\xe0+\x93\xac\xb5\xce\x00\x008Z\xb5\
\xeb~;\xc9y\xad;\x80AxJ.\xbf\xfc\xffi\
\x1d\x01\x00\x00\x00\x1b\xcd\xe0\xcc\xcc\xd4m\xdbV\x93\xec\
k\xdd\x01\x00pLVVv$yc\xeb\x0c`\x10\
~\xa9\xf4\xfd\xa9\xad#\x00\x00\x00`#\x19\x9c\x995\
\xd7j\x03\x00\x83Vk\xadI\xfe}\x92\xbfn\xdd\x02\
\x0c\xc2\x85\xa5\xef\x9f\xd0:\x02\x00\x00\x006\x8a\xc1\x99\
Y38\x03\x00\x83W\xbb\xee\xab\xd9\xb4\xe9G\x92\xfc\
c\xeb\x16`\xeemN\xf2\xc6r\xdeywm\x1d\x02\
\x00\x00\x00\x1b\xc1\xe0\xcc\xac\x19\x9c\x01\x80\x85P\xcf>\
\xfb\xf2L&?\x91\xe4\x86\xd6-\xc0\xdc\xbbW\x0e\x1e\
\xfc\xfd\xb2w\xefR\xeb\x10\x00\x00\x00\x986\x833\xb3\
fp\x06\x00\x16F\xdd\xb9\xf3\x03I^\xdc\xba\x03\x18\
\x84\xa7\xe5\x92K\xcen\x1d\x01\x00\x00\x00\xd3fpf\
\xd6\x0c\xce\x00\xc0B\xa9]\xf7\x9bI~\xabu\x070\
\x00\xb5\xae\x94\xdd\xbb\xbf\xbfu\x06\x00\x00\x00L\x93\xc1\
\x99Y38\x03\x00\x8b\xe8EI>\xd4:\x02\x98{\
\x93\xd4\xfa\xba\xd2\xf7\xf7h\x1d\x02\x00\x00\x00\xd3bp\
f\xd6\xael\x1d\x00\x000m\xb5\xeb\xaeO\xb2-\xc9\
\xbe\xd6-\xc0\xdc\xbb[\x92\xd7{\x9e3\x00\x00\x00\x8b\
\xc2\xe0\xccl\x95ru\xeb\x04\x00\x80\x8dP\xbb\xees\
I~\xbeu\x070\x08O\xc9\xc5\x17\xf7\xad#\x00\x00\
\x00`\x1a\x0c\xce\xccV\xad\xd7\xb4N\x00\x00\xd8(\xb5\
\xeb\xfe(\xc9+[w\x00\x83pv\xe9\xfbg\xb5\x8e\
\x00\x00\x00\x80cepf\xb6&\x13\x833\x00\xb0\xe8\
\xfeS\x92\x8f\xb4\x8e\x00\xe6^I\xf2\xda\xd2\xf7\xf7k\
\xdc\x01\x00\x00\x00\xc7\xc4\xe0\xccl\x95\xb2\xbfu\x02\x00\
\xc0F\xaa]w}\x96\x96\x9e\x93\xe4\xba\xd6-\xc0\xdc\
\xfb\x8e$\xaf\xf3<g\x00\x00\x00\x86\xcc\xe0\xccl\xad\
\xae:\xe1\x0c\x00,\xbc\xbac\xc7%INo\xdd\x01\
\x0c\xc2\x13s\xc9%g\xb6\x8e\x00\x00\x00\x80\xa3ep\
f\xb6N8\xc1\xe0\x0c\x00\x8c\xc3\xca\xca+\x93\xfci\
\xeb\x0c`\x00j]){\xf6<\xaeu\x06\x00\x00\x00\
\x1c\x0d\x8333U_\xf2\x92\x03Inl\xdd\x01\x00\
\xb0\xd1j\xad5\xc9/$\xb9\xaau\x0b0\xf7\x96\xb3\
\xb6\xf6;\xe5\x82\x0b\x8ek\x1d\x02\x00\x00\x00\xb7\x95\xc1\
\x99\x16\xaem\x1d\x00\x000\x0b\xb5\xeb.K)\xbf\xd4\
\xba\x03\x18\x84S\xb2\x7f\xffy\xad#\x00\x00\x00\xe0\xb6\
28\xd3\xc2\xfe\xd6\x01\x00\x00\xb3Rw\xedzC\x92\
\xbd\xad;\x80A\xf8\xe5\xd2\xf7Oo\x1d\x01\x00\x00\x00\
\xb7\x85\xc1\x99\x16<\xc7\x19\x00\x18\x9b\x17&\xb9\xa2u\
\x040\xf7J\x92\xdf.}\xff\x1d\xadC\x00\x00\x00\xe0\
H\x19\x9ci\xc1\xe0\x0c\x00\x8cJ\xed\xba+\x93\x9c\xde\
\xba\x03\x18\x84{&\xf9\x8d\xd6\x11\x00\x00\x00p\xa4\x0c\
\xce\xb4\xe0Jm\x00`tj\xd7\xfdv\x92\xb7\xb7\xee\
\x00\x06\xe1\xa7K\xdf\xffT\xeb\x08\x00\x00\x008\x12\x06\
gZp\xc2\x19\x00\x18\xa7\xe5\xe5S\x93\x5c\xdb:\x03\
\x18\x84W\x96\xbe\xbfO\xeb\x08\x00\x00\x00\xf8v\x0c\xce\
\xb4\xe0\x843\x000Ju\xfb\xf6K\x93\xf4\xad;\x80\
A\xb8S\x92W\xb5\x8e\x00\x00\x00\x80o\xc7\xe0L\x0b\
N8\x03\x00c\xf6\xabI\xfe\xaeu\x040\x08?X\
\xfa\xfe9\xad#\x00\x00\x00\xe0[18\xd3\x82\xc1\x19\
\x00\x18\xad\xdau\x872\x99\xbc(Im\xdd\x02\x0c\xc2\
\xaf\x95\xbe?\xb1u\x04\x00\x00\x00\xdc\x1a\x833-\x18\
\x9c\x01\x80Q\xab;w\xfee\x927\xb4\xee\x00\x06\xe1\
\xc4$/o\x1d\x01\x00\x00\x00\xb7\xc6\xe0\xcc\xec\x95b\
p\x06\x00\xd8\xb4\xe9\xb4$\xfb[g\x00\x83\xf0\x7f\x95\
\xdd\xbb\x9f\xda:\x02\x00\x00\x00n\x89\xc1\x99\xd9\xab\xf5\
\x86\xd6\x09\x00\x00\xad\xd5\xb3\xcf\xbe<\xa5\x9c\xd3\xba\x03\
\x18\x84\x92Z\x7f\xb3\xf4\xfd\xd6\xd6!\x00\x00\x00\xf0\x8d\
\x0c\xce\xcc^)\x06g\x00\x80$\xa9\xf5\xd7\x92|\xaa\
u\x060\x08\x0fI\xb2\xbdu\x04\x00\x00\x00|#\x83\
3\xb3\xe7\x843\x00@\x92\xa4v\xdd\xc1\x18\x90\x80#\
wf\xd9\xb3\xe7Q\xad#\x00\x00\x00\xe0\xe6\x0c\xce\xcc\
\x9e\x13\xce\x00\x00\xff\xa2v\xdd\x1f$y_\xeb\x0e`\
\x10\x96\xb3\xb6\xf6\xaa\xd2\xf7\xde\xcb\x03\x00\x0007\xbc\
Ie\xf6\x9cp\x06\x00\xf8z\x93\xc9iIj\xeb\x0c\
`\x10\xfeUJyA\xeb\x08\x00\x00\x00\xb8\x89\xc1\x99\
\x16\xaeo\x1d\x00\x000O\xea\xce\x9d\x1fH\xf2\x87\xad\
;\x80\x81\xa8\xf5\xbc\xd2\xf7'\xb5\xce\x00\x00\x00\x80\xc4\
\xe0L\x1b\x07[\x07\x00\x00\xcc\xa1\x1dI\x0e\xb5\x8e\x00\
\x06\xe1\x8eI\xcem\x1d\x01\x00\x00\x00\x89\xc1\x99\x16&\
\x13Wj\x03\x00|\x83\xdau\x9fL\xf2\xbb\xad;\x80\
\xc1x~\xd9\xb3\xe7q\xad#\x00\x00\x00\xc0\xe0\xcc\xec\
\x95\xe2Jm\x00\x80[\xb2\xbc\xdc'\xf1\x8f\xf3\x80#\
1\xc9\xda\xda\xaf\x96RJ\xeb\x10\x00\x00\x00\xc6\xcd\xe0\
\xcc\xec\xad\xae\xfa&*\x00\xc0-\xa8\xdb\xb7_\x9a\xe4\
U\xad;\x80\xc1xBVV\xb6\xb5\x8e\x00\x00\x00`\
\xdc\x0c\xce\xcc\xde\xf2\xb2\xc1\x19\x00\xe0\xd6l\xda\xf4\xd2\
$_m\x9d\x01\x0c\xc6\xf9\xe5\x82\x0b\x8ek\x1d\x01\x00\
\x00\xc0x\x19\x9c\x99\xbdC\x87\x0c\xce\x00\x00\xb7\xa2\x9e\
}\xf6\x97\x93\xbc\xbau\x070\x18\xf7\xcd\xfe\xfd\xff\xb9\
u\x04\x00\x00\x00\xe3epf\xf6\x8e;\xce\xe0\x0c\x00\
\xf0\xadl\xda\xf4\xf2$\xd7\xb7\xce\x00\x06\xe3\xac\xd2\xf7\
\xf7i\x1d\x01\x00\x00\xc08\x19\x9c\x99\xbd\x03\x07\x0c\xce\
\x00\x00\xdfB=\xfb\xec\xcb\x93\xfcv\xeb\x0e`0\x8e\
OrN\xeb\x08\x00\x00\x00\xc6\xc9\xe0\xcc\xcc\xd5\xae;\
\x98\xa4\xb6\xee\x00\x00\x98s\xe7%9\xd8:\x02\x18\x8c\
\xe7\x96={\x9e\xd8:\x02\x00\x00\x80\xf118\xd3\x8a\
S\xce\x00\x00\xdfB\xed\xba\xcf'y]\xeb\x0e`0\
J\xd6\xd6^QJ)\xadC\x00\x00\x00\x18\x17\x833\
\xad8\xad\x03\x00\xf0\xed,-\x9d\x9fd\xadu\x060\
\x18\xff:}\xff\xac\xd6\x11\x00\x00\x00\x8c\x8b\xc1\x99V\
\x9cp\x06\x00\xf86\xea\x8e\x1d\x9fH\xf2'\xad;\x80\
\x01\xa9\xf5\x9c\xd2\xf7\xde\xeb\x03\x00\x0003\xde\x84\xd2\
\x8a\xc1\x19\x00\xe0HL&\xff\xa5u\x020(\x8fH\
\xf2\x93\xad#\x00\x00\x00\x18\x0f\x833\xad\x18\x9c\x01\x00\
\x8e@\xdd\xb9\xf3=I\xfe\xaau\x070(}\xe9\xfb\
\xe5\xd6\x11\x00\x00\x00\x8c\x83\xc1\x99V<\x8b\x10\x00\xe0\
\xc8\xbd\xa2u\x000(\x0fI)\xcfk\x1d\x01\x00\x00\
\xc08\x18\x9cie\xb5u\x00\x00\xc0`<\xeca\xff\
#\xc9\xe7[g\x00\x03R\xeb\xae\xd2\xf7\x9b[g\x00\
\x00\x00\xb0\xf8\x0c\xce\xb4R[\x07\x00\x00\x0cE\xdd\xb6\
m5\xc9\xabZw\x00\x83r\xbf$?\xdf:\x02\x00\
\x00\x80\xc5gp\xa6\x15'\x9c\x01\x00n\x9b\x8b\x92\x5c\
\xdf:\x02\x18\x94\x1d\xa5\xef\x8fo\x1d\x01\x00\x00\xc0b\
38\xd3\x8ag8\x03\x00\xdc\x06\xb5\xeb\xaeL\xb2\xb7\
u\x070('\xa7\x94_l\x1d\x01\x00\x00\xc0b3\
8\xd3\x8a\xc1\x19\x00\xe0\xb6\x9aL\xfe\xdf\xd6\x09\xc0\xc0\
\xd4zf9\xff\xfc;\xb4\xce\x00\x00\x00`q\x19\x9c\
i\xc5\x95\xda\x00\x00\xb7Q\xdd\xb9\xf3\x03I>\xd4\xba\
\x03\x18\x94\x13s\xe0\xc0\x8bZG\x00\x00\x00\xb0\xb8\x0c\
\xce\xb4R[\x07\x00\x00\x0cR)\xafi\x9d\x00\x0c\xce\
\x8bK\xdfom\x1d\x01\x00\x00\xc0b28\xd3\x8a+\
\xb5\x01\x00\x8eF\xad\xafOrm\xeb\x0c`P\xee\x9e\
R\x9e\xd7:\x02\x00\x00\x80\xc5dp\xa6\x15Wj\x03\
\x00\x1c\x85\xdau\xd7&\xd9\xdb\xba\x03\x18\x98Z\xcf(\
{\xf7.\xb5\xce\x00\x00\x00`\xf1\x18\x9ci\xc5\x09g\
\x00\x80\xa3\xe7Zm\xe0\xb6z`.\xb9\xe4\xd9\xad#\
\x00\x00\x00X<\x06gZ18\x03\x00\x1c\xa5\xdau\
\xff+\xc9\xc7Zw\x00\x03S\xeb\x19\xad\x13\x00\x00\x00\
X<\x06gZ18\x03\x00\x1c\x8bR^\xdb:\x01\
\x18\x9c\xc7\x95\xdd\xbb\x9f\xda:\x02\x00\x00\x80\xc5bp\
\xa6\x15\x833\x00\xc0\xb1\xa8\xf5\x0dIV[g\x00\x03\
S\xeb\xe9\xad\x13\x00\x00\x00X,\x06gZ18\x03\
\x00\x1c\x83\xdau\x97%yW\xeb\x0e`p~\xb0\xec\
\xd9\xf3=\xad#\x00\x00\x00X\x1c\x06gZq\x1a\x07\
\x00\xe0X\x95\xf2\xba\xd6\x09\xc0\x00\xad\xad\x9d\xd6:\x01\
\x00\x00\x80\xc5ap\xa6\x15'\x9c\x01\x00\x8e\xd5\xd6\xad\
\x7f\x94\xe4\xab\xad3\x80\xc1\xf9\xc9\xd2\xf7\xf7k\x1d\x01\
\x00\x00\xc0b08\xd3\x8a\xc1\x19\x00\xe0\x18\xd5\xd3O\
\xbf&\xc9\x1f\xb7\xee\x00\x06g9\xc9\x8bZG\x00\x00\
\x00\xb0\x18\x0c\xce\xb4bp\x06\x00\x98\x8e\xdfk\x1d\x00\
\x0c\xd2\xf3K\xdfom\x1d\x01\x00\x00\xc0\xf0\x19\x9ci\
\xc5\xe0\x0c\x000\x1doO\xb2\xafu\x0408'\xa6\
\x94m\xad#\x00\x00\x00\x18>\x833\xad\xac\xb6\x0e\x00\
\x00X\x04\xb5\xeb\x0e&yK\xeb\x0e`\x80j\xfd\xc5\
\xd6\x09\xa65\xffF\x00\x00 \x00IDAT\x00\x00\
\x00\x0c\x9f\xc1\x99V\x9cp\x06\x00\x98\x9e\xbd\xad\x03\x80\
Az|\xe9\xfb\xefn\x1d\x01\x00\x00\xc0\xb0\x19\x9c\x01\
\x00`\xf8\x5c\xab\x0d\x1c-\xa7\x9c\x01\x00\x008&\x06\
g\x00\x00\x188\xd7j\x03\xc7\xe09\xe5\xe5/\xbfc\
\xeb\x08\x00\x00\x00\x86\xcb\xe0\x0c\x00\x00\x8b\xa0\x947\xb7\
N\x00\x06\xe9\xf6\xb9\xfe\xfa\xe7\xb5\x8e\x00\x00\x00`\xb8\
\x0c\xce\x00\x00\xb0\x08j}G\x92\x1bZg\x00\x83\xf4\
\xc2RJi\x1d\x01\x00\x00\xc00\x19\x9c\x01\x00`\x01\
\xd4\xae\xbb6\xc9_\xb6\xee\x00\x06\xe9\x94\xac\xac<\xb9\
u\x04\x00\x00\x00\xc3dp\x06\x00\x80\xc5\xf1'\xad\x03\
\x80\xc1\xfa\xc5\xd6\x01\x00\x00\x00\x0c\x93\xc1\x19\x00\x00\x16\
\xc7\x9f\xb6\x0e\x00\x06\xeb\xd9\xa5\xef\xef\xd4:\x02\x00\x00\
\x80\xe118\x03\x00\xc0\x82\xa8]\xf7\xc9$\xff\xd0\xba\
\x03\x18\xa4\xad)e[\xeb\x08\x00\x00\x00\x86\xc7\xe0\x0c\
\x00\x00\x8b\xc5)g\xe0\xe8\xd4\xfa\xdc\xd6\x09\x00\x00\x00\
\x0c\x8f\xc1\x19\x00\x00\x16I)\x9e\xe3\x0c\x1c\xad'\x97\
s\xce\xb9\x7f\xeb\x08\x00\x00\x00\x86\xc5\xe0\x0c\x00\x00\x8b\
\xa4\xd6\xf7$\xb9\xa6u\x060H%\xab\xab?\xdd:\
\x02\x00\x00\x80a18\x03\x00\xc0\x02\xa9]w0\xc9\
;[w\x00\x83\xf5\xbc\xd6\x01\x00\x00\x00\x0c\x8b\xc1\x19\
\x00\x00\x16M)\x9e\xe3\x0c\x1c\xad\x87\x96={\x1e\xd3\
:\x02\x00\x00\x80\xe108\x03\x00\xc0\xa2\xa9\xf5O\x92\
\xd4\xd6\x19\xc0@\xad\xad=\xb7u\x02\x00\x00\x00\xc3a\
p\x06\x00\x80\x05S\xbb\xee\xb2$\x7f\xdb\xba\x03\x18\xac\
\x9f.}\xbf\xdc:\x02\x00\x00\x80a08\x03\x00\xc0\
bzo\xeb\x00`\xb0\xee\x9eR\xbe\xbfu\x04\x00\x00\
\x00\xc3`p\x06\x00\x80\xc5dp\x06\x8e^\xad\xae\xd5\
\x06\x00\x00\xe0\x88\x18\x9c\x01\x00`1\xbd7\x9e\xe3\x0c\
\x1c\xbdg\x95\x0b.8\xaeu\x04\x00\x00\x00\xf3\xcf\xe0\
\x0c\x00\x00\x0b\xa8v\xddW\x92|\xa2u\x070X\xb7\
\xcf5\xd7<\xbdu\x04\x00\x00\x00\xf3\xcf\xe0\x0c\x00\x00\
\x8b\xcb\xb5\xda\xc0\xd1\xab\xf5G['\x00\x00\x000\xff\
\x0c\xce\x00\x00\xb0\xa8J18\x03\xc7\xe2\x99e\xef\xde\
\xa5\xd6\x11\x00\x00\x00\xcc7\x833\x00\x00,\xaaZ\xdf\
\xd3:\x01\x18\xb4\xbb\xe5\xe3\x1f\x7fB\xeb\x08\x00\x00\x00\
\xe6\x9b\xc1\x19\x00\x00\x16T\xed\xba\x7fL\xf2\xd9\xd6\x1d\
\xc0\x80\xad\xad\xb9V\x1b\x00\x00\x80o\xc9\xe0\x0c\x00\x00\
\x8b\xcd\xb5\xda\xc0\xb1xv\xeb\x00\x00\x00\x00\xe6\x9b\xc1\
\x19\x00\x00\x16\x9b\xc1\x198\x16\x0f,{\xf6<\xb2u\
\x04\x00\x00\x00\xf3\xcb\xe0\x0c\x00\x00\x8b\xcd\xe0\x0c\x1c\x9b\
Z\x9dr\x06\x00\x00\xe0V\x19\x9c\x01\x00`\x81\xd5\xae\
\xfbT\x92\xcbZw\x00\x03V\xab\xe78\x03\x00\x00p\
\xab\x0c\xce\x00\x00\xb0\xf8\xde\xdf:\x00\x18\xb4G\x97s\
\xcf\xbdw\xeb\x08\x00\x00\x00\xe6\x93\xc1\x19\x00\x00\x16]\
)\x1fn\x9d\x00\x0cZ\xc9\xa1C\xcfl\x1d\x01\x00\x00\
\xc0|28\x03\x00\xc0\xa2\xab\xd5\xe0\x0c\x1c\xab\xa7\xb7\
\x0e\x00\x00\x00`>\x19\x9c\x01\x00`\xd1m\xd9\xf2\xe1\
$\xb5u\x060hO-{\xf7.\xb5\x8e\x00\x00\x00\
`\xfe\x18\x9c\x01\x00`\xc1\xd53\xcf\xdc\x97\xe4\xd2\xd6\
\x1d\xc0\xa0\xdd)\x1f\xff\xf8c[G\x00\x00\x000\x7f\
\x0c\xce\x00\x000\x0e\xae\xd5\x06\x8eM\xad\xae\xd5\x06\x00\
\x00\xe0\x9b\x18\x9c\x01\x00`\x1c\xfe\xbau\x000p\xb5\
~_\xeb\x04\x00\x00\x00\xe6\x8f\xc1\x19\x00\x00\xc6\xc1\xe0\
\x0c\x1c\xab'\x96W\xbc\xe2v\xad#\x00\x00\x00\x98/\
\x06g\x00\x00\x18\x87\x0f\xb5\x0e\x00\x06os\xae\xbb\xee\
\xc9\xad#\x00\x00\x00\x98/\x06g\x00\x00\x18\x81\xdau\
W&\xf9B\xeb\x0e`\xf0\x5c\xab\x0d\x00\x00\xc0\xd71\
8\x03\x00\xc0x\xb8V\x1b8VOo\x1d\x00\x00\x00\
\xc0|18\x03\x00\xc0x\x18\x9c\x81c\xf5\xa8\xf2\xd2\
\x97\xde\xbdu\x04\x00\x00\x00\xf3\xc3\xe0\x0c\x00\x00cQ\
\xca\x87['\x00\x83Wr\xe3\x8dOm\x1d\x01\x00\x00\
\xc0\xfc08\x03\x00\xc0X\xd4\xfa7\xad\x13\x80\x85\xf0\
\xbd\xad\x03\x00\x00\x00\x98\x1f\x06g\x00\x00\x18\x89\xdau\
\x97%\xd9\xd7\xba\x03\x18\xbc\xc7\xb7\x0e\x00\x00\x00`~\
\x18\x9c\x01\x00`\x5c>\xd1:\x00\x18\xbcG\x96\xbe\xbf\
}\xeb\x08\x00\x00\x00\xe6\x83\xc1\x19\x00\x00\xc6\xc5\xe0\x0c\
\x1c\xab\xa5$\x8fm\x1d\x01\x00\x00\xc0|08\x03\x00\
\xc0\x98\x94bp\x06\x8e])\xae\xd5\x06\x00\x00 \x89\
\xc1\x19\x00\x00\xc6\xe6\xe3\xad\x03\x80\x05P\xeb\xbfn\x9d\
\x00\x00\x00\xc0|08\x03\x00\xc0\x98L&\x06g`\
\x1a\x0c\xce\x00\x00\x00$18\x03\x00\xc0\xb8\xdc\xedn\
\x9fJrc\xeb\x0c`\xf0\xeeV\xfa\xfe\x01\xad#\x00\
\x00\x00h\xcf\xe0\x0c\x00\x00#RO=\xf5\xc6$\x9f\
m\xdd\x01,\x04\xa7\x9c\x01\x00\x0008\x03\x00\xc0\x08\
\xb9V\x1b\x98\x06\x833\x00\x00\x00\x06g\x00\x00\x18!\
\x8330\x0d\x8fo\x1d\x00\x00\x00@{\x06g\x00\x00\
\x18\x9bR\x0c\xce\xc04<\xaa\x5cp\xc1q\xad#\x00\
\x00\x00h\xcb\xe0\x0c\x00\x00cS\xeb'Z'\x00\x0b\
aS\xf6\xef\x7fx\xeb\x08\x00\x00\x00\xda28\x03\x00\
\xc0\xf88\xe1\x0cL\xcbw\xb5\x0e\x00\x00\x00\xa0-\x83\
3\x00\x00\x8cL\xed\xba\xab\x92\x5c\xd1\xba\x03X\x08\x8f\
l\x1d\x00\x00\x00@[\x06g\x00\x00\x18\xa7K[\x07\
\x00\x0b\xc1\x09g\x00\x00\x80\x9138\x03\x00\xc08}\
\xbeu\x00\xb0\x10\x0c\xce\x00\x00\x00#gp\x06\x00\x80\
q28\x03\xd3pb\xe9\xfb\x93ZG\x00\x00\x00\xd0\
\x8e\xc1\x19\x00\x00\xc6\xe9\x0b\xad\x03\x80\x85\xe1\x943\x00\
\x00\xc0\x88\x19\x9c\x01\x00`\x8cJ18\x03\xd3bp\
\x06\x00\x00\x181\x833\x00\x00\x8cQ)\xae\xd4\x06\xa6\
\xe5\x91\xad\x03\x00\x00\x00h\xc7\xe0\x0c\x00\x00c\xb4\xb4\
dp\x06\xa6\xc5\xe0\x0c\x00\x000b\x06g\x00\x00\x18\
\xa3\xed\xdb\xbf\x94\xe4\x86\xd6\x19\xc0BxX\xe9\xfb\xe5\
\xd6\x11\x00\x00\x00\xb4ap\x06\x00\x80\x11\xaa\xb5\xd6$\
_l\xdd\x01,\x84-I\x1e\xd2:\x02\x00\x00\x806\
\x0c\xce\x00\x000^\xae\xd5\x06\xa6\xa3\x94\x07\xb7N\x00\
\x00\x00\xa0\x0d\x833\x00\x00\x8c\x97\xc1\x19\x98\x96\x07\xb4\
\x0e\x00\x00\x00\xa0\x0d\x833\x00\x00\x8c\x97\xc1\x19\x98\x8e\
Z\x1f\xd8:\x01\x00\x00\x806\x0c\xce\x00\x000^_\
h\x1d\x00,\x0c'\x9c\x01\x00\x00F\xca\xe0\x0c\x00\x00\
cU\x8a\xc1\x19\x98\x16'\x9c\x01\x00\x00F\xca\xe0\x0c\
\x00\x00cU\xcae\xad\x13\x80\x85q\xbf\xb2w\xefR\
\xeb\x08\x00\x00\x00f\xcf\xe0\x0c\x00\x00c5\x99\x5c\xd9\
:\x01X\x18\x9b\xf3\xc9O\xde\xabu\x04\x00\x00\x00\xb3\
gp\x06\x00\x80\xb1:t\xe8\x8a$\xb5u\x06\xb0 \
VW=\xc7\x19\x00\x00`\x84\x0c\xce\x00\x000R\xb5\
\xeb\x0e&\xb9\xa6u\x07\xb0 j\xf5\x1cg\x00\x00\x80\
\x1128\x03\x00\xc0\xb8\xb9V\x1b\x98\x16\x833\x00\x00\
\xc0\x08\x19\x9c\x01\x00`\xdc\xaeh\x1d\x00,\x0cWj\
\x03\x00\x00\x8c\x90\xc1\x19\x00\x00\xc6\xcd\x09g`Z\x9c\
p\x06\x00\x00\x18!\x833\x00\x00\x8c\x9b\x13\xce\xc0\xb4\
\xdc\xa7u\x00\x00\x00\x00\xb3gp\x06\x00\x80q38\
\x03\xd3rb\xb9\xe8\xa2M\xad#\x00\x00\x00\x98-\x83\
3\x00\x00\x8c\x9b+\xb5\x81i)\xb9\xe2\x8a\xbb\xb5\x8e\
\x00\x00\x00`\xb6\x0c\xce\x00\x000n\x06g`z\x0e\
\x1d:\xb9u\x02\x00\x00\x00\xb3ep\x06\x00\x801+\
\xc5\x95\xda\xc04\x9d\xd4:\x00\x00\x00\x80\xd928\x03\
\x00\xc0\x98\x95\xe2\x8430=\xa58\xe1\x0c\x00\x000\
2\x06g\x00\x00\x18\xb3\xb55'\x9c\x81ir\xc2\x19\
\x00\x00`d\x0c\xce\x00\x000nN8\x03\xd3S\xab\
\xc1\x19\x00\x00`d\x0c\xce\x00\x000f++W'\
Yk\x9d\x01,\x0cWj\x03\x00\x00\x8c\x8c\xc1\x19\x00\
\x00F\xac\xd6Z\x93\x1ch\xdd\x01,\x0c'\x9c\x01\x00\
\x00F\xc6\xe0\x0c\x00\x00\x5c\xdb:\x00X\x18N8\x03\
\x00\x00\x8c\x8c\xc1\x19\x00\x0008\x03\xd3rr)\xa5\
\xb4\x8e\x00\x00\x00`v\x0c\xce\x00\x00\x80\xc1\x19\x98\x96\
-y\xd9\xcbNh\x1d\x01\x00\x00\xc0\xec\x18\x9c\x01\x00\
\x00\x8330=\x87\x0e\x19\x9c\x01\x00\x00F\xc4\xe0\x0c\
\x00\x00\x18\x9c\x81\xe99t\xe8\x8e\xad\x13\x00\x00\x00\x98\
\x1d\x833\x00\x00`p\x06\xa6\xc9\x09g\x00\x00\x80\x11\
18\x03\x00\x00\xd7\xb5\x0e\x00\x16\x8a\xc1\x19\x00\x00`\
D\x0c\xce\x00\x00\x80\x13\xce\xc0\xf4\x94\xe2Jm\x00\x00\
\x80\x1118\x03\x00\x00\x06g`\x9a\x9cp\x06\x00\x00\
\x18\x11\x833\x00\x00\xe0Jm`\x9a\x0c\xce\x00\x00\x00\
#bp\x06\x00\x00\x9cp\x06\xa6\xa7V\x833\x00\x00\
\xc0\x88\x18\x9c\x01\x00\x00\x8330M\x06g\x00\x00\x80\
\x1118\x03\x00\x00\x06g`\x9a\xee\xd8:\x00\x00\x00\
\x80\xd918\x03\x00\xc0\xd8\x95\xe2\x19\xce\xc04\x19\x9c\
\x01\x00\x00F\xc4\xe0\x0c\x00\x00\x1cj\x1d\x00,\x94;\
\xb4\x0e\x00\x00\x00`v\x0c\xce\x00\x00\x80\xc1\x19\x98\xa6\
\xe3[\x07\x00\x00\x000;\x06g\x00\x00\xc0\xe0\x0cL\
\xd3\xa6\xd6\x01\x00\x00\x00\xcc\x8e\xc1\x19\x00\x00\xc6\xae\x14\
\x8330M\x06g\x00\x00\x80\x1118\x03\x00\x00\x06\
g`\x9a\x0c\xce\x00\x00\x00#bp\x06\x00\x00\x0c\xce\
\xc04\x19\x9c\x01\x00\x00F\xc4\xe0\x0c\x00\x00\x18\x9c\x81\
iZn\x1d\x00\x00\x00\xc0\xec\x18\x9c\x01\x00\x00\x833\
0MN8\x03\x00\x00\x8c\x88\xc1\x19\x00\x00\xc6nm\
m\xb5u\x02\xb0P\x0c\xce\x00\x00\x00#bp\x06\x00\
\x00\x9cp\x06\xa6\xc9\xe0\x0c\x00\x000\x22\x06g\x00\x00\
\xc0\xe0\x0cL\x93\xc1\x19\x00\x00`D\x0c\xce\x00\x00\x80\
\xc1\x19\x98&\x833\x00\x00\xc0\x88\x18\x9c\x01\x00\x00\x83\
30M\xcb\xad\x03\x00\x00\x00\x98\x1d\x833\x00\x00`\
p\x06\xa6\xc9\x09g\x00\x00\x80\x1118\x03\x00\x00\x06\
g\x00\x00\x00\x00\x8e\x8a\xc1\x19\x00\x00\xc6n\xcb\x96\xd5\
\xd6\x09\xc0B\xf1\xff\x14\x00\x00\x80\x1118\x03\x00\xc0\
\xd8\xd5\xea}\x010M\x06g\x00\x00\x80\x11\xf1\x8d%\
\x00\x00\x18\xbb\x83\x07\x97Z'\x00\x0b\xc5\xe0\x0c\x00\x00\
0\x22\x06g\x00\x00\x18\xbbM\x9b\x0c\xce\xc04\x19\x9c\
\x01\x00\x00F\xc4\xe0\x0c\x00\x00cW\xebr\xeb\x04`\
\xa1\x18\x9c\x01\x00\x00F\xc4\xe0\x0c\x00\x00cw\xe8\x90\
\x13\xce\xc04\x19\x9c\x01\x00\x00F\xc4\xe0\x0c\x00\x00c\
\xb7\xb4dp\x06\xa6\xe9P\xeb\x00\x00\x00\x00f\xc7\xe0\
\x0c\x00\x00c\xb7\xbajp\x06\xa6\xe9\x86\xd6\x01\x00\x00\
\x00\xcc\x8e\xc1\x19\x00\x00\xc6\xce\x09g`\xba\x0e\xb4\x0e\
\x00\x00\x00`v\x0c\xce\x00\x000vN8\x03\xd3e\
p\x06\x00\x00\x18\x11\x833\x00\x00\x8c\xdddbp\x06\
\xa6\xe9\xfa\xd6\x01\x00\x00\x00\xcc\x8e\xc1\x19\x00\x00Xn\
\x1d\x00,\x14'\x9c\x01\x00\x00F\xc4\xe0\x0c\x00\x00l\
m\x1d\x00,\x14\x833\x00\x00\xc0\x88\x18\x9c\x01\x00`\
\xec\xd6\xd6\x8ek\x9d\x00,\x14\x833\x00\x00\xc0\x88\x18\
\x9c\x01\x00`\xecJ18\x03\xd3dp\x06\x00\x00\x18\
\x11\x833\x00\x00\x8c]\xad\x06g`\x9a\xaen\x1d\x00\
\x00\x00\xc0\xec\x18\x9c\x01\x00\x80\xe3[\x07\x00\x0be\x7f\
\xeb\x00\x00\x00\x00f\xc7\xe0\x0c\x00\x00c\xe7Jm`\
\x9aJq\xc2\x19\x00\x00`D\x0c\xce\x00\x000v\xae\
\xd4\x06\xa6\xa9V\x833\x00\x00\xc0\x88\x18\x9c\x01\x00`\
\xec\x9cp\x06\xa6\xc9\x09g\x00\x00\x80Q18\x03\x00\
\xc0\xd89\xe1\x0cL\x93\x13\xce\x00\x00\x00\xa3bp\x06\
\x00\x00\x0c\xce\xc0\xf4L&\x06g\x00\x00\x80\x1118\
\x03\x00\x00\xc7\xb7\x0e\x00\x16\xc8\xda\xda\xbe\xd6\x09\x00\x00\
\x00\xcc\x8e\xc1\x19\x00\xe0\xffg\xef\xde\x83-?\xeb:\
\xdf\x7f\x9e\xdd\x9dN\x22!\x81pK\xb8\xe8\xa0\x0c\x8c\
=\x8a\xe3\xc1\xf1r\x80\x02\x8f:G\xea\xa038\x13\
\x07\x88Q\x84\xa2\x054\x0a\x12!\xb1\xb3\xd7o\xff\xba\
;W\xc1\x18\xe0\x842\x8arKT\x1a\x15\x0a\x1cd\
D=#\xc2\xa0\x0e\x02\xa2A\xc5\x81\xe1&\x8c`\x80\
\x18 Iw\xef\xe7\xfc\xd1\xe1&\x09\xa4\xbbW\xef\xef\
\xfa\xad\xf5zU\xad\xea\xdeIU\xf7\xfb\xaf\xd4\xae\xfd\
\xc9\xf3<\xc0]\xaa\x03\x80\xa5\xf2\x0f\xd5\x01\x00\x00\x00\
l\x1d\x833\x00\x00`p\x06\xe6e3;w:\xe1\
\x0c\x00\x00\xb0B\x0c\xce\x00\x00\x80\xc1\x19\x98\x97\xeb\xfb\
Yg\x1d\xaa\x8e\x00\x00\x00`\xeb\x18\x9c\x01\x00\x00\x83\
30/\x1f\xad\x0e\x00\x00\x00`k\x19\x9c\x01\x00\x00\
\x8330/\x06g\x00\x00\x80\x15cp\x06\x00\x00\x0c\
\xce\xc0\xbc\x18\x9c\x01\x00\x00V\x8c\xc1\x19\x00\x00VX\
{\xfe\xf3OLrRu\x07\xb04>V\x1d\x00\x00\
\x00\xc0\xd628\x03\x00\xc0*\xbb\xfe\xfa\xbbV'\x00\
K\xe5\xef\xab\x03\x00\x00\x00\xd8Z\x06g\x00\x00Xm\
\xae\xd3\x06\xe6\xe9\x83\xd5\x01\x00\x00\x00l-\x833\x00\
\x00\xac6\x8330?\xad}\xa8:\x01\x00\x00\x80\xad\
ep\x06\x00\x80U\xd6\x9a+\xb5\x81\xf9i\xcd\x95\xda\
\x00\x00\x00+\xc6\xe0\x0c\x00\x00\xab\xed\x8c\xea\x00`\x89\
ln~\xa0:\x01\x00\x00\x80\xadep\x06\x00\x80U\
\xd6\xfb\xbd\xaa\x13\x80\xa5\xf1\xa9>\x0c\x9f\xa8\x8e\x00\x00\
\x00`k\x19\x9c\x01\x00`\xb5\xdd\xb3:\x00X\x1a\xde\
o\x06\x00\x00XA\x06g\x00\x00Xm\x06g`^\
\x5c\xa7\x0d\x00\x00\xb0\x82\x0c\xce\x00\x00\xb0\xda\x5c\xa9\x0d\
\xcc\xcb{\xaa\x03\x00\x00\x00\xd8z\x06g\x00\x00Xm\
\x06g`>Z{ou\x02\x00\x00\x00[\xcf\xe0\x0c\
\x00\x00\xab\xcd\xe0\x0c\xccG\xef\x06g\x00\x00\x80\x15d\
p\x06\x00\x80\x15\xd5\xf6\xef\xdf\x96\xe4n\xd5\x1d\xc0\xd2\
p\xa56\x00\x00\xc0\x0a28\x03\x00\xc0\xaaz\xf7\xbb\
\xef\x9ed[u\x06\xb04\x0c\xce\x00\x00\x00+\xc8\xe0\
\x0c\x00\x00\xab\xea\xc0\x01\xd7i\x03\xf3\xf2O}\x18>\
V\x1d\x01\x00\x00\xc0\xd638\x03\x00\xc0\xaaj\xed~\
\xd5\x09\xc0\xd2p\xba\x19\x00\x00`E\x19\x9c\x01\x00`\
U\xf5\xfe5\xd5\x09\xc0\xd2\xf8\x9b\xea\x00\x00\x00\x00j\
\x18\x9c\x01\x00`u9\xe1\x0c\xcc\xcb_W\x07\x00\x00\
\x00P\xc3\xe0\x0c\x00\x00\xab\xcb\x09g`>Z38\
\x03\x00\x00\xac(\x833\x00\x00\xac\xae\xaf\xae\x0e\x00\x96\
\x84\xc1\x19\x00\x00`e\x19\x9c\x01\x00`u\x19\x9c\x81\
y\xd8\xcc\xc9'\xffmu\x04\x00\x00\x005\x0c\xce\x00\
\x00\xb0\x82\xda8nOrfu\x07\xb0\x14\xde\xdf\xcf\
;\xefS\xd5\x11\x00\x00\x00\xd408\x03\x00\xc0*\xda\
\xbe\xfd>I\xb6Wg\x00K\xc1u\xda\x00\x00\x00+\
\xcc\xe0\x0c\x00\x00\xab\xe8\xe0\xc1\xaf\xa9N\x00\x96\xc6_\
V\x07\x00\x00\x00P\xc7\xe0\x0c\x00\x00\xab\xc9\xfb\xcd\xc0\
|\xb4\xf6\x17\xd5\x09\x00\x00\x00\xd418\x03\x00\xc0j\
\xfa\x97\xd5\x01\xc0\x92h\xed\xed\xd5\x09\x00\x00\x00\xd41\
8\x03\x00\xc0j28\x03\xf3pK67\xff\xa6:\
\x02\x00\x00\x80:\x06g\x00\x00XM\x0f\xac\x0e\x00\x96\
\xc2\xbb\xfa0\xdcR\x1d\x01\x00\x00@\x1d\x833\x00\x00\
\xac\xa6\x07T\x07\x00K\xe1\x1d\xd5\x01\x00\x00\x00\xd42\
8\x03\x00\xc0\x8ai\xe3xF\x92\xd3\xaa;\x80\xa5`\
p\x06\x00\x00Xq\x06g\x00\x00X5kk\xdeo\
\x06\xe6\xe5\xed\xd5\x01\x00\x00\x00\xd428\x03\x00\xc0\xaa\
\xd9\xdc|Pu\x02\xb0\x146\x93\xfc\x8f\xea\x08\x00\x00\
\x00j\x19\x9c\x01\x00`\xf58\xe1\x0c\xcc\xc3_\xf7a\
\xb8\xa1:\x02\x00\x00\x80Z\x06g\x00\x00X=\x06g\
`\x1e\xfe\xa4:\x00\x00\x00\x80z\x06g\x00\x00X=\
\xae\xd4\x06\xe6\xc1u\xda\x00\x00\x00\x18\x9c\x01\x00`\x95\
\xb4\xe7?\xff\xc4$\x0f\xac\xee\x00\x96\xc0\xda\x9a\x13\xce\
\x00\x00\x00\x18\x9c\x01\x00`\xa5\x5c\x7f\xfd\xbfN\xb2\xbd\
:\x03\x98\xbc\x9b\xb2\xb9\xf9\xce\xea\x08\x00\x00\x00\xea\x19\
\x9c\x01\x00`\x95\xb4\xf6\x8d\xd5\x09\xc0Rx[\x1f\x86\
[\xaa#\x00\x00\x00\xa8gp\x06\x00\x80U\xd2\xfb\x83\
\xab\x13\x80\xa5\xf0\xc6\xea\x00\x00\x00\x00\x16\x83\xc1\x19\x00\
\x00V\x8b\xc1\x19\x98\x07\x833\x00\x00\x00I\x0c\xce\x00\
\x00\xb0j\x0c\xce\xc0\xb1\xeaI\xde\x5c\x1d\x01\x00\x00\xc0\
b08\x03\x00\xc0\x8ah\xe3xF\x92{Vw\x00\
\x93\xf7\x97}\x18\xae\xaf\x8e\x00\x00\x00`1\x18\x9c\x01\
\x00`U\xb4\xf6\x8d\xd5\x09\xc0Rp\x9d6\x00\x00\x00\
\x9fcp\x06\x00\x80U\xd1\xbb\xc1\x198v\xad\xfdq\
u\x02\x00\x00\x00\x8b\xc3\xe0\x0c\x00\x00\xab\xe3!\xd5\x01\
\xc0\x12\xd8\xb6\xed\x8f\xaa\x13\x00\x00\x00X\x1c\x06g\x00\
\x00X\x1d\xdfV\x1d\x00L\xde\xbb\xfa\xee\xdd\x1f\xaa\x8e\
\x00\x00\x00`q\x18\x9c\x01\x00`\x05\xb4q<=\xc9\
\xd7Vw\x00\x93\xf7\x86\xea\x00\x00\x00\x00\x16\x8b\xc1\x19\
\x00\x00VAk\xdf\x96\xa4Ug\x00\x93gp\x06\x00\
\x00\xe0\x8b\x18\x9c\x01\x00`5|ku\x000y\x07\
s\xd2I\xff\xad:\x02\x00\x00\x80\xc5bp\x06\x00\x80\
U\xd0\xfb\xbf\xadN\x00&\xefO\xfb\xb3\x9f\xfd\xc9\xea\
\x08\x00\x00\x00\x16\x8b\xc1\x19\x00\x00V\x83\xc1\x198V\
\xae\xd3\x06\x00\x00\xe0K\x18\x9c\x01\x00`\xc9\xb5}\xfb\
\xee\x9f\xe4\x9e\xd5\x1d\xc0\xe4\xfd^u\x00\x00\x00\x00\x8b\
\xc7\xe0\x0c\x00\x00\xcb\xee\xd0\xa1o\xabN\x00&\xef\xfa\
$o\xa9\x8e\x00\x00\x00`\xf1\x18\x9c\x01\x00`\xf9}\
{u\x000y\xaf\xef\xc3p\xb0:\x02\x00\x00\x80\xc5\
cp\x06\x00\x80\xe5\xf7\x88\xea\x00`\xf2^[\x1d\x00\
\x00\x00\xc0b28\x03\x00\xc0\x12k\xe3xz\x92\x07\
Ww\x00\x93v(;v\xbc\xbe:\x02\x00\x00\x80\xc5\
dp\x06\x00\x80e\xd6\xda\xc3\xe3\xfb~\xe0\xd8\xbc\xb9\
_p\xc1?VG\x00\x00\x00\xb0\x98\xfc\xe0\x09\x00\x00\
\x96Y\xef\xae\xd3\x06\x8eMk\xbfS\x9d\x00\x00\x00\xc0\
\xe228\x03\x00\xc0r{du\x000q\xady\xbf\
\x19\x00\x00\x80\xdbep\x06\x00\x80%\xd5.\xbb\xec\xb4\
x\xbf\x1986\x7f\xdb\xd7\xd7\xff\xaa:\x02\x00\x00\x80\
\xc5ep\x06\x00\x80eu\xd3M\x8fH\xb2\xad:\x03\
\x98\xb4\xfd\xd5\x01\x00\x00\x00,6\x833\x00\x00,/\
\xef7\x03\xc7fm\xed7\xab\x13\x00\x00\x00Xl\x06\
g\x00\x00X^\xffWu\x000i\xef\xe9\xeb\xebo\
\xab\x8e\x00\x00\x00`\xb1\x19\x9c\x01\x00`\x09\xb5\x8b/\
>3\xc97Uw\x00\x93\xf6\xca\xea\x00\x00\x00\x00\x16\
\x9f\xc1\x19\x00\x00\x96\xd1\x81\x03\x8fJ\xd2\xaa3\x80I\
s\x9d6\x00\x00\x00_\x91\xc1\x19\x00\x00\x96\xd3\xf7V\
\x07\x00\x93\xf6\xbell\xfcYu\x04\x00\x00\x00\x8b\xcf\
\xe0\x0c\x00\x00K\xa6\xed\xdf\xbf-\xc9wUw\x00\x93\
vm\xef\xbdWG\x00\x00\x00\xb0\xf8\x0c\xce\x00\x00\xb0\
l\xae\xbb\xee;\x92\x9c^\x9d\x01L\xda\xb5\xd5\x01\x00\
\x00\x00L\x83\xc1\x19\x00\x00\x96\xcf\xa3\xaa\x03\x80I{\
G\x1f\x86\xbf\xac\x8e\x00\x00\x00`\x1a\x0c\xce\x00\x00\xb0\
|\x0c\xce\xc0\xd1k\xed\x9a\xea\x04\x00\x00\x00\xa6\xc3\xe0\
\x0c\x00\x00K\xa4\x8d\xe3\x19I\xfeMu\x070Y=\
\xdb\xb6\xbd\xa2:\x02\x00\x00\x80\xe908\x03\x00\xc0r\
\xf9\xfe$\xad:\x02\x98\xac?\xea\xbbw\xbf\xaf:\x02\
\x00\x00\x80\xe908\x03\x00\xc0r\xf9\x8f\xd5\x01\xc0\xa4\
\xbd\xb8:\x00\x00\x00\x80i18\x03\x00\xc0\x92h\xe3\
x\x97$\x8f\xac\xee\x00&\xeb\xc6$\xaf\xac\x8e\x00\x00\
\x00`Z\x0c\xce\x00\x00\xb0<\xfeC\x92\x1d\xd5\x11\xc0\
d\xfdZ\x1f\x86\x1b\xab#\x00\x00\x00\x98\x16\x833\x00\
\x00,\x0f\xd7i\x03Gom\xedE\xd5\x09\x00\x00\x00\
L\x8f\xc1\x19\x00\x00\x96@\xbb\xfc\xf2;'\xf9\xee\xea\
\x0e`\xb2\xfe\xba\xaf\xaf\xffIu\x04\x00\x00\x00\xd3c\
p\x06\x00\x80e\xf0\x99\xcf|_\x92\x93\xaa3\x80\x89\
j\xed\xea\xea\x04\x00\x00\x00\xa6\xc9\xe0\x0c\x00\x00\xcb\xe1\
\x07\xaa\x03\x80\xc9\xba9'\x9c\xf0\xf2\xea\x08\x00\x00\x00\
\xa6\xc9\xe0\x0c\x00\x00\x13\xd7\xc6\xf1\x94$\x8f\xaa\xee\x00\
&\xeb\x95\xfd\x82\x0b>Z\x1d\x01\x00\x00\xc04\x19\x9c\
\x01\x00`\xeaZ\xfb\x8fI\xbe\xaa:\x03\x98\xac\x17T\
\x07\x00\x00\x000]\x06g\x00\x00\x98\xba\xde\xcf\xa9N\
\x00&\xeb\xed}\x18\xdeR\x1d\x01\x00\x00\xc0t\x19\x9c\
\x01\x00`\xc2\xdaE\x17\xdd'\xc9#\xab;\x80\xc9z\
~u\x00\x00\x00\x00\xd3fp\x06\x00\x80);x\xf0\
\x9c$\xdb\xaa3\x80I\xfaD\x92_\xaf\x8e\x00\x00\x00\
`\xda\x0c\xce\x00\x000mgW\x07\x00\x93\xf5\xa2>\
\x0c\x9f\xae\x8e\x00\x00\x00`\xda\x0c\xce\x00\x000Qm\
\x1c\xbf%\xc97Tw\x00\x93t(\xc9U\xd5\x11\x00\
\x00\x00L\x9f\xc1\x19\x00\x00\xa6\xeb\x9c\xea\x00`\xb2~\
\xb3\x0f\xc3{\xaa#\x00\x00\x00\x98>\x833\x00\x00L\
P\x1b\xc7\x1dI\x1eW\xdd\x01L\xd4\xda\xda\xcfW'\
\x00\x00\x00\xb0\x1c\x0c\xce\x00\x000M?\x90\xe4\x1e\xd5\
\x11\xc0$\xfdQ__\xff\x93\xea\x08\x00\x00\x00\x96\x83\
\xc1\x19\x00\x00\xa6\xe9\xa9\xd5\x01\xc0d=\xb7:\x00\x00\
\x00\x80\xe5ap\x06\x00\x80\x89i\xe3\xb83\xc9\xc3\xab\
;\x80I\xfa\xdb$\xaf\xad\x8e\x00\x00\x00`yl\xaf\
\x0e\x00\x00\x00\x8e\xd8\xd3\x92\xb4\xea\x08`\x82Z\xfb\xf9\
>\x9bmVg\x00\x00\x00\xb0<\x9cp\x06\x00\x80\x09\
i\xe3xJ\x92s\xaa;\x80I\xfapz\x7fIu\
\x04\x00\x00\x00\xcb\xc5\xe0\x0c\x00\x00S\xd2\xda9IN\
\xad\xce\x00&\xa8\xb5\xcb\xfa0\xdcT\x9d\x01\x00\x00\xc0\
r18\x03\x00\xc0\x94\xf4\xfe\x94\xea\x04`\x92>\x96\
\xaf\xfa\xaa_\xae\x8e\x00\x00\x00`\xf9\x18\x9c\x01\x00`\
\x22\xda8>,\xc9\x83\xab;\x80\x09j\xed9\xfd\xbc\
\xf3>U\x9d\x01\x00\x00\xc0\xf218\x03\x00\xc0t<\
\xb3:\x00\x98\xa4\xebs\xd2IWUG\x00\x00\x00\xb0\
\x9c\x0c\xce\x00\x000\x01m\xdf\xbe\x07%\xf9\xfe\xea\x0e\
`\x92\xae\xec\xcfz\xd6?UG\x00\x00\x00\xb0\x9c\x0c\
\xce\x00\x000\x05\x87\x0e=3\xbe\x7f\x07\x8e\xdc\xf5I\
\x9eW\x1d\x01\x00\x00\xc0\xf2\xf2\x03+\x00\x00Xp\xed\
\xe2\x8b\xef\x95\xe4\x9c\xea\x0e`\x92~\xae\x0f\xc3'\xaa\
#\x00\x00\x00X^\x06g\x00\x00Xt\x07\x0e<=\
\xc9I\xd5\x19\xc0\xe4|4\xc9\x0b\xaa#\x00\x00\x00X\
n\xdb\xab\x03\x00\x00\x80\xdb\xd7.\xbf\xfc\xceI\x9eR\
\xdd\x01LPk{\xfblvcu\x06\x00\x00\x00\xcb\
\xcd\x09g\x00\x00Xd7\xdd\xb4+\xc9]\xaa3\x80\
\xc9y\x7f\xeez\xd7\xab\xab#\x00\x00\x00X~\x06g\
\x00\x00XP\xed\xf9\xcf?1\xbd?\xbd\xba\x03\x98\xa4\
\xb1\x9f{\xee\xcd\xd5\x11\x00\x00\x00,?\x833\x00\x00\
,\xaa\x8f\x7f|W\x92\xfbVg\x00\x93\xf3\xd7I^\
Z\x1d\x01\x00\x00\xc0j\xf0\x863\x00\x00,\xa06\x8e\
'%yvu\x070A\xad=\xab\xcff\x07\xab3\
\x00\x00\x00X\x0dN8\x03\x00\xc0b\xfa\x89$\xf7\xa9\
\x8e\x00&\xe7\xff\xeb\xb3\xd9k\xaa#\x00\x00\x00X\x1d\
\x06g\x00\x00X0m\x1cOI\xf23\xd5\x1d\xc0\xe4\
lfm\xed\xbc\xea\x08\x00\x00\x00V\x8b\xc1\x19\x00\x00\
\x16Mk?\x95\xe4\x9e\xd5\x19\xc0\xe4\xbc\xbc\xaf\xaf\xbf\
\xb5:\x02\x00\x00\x80\xd5bp\x06\x00\x80\x05\xd2.\xbb\
\xec\xb4\xf4\xfe\xd3\xd5\x1d\xc0\xe4\xdc\x94d\xbd:\x02\x00\
\x00\x80\xd5cp\x06\x00\x80Er\xd3M\xcfLrz\
u\x0609?\xdf\x87\xe1\xfd\xd5\x11\x00\x00\x00\xac\x1e\
\x833\x00\x00,\x886\x8e\xf7N\xe2t3p\xa4>\
\x98\xe4\x92\xea\x08\x00\x00\x00V\x93\xc1\x19\x00\x00\x16\xc7\
\xc5I\xeeT\x1d\x01L\xce3\xfb0\xdcX\x1d\x01\x00\
\x00\xc0j28\x03\x00\xc0\x02h\xe3\xf8o\x92\x9cS\
\xdd\x01L\xce\x1b\xb3\xb1\xb1\xbf:\x02\x00\x00\x80\xd5e\
p\x06\x00\x80\xc5\xf0\x0b\xf1\xfd9pd\x0efm\xed\
\xc7{\xef\xbd:\x04\x00\x00\x80\xd5\xe5\x07Z\x00\x00P\
\xac\x8d\xe3\x0f$yDu\x0709\xcf\xeb\xeb\xeb\xef\
\xac\x8e\x00\x00\x00`\xb5\x19\x9c\x01\x00\xa0P\x1b\xc7\x1d\
I.\xab\xee\x00&\xe7#I\xc6\xea\x08\x00\x00\x000\
8\x03\x00@\xad\x9fL\xf2\x80\xea\x08`r~\xaa\x0f\
\xc3\x0d\xd5\x11\x00\x00\x00`p\x06\x00\x80\x22m\x1c\xcf\
H\xb2\xbb\xba\x03\x98\x9c\xdf\xed\xc3\xf0\x8a\xea\x08\x00\x00\
\x00H\x0c\xce\x00\x00P\xe9\xca$w\xa9\x8e\x00&\xe5\
\xd3I~\xbc:\x02\x00\x00\x00>\xcb\xe0\x0c\x00\x00\x05\
\xda8\xfe\xbb$?X\xdd\x01L\xcez\x1f\x86\xf7T\
G\x00\x00\x00\xc0g\x19\x9c\x01\x00`\x8b\xb5+\xae8\
9\xc9U\xd5\x1d\xc0\xe4\xbc#g\x9e\xf9\xfc\xea\x08\x00\
\x00\x00\xf8B\x06g\x00\x00\xd8j7\xdc\xb0;\xc9\xd7\
Ug\x00\x93r(kkO\xea\xbbv\x1d\xa8\x0e\x01\
\x00\x00\x80/dp\x06\x00\x80-\xd4\xc6\xf1\x81I\xce\
\xab\xee\x00&\xe7\xf2\xbe\xbe\xfe\xd6\xea\x08\x00\x00\x00\xf8\
\xe7\x0c\xce\x00\x00\xb0EZk-\xc9/&9\xb1\xba\
\x05\x98\x94\xbf\xca\xe9\xa7\x8f\xd5\x11\x00\x00\x00p[\x0c\
\xce\x00\x00\xb0U\xc6\xf1)I\x1eY\x9d\x01L\xca\xc1\
\xac\xad\xfdh?\xf7\xdc\x9b\xabC\x00\x00\x00\xe0\xb6l\
\xaf\x0e\x00\x00\x80U\xd0\xc6\xf1_$\xb9\xac8\x03\x98\
\x9eK\xfb\xfa\xfa\x9fUG\x00\x00\x00\xc0\xedq\xc2\x19\
\x00\x00\x8e\xb3[\xaf\xd2\xbe:\xc9\x9d\xab[\x80I\xb9\
.\xc9E\xd5\x11\x00\x00\x00\xf0\xe5\x18\x9c\x01\x00\xe0x\
\x1b\xc7\xa7%\xf9\x9e\xea\x0c`R\x0e$9\xa7\x0f\xc3\
M\xd5!\x00\x00\x00\xf0\xe5\x18\x9c\x01\x00\xe08j\xfb\
\xf6\xdd?\xbd_Z\xdd\x01L\xceF\x1f\x86?\xaf\x8e\
\x00\x00\x00\x80\xaf\xc4\x1b\xce\x00\x00p\x9c\xb4q\x5cK\
\xf2\xabIN\xa9n\x01&\xe5M\xd9\xb9\xd3\x9b\xef\x00\
\x00\x00L\x82\x13\xce\x00\x00p\xfc<=\xc9#\xaa#\
\x80I\xf9d\x92\x1f\xeag\x9du\xa8:\x04\x00\x00\x00\
\xee\x08'\x9c\x01\x00\xe08h{\xf7>$\xc9%\xd5\
\x1d\xc0\xc4\xb4\xf6\xe3}6\xfb_\xd5\x19\x00\x00\x00p\
G\x19\x9c\x01\x00`\xce\xda8\x9e\x92\xe4\x9a$;\xaa\
[\x80Iye\x9f\xcd\xae\xa9\x8e\x00\x00\x00\x80#\xe1\
Jm\x00\x00\x98\xbf\x17&yPu\x040)\xefK\
\xf2\xe4\xea\x08\x00\x00\x008R\x06g\x00\x00\x98\xa36\
\x8eOH\xf2C\xd5\x1d\xc0\xa4\x1cH\xf2\xf8>\x0c\x9f\
\xa8\x0e\x01\x00\x00\x80#\xe5Jm\x00\x00\x98\x936\x8e\
\x0fH\xf2\xbc\xea\x0e`bZ{v\x9f\xcd\xde\x5c\x9d\
\x01\x00\x00\x00G\xc3\x09g\x00\x00\x98\x836\x8e'%\
yE\x92;W\xb7\x00\x93\xf2\xea\x0c\xc3/TG\x00\
\x00\x00\xc0\xd128\x03\x00\xc0|\xfc\xbfI\xbe\xb9:\
\x02\x98\x94\xf7g\xc7\x8e'\xf5\xde{u\x08\x00\x00\x00\
\x1c-\x833\x00\x00\x1c\xa3\xb6g\xcf\x8f'ybu\
\x070)\x07\xb2\xb6\xf6\xd8~\xc1\x05\xffX\x1d\x02\x00\
\x00\x00\xc7\xc2\xe0\x0c\x00\x00\xc7\xa0\xed\xdd\xfb\xd0\xf4~\
Eu\x0709\xe7\xf5\xf5\xf5\xff^\x1d\x01\x00\x00\x00\
\xc7j{u\x00\x00\x00LU\x1b\xc73r\xf8\xdd\xe6\
\x13\xaa[\x80I\xb9\xb6\x0f\xc3\xf3\xaa#\x00\x00\x00`\
\x1e\x9cp\x06\x00\x80\xa3\xd0\xae\xbe\xfa\x84\x1c\x1e\x9b\xef\
]\xdd\x02L\xca;\x92<\xb9:\x02\x00\x00\x00\xe6\xc5\
\x09g\x00\x008\x1a\x1f\xfe\xf0\x0b\x92<\xbc:\x03\x98\
\x94\x7f\xcc\xb6m\x8f\xe9\x17^\xf8\xe9\xea\x10\x00\x00\x00\
\x98\x17'\x9c\x01\x00\xe0\x08\xb5={\x9e\x99dWu\
\x070)\x9bi\xed\x9c~\xe1\x85\xef\xad\x0e\x01\x00\x00\
\x80y28\x03\x00\xc0\x11h{\xf6|_z\xbf\xac\
\xba\x03\x98\x98\xd6~\xb6\xcff\xaf\xab\xce\x00\x00\x00\x80\
y38\x03\x00\xc0\x1d\xd4\xc6\xf1\xdb\xd3\xfbo$\xd9\
V\xdd\x02L\xcaod\x18.\xaf\x8e\x00\x00\x00\x80\xe3\
\xc1\xe0\x0c\x00\x00w@\xdb\xb7\xef\xfeI^\x95\xe4\xe4\
\xea\x16`R\xfe<\xc9\x13{\xef\xbd:\x04\x00\x00\x00\
\x8e\x87\xed\xd5\x01\x00\x00\xb0\xe8\xda8\x9e\x9e\xe4uI\
\xeeU\xdd\x02L\xca\xdf'\xf9\xf7}\x18>]\x1d\x02\
\x00\x00\x00\xc7\x8b\xc1\x19\x00\x00\xbe\x8c6\x8e_\x95\xe4\
\xd5I\x1eT\xdd\x02L\xca\xa7\xb2\xb6\xf6\xe8\xbe\xbe\xfe\
\xc1\xea\x10\x00\x00\x008\x9e\x5c\xa9\x0d\x00\x00\xb7\xa3]\
}\xf5\x09I^\x91\xe4a\xd5-\xc0\xa4\xf4\xb4\xf6\xa4\
\xbe\xbe\xfe\xb6\xea\x10\x00\x00\x008\xde\x0c\xce\x00\x00p\
\x1b\xda\xfe\xfd\xdb\xf2\xe1\x0f_\x93\xe4\xff\xa9n\x01&\
\xa6\xb5\xdd}6\xfb\x8d\xea\x0c\x00\x00\x00\xd8\x0a\x06g\
\x00\x00\xf8gZk-\xd7]\xf7\xc2$gU\xb7\x00\
\x93\xf3\xa2>\x9b]R\x1d\x01\x00\x00\x00[\xc5\xe0\x0c\
\x00\x00\xff\xdc\xc6\xc6\xe5I\x9e\x5c\x9d\x01L\xce\xeb\x92\
<\xa5:\x02\x00\x00\x00\xb6\x92\xc1\x19\x00\x00\xbe@\x1b\
\xc71\xc9y\xd5\x1d\xc0\xe4\xbc5\xc9\x0f\xf6a8X\
\x1d\x02\x00\x00\x00[\xc9\xe0\x0c\x00\x00\xb7j{\xf6<\
;\xc9\xac\xba\x03\x98\x9c\xff\x95\xe4\xd1}\x18n\xac\x0e\
\x01\x00\x00\x80\xadfp\x06\x00\x80\xdcz\xb2\xb9\xf7K\
\xab;\x80\xc9\xb9>\xc9\xa3\xfa0|\xa4:\x04\x00\x00\
\x00*l\xaf\x0e\x00\x00\x80J\xad\xb5\x96\x8d\x8d\xe7&\
yFu\x0b09\x9fN\xf2\xef\xfb0\xfcuu\x08\
\x00\x00\x00T18\x03\x00\xb0\xb2n\x1d\x9b\x7f!\xc9\
OV\xb7\x00\x93s \xad\xfd`\x9f\xcd\xfe\xb8:\x04\
\x00\x00\x00*\x19\x9c\x01\x00XI\xb7\x8e\xcd/H\xf2\
\xb4\xea\x16`r6\x93\xfcp\x9f\xcd~\xa7:\x04\x00\
\x00\x00\xaa\x19\x9c\x01\x00X9m\x1cwdc\xe3%\
I\x1e[\xdd\x02L\xd2\xb9}\x18~\xbd:\x02\x00\x00\
\x00\x16\x81\xc1\x19\x00\x80\x95\xd2\xc6\xf1\x94$\xafL\xf2\
\x7fW\xb7\x00\x13\xd4\xda\x85}6\xbb\xaa:\x03\x00\x00\
\x00\x16\x85\xc1\x19\x00\x80\x95\xd1\xc6\xf1\xdeI^\x97\xe4\
\xc1\xd5-\xc0$\xfd|\x9f\xcd.\xaa\x8e\x00\x00\x00\x80\
E\xb2V\x1d\x00\x00\x00[\xa1\xed\xdb\xf7\xf5I\xde\x1c\
c3pt^\x94\x8d\x8d\xf3\xaa#\x00\x00\x00`\xd1\
8\xe1\x0c\x00\xc0\xd2k\xe3\xf8\xedI^\x93\xe4\xee\xd5\
-\xc0$\xbd8\xc9\xae\xde{\xaf\x0e\x01\x00\x00\x80E\
\xe3\x843\x00\x00K\xad\xed\xd9sv\x92?\x8c\xb1\x19\
8:/K\xf2\xa4>\x0c\x9b\xd5!\x00\x00\x00\xb0\x88\
\x9cp\x06\x00`)\xb5\xfd\xfb\xb7\xe5\xba\xeb.J\xf2\
\xec\xea\x16`\xb2^\x99\xe4\x89\xc6f\x00\x00\x00\xb8}\
\x06g\x00\x00\x96N\x1b\xc7Ss\xf8T\xe2\xf7W\xb7\
\x00\x93\xf5\xdb9\xf3\xcc\xc7\xf7]\xbb\x0eV\x87\x00\x00\
\x00\xc0\x2238\x03\x00\xb0T\xda\xbe}_\x9f\xe4U\
I\x1eX\xdd\x02L\xd6o%y\x5c\xdf\xb5\xeb@u\
\x08\x00\x00\x00,:o8\x03\x00\xb04\xda8>:\
\x87\x0e\xbd%\xc6f\xe0\xe8\xfdF\x92\xff\xdc\x87\xe1\x96\
\xea\x10\x00\x00\x00\x98\x02'\x9c\x01\x00\x98\xbc6\x8e\xdb\
\x93\x5c\x98d=\xfe\xa7J\xe0\xe8\xfdz\x92s\xfa0\
\xb8F\x1b\x00\x00\x00\xee \x833\x00\x00\x93\xd6.\xba\
\xe8~I\xaeM\xf2\xb0\xea\x16`\xd2\xae\xc9\xce\x9d?\
\xd2\xcf:\xebPu\x08\x00\x00\x00L\x89\xd3\x1f\x00\x00\
LV\xdb\xb3\xe7\xfbr\xf0\xe0\xdbbl\x06\x8e\xcd/\
%\xf9ac3\x00\x00\x00\x1c9'\x9c\x01\x00\x98\x9c\
6\x8e;\x92\x5c\x9a\xe4\xe9IZq\x0e0mWf\
c\xe3\x19\xbd\xf7^\x1d\x02\x00\x00\x00S\xe4\x843\x00\
\x00\x93\xd2\xc6\xf1_%\xf9\xe3$\xcf\x88\xb1\x198\x16\
\xadm\xf4ax\xba\xb1\x19\x00\x00\x00\x8e\x9e\xc1\x19\x00\
\x80Ih\xad\xb56\x8e\xbb\x92\xfc\x8f$\xff\xb6\xba\x07\
\x98\xb4\x9e\xe4\x99}6\x1b\xabC\x00\x00\x00`\xea\x5c\
\xa9\x0d\x00\xc0\xc2k\xfb\xf6\xdd?\x1b\x1b\xbf\x92\xe4\x91\
\xd5-\xc0\xe4\x1dJ\xb2\xab\x0f\xc3\xafT\x87\x00\x00\x00\
\xc0208\x03\x00\xb0\xb0Zk-\x1b\x1bON\xf2\
\xdc$\xa7T\xf7\x00\x93wsZ;\xbb\xcff\xbfY\
\x1d\x02\x00\x00\x00\xcb\xc2\xe0\x0c\x00\xc0Bj\xfb\xf6}\
]66~1\xc9wU\xb7\x00K\xe1\x93i\xed1\
}6\xfb\xc3\xea\x10\x00\x00\x00X&\x06g\x00\x00\x16\
J\xbb\xfa\xea\x13\xf2\x91\x8f<-\xbd_\x94\xe4N\xd5\
=\xc0R\xf8P\x92G\xf7\xd9\xec\xed\xd5!\x00\x00\x00\
\xb0l\x0c\xce\x00\x00,\x8c\xb6w\xef#\xb2\xb9yU\
\x92\x9d\xd5-\xc0\xd2xG\x92G\xf7a\xf8`u\x08\
\x00\x00\x00,#\x833\x00\x00\xe5\xda\xc5\x17\xdf+\x07\
\x0e\xfc\x5c\x92\x1fJ\xd2\xaa{\x80\xa5\xf1\xbb9\xf9\xe4\
\x1f\xec\xcfz\xd6?U\x87\x00\x00\x00\xc0\xb228\x03\
\x00P\xe6\xd6\xeb\xb3\x9f\x92\xde\xc7$w\xad\xee\x01\x96\
\xca/d\xe7\xce\xf3\xfaYg\x1d\xaa\x0e\x01\x00\x00\x80\
efp\x06\x00\xa0D\x1b\xc7\xefNrE\x92o\xa8\
n\x01\x96\xca\xa1\xb4\xf6\x8c>\x9b=\xbf:\x04\x00\x00\
\x00V\x81\xc1\x19\x00\x80-\xd5\xc6\xf1[\x92<'\xc9\
#\xaa[\x80\xa5\xf3\xa9\xb4\xf6\xb8>\x9b\xbd\xa6:\x04\
\x00\x00\x00V\x85\xc1\x19\x00\x80-\xd1.\xba\xe8kr\
\xf0\xe0\xc5I\x1e\x17\xef4\x03\xf3\xf7\x9e$\x8f\xe9\xb3\
\xd9_T\x87\x00\x00\x00\xc0*18\x03\x00p\x5c\xb5\
\x8b.\xbaO\x0e\x1e|v\x92]IN\xac\xee\x01\x96\
\xd2\xeb\x93<\xbe\x0f\xc3\xf5\xd5!\x00\x00\x00\xb0j\x0c\
\xce\x00\x00\x1c\x17m\x1c\xef\x99\xe4\xa7\x93\xfcd\x92\x93\
\x8bs\x80\xe5\xd4\x93\x5c\x9e\x9d;w\xf7\xb3\xce:T\
\x1d\x03\x00\x00\x00\xab\xc8\xe0\x0c\x00\xc0\x5c\xb5K.\xb9\
Gn\xb9\xe5\x9914\x03\xc7\xd7\x8dI~\xb4\xa0:\
d\x8e\x00\x00 \x00IDAT\x0f\xc3+\xabC\x00\
\x00\x00`\x95\x19\x9c\x01\x00\x98\x8b[\xdfh~F\x0e\
_\x9dmh\x06\x8e\xa7wgm\xed1}}\xfd\xaf\
\xaaC\x00\x00\x00`\xd5\x19\x9c\x01\x008&m\xef\xde\
o\xce\xe6\xe63\x92<.\xbe\xbf\x04\x8e\xbf\xd7\xe5\xc4\
\x13\xcf\xee\xe7\x9f\xff\xf1\xea\x10\x00\x00\x00\xc0\x0f\x04\x01\
\x008\x0am\x1c\xd7\x92|\x7f\x0e\xbf\xd1\xfc\xf0\xe2\x1c\
`5\x1cJ\xb2'\xc9\xbe~\xfe\xf9\x9b\xd51\x00\x00\
\x00\xc0a\x06g\x00\x00\xee\xb06\x8e\xa7\xa6\xb5s\x92\
\xfcT\x92\x7fY\xdd\x03\xac\x8c\x0f&9\xbb\x0f\xc3\x1f\
U\x87\x00\x00\x00\x00_\xcc\xe0\x0c\x00\xc0W\xd4\xf6\xee\
}H67w%y|z?\xa5\xba\x07X)\xaf\
\xc9\x8e\x1d?\xda/\xb8\xe0\x1f\xabC\x00\x00\x00\x80/\
ep\x06\x00\xe06\xb5\xcb/\xbfs>\xf3\x99\xc7%\
\xf9\xb1$\xffGu\x0f\xb0r\x0e\xa4\xb5\xf5\x0c\xc3\xe5\
\xbd\xf7^\x1d\x03\x00\x00\x00\xdc6\x833\x00\x00\x9f\xd3\
\xf6\xef\xdf\x96\xeb\xae{x\x92\xb3\x93<6\x89\xd3\xcc\
@\x85w'yl\x9f\xcd\xfe<\xb3Yu\x0b\x00\x00\
\x00\xf0e\x18\x9c\x01\x00\xf8\xec\x95\xd9?\x9c\xe4\xac$\
gV\xf7\x00+\xed\x95I\x9e\xdc\x87\xe1\x13\xd5!\x00\
\x00\x00\xc0Wfp\x06\x00XA\xad\xb5\x96\x8d\x8do\
K\xf2\x839<2\xdf\xb78\x09\xe0\x93I~\xb2\x0f\
\xc3K\xabC\x00\x00\x00\x80;\xce\xe0\x0c\x00\xb0\x22\xda\
8\x9e\x94\xe4aI\xbe/\x1b\x1b\x8fIr\xbf\xe2$\
\x80\xcfzC\xb6o\x7fb\xdf\xbd\xfb\x03\xd5!\x00\x00\
\x00\xc0\x9118\x03\x00,\xb1v\xc9%\xf7\xc8-\xb7\
<*\xc9\xa3\x93|o\x92;\x17'\x01|\xa1\xcf\xa4\
\xb51\xbd\xff\x5c\xdf\xbd{\xb3:\x06\x00\x00\x008r\
\x06g\x00\x80%\xd2\xc6qG\x92oO\xf2\xddI\x1e\
\x95\xe4!IZi\x14\xc0m{S\x92'\xf4\xd9\xec\
\xef\xaaC\x00\x00\x00\x80\xa3gp\x06\x00\x98\xb86\x8e\
_\x9b\xc3\x03\xf3w'\xf9wIN\xab-\x02\xf8\xb2\
\x0e$\xb98;w\xee\xedg\x9du\xa8:\x06\x00\x00\
\x0086\x06g\x00\x80\x09i\xad\xb5\xec\xd9\xb33\xbd\
?,\xbd\x7fW\x92\xefLr\xf7\xea.\x80;\xe8\xcf\
\x93\xfcH\x1f\x86\xbf\xac\x0e\x01\x00\x00\x00\xe6\xc3\xe0\x0c\
\x00\xb0\xc0\xda8\x9e\x94\xe4[\x92<,\xc9C\xb3\xb1\
\xf1\x7ffs\xf3\xf4\xe2,\x80#\xf5\x99\xb4\xb67g\
\x9c\xf1\x9c\xbek\xd7\x81\xea\x18\x00\x00\x00`~\x0c\xce\
\x00\x00\x0b\xa4]t\xd1}r\xe8\xd0\xb7\xa4\xf7\x87&\
yh\x0e\xbf\xc1|bq\x16\xc0\xb1xC\x92\xa7z\
\xab\x19\x00\x00\x00\x96\x93\xc1\x19\x00\xa0H\xbb\xf4\xd2\xbb\
\xe6\xe6\x9b\x1f\x92\xc3\xa7\x97\x1fr\xeb\xe7\xcc\xda*\x80\
\xb9\xf9x\x92\xf3\xb3\xb1\xf1K\xbd\xf7^\x1d\x03\x00\x00\
\x00\x1c\x1f\x06g\x00\x80\xe3\xac\xb5\xd6\xb2w\xef\xbf\xc8\
\xe6\xe6\x83\x93<8\xbd\x7fK\x0e\x8f\xcb\xf7)N\x03\
8\x1ez\x92\x97&9\xaf\x0f\xc3\xc72\x0c\xd5=\x00\
\x00\x00\xc0qdp\x06\x00\x98\xa3v\xd9e\xa7\xe5\xa6\
\x9b\xbe1\xc9\xce$\xff:\xc9\xcell|s\x0e\x1d\
\xba[q\x1a\xc0V\xf8\x9fi\xed\xa9}6\xfb\xbd\xea\
\x10\x00\x00\x00`k\x18\x9c\x01\x00\x8eB\x1b\xc7\xfb&\
y`Z{Pz\x7f`\x92\xafO\xf2\x0dqj\x19\
XM7'yN\x92}}6\xbb\xa9:\x06\x00\x00\
\x00\xd8:\x06g\x00\x80\xdbq\xebi\xe5\xaf\xcb\xe7\x87\
\xe5\x7f\x95\xe4\x81\xb7~NI\x92x\x96\x14\xe0\xb5I\
\x9e\xd1\x87\xe1\xef\xaaC\x00\x00\x00\x80\xadgp\x06\x00\
VV\xbb\xfa\xea\x13\xf2\xe1\x0f\xdf/\xc9\xd7\xde\xfa\xb9\
w\x923\xbf\xe0\xeb\xfb'iI\x0c\xcb\x00_\xea\xdd\
i\xed\x19}6\xfb\x9d\xea\x10\x00\x00\x00\xa0\x8e\xc1\x19\
\x00XZm\x1c\xef\x99\xb5\xb5\xfb\xa4\xf7\xfb\xa6\xf7\xfb\
\xe5\xf0u\xd7\xf7\xbb\xf5s\xff$\xf7M\xb2\xad\xb2\x11\
`\x82nH\xb27\xc9\xf3\xfalvKu\x0c\x00\x00\
\x00P\xcb\xe0\x0c\x00LN\xbb\xe4\x92\xbb\xe5\x96[\xee\
\x95\xb5\xb5{ds\xf3>i\xed\x1e\xe9\xfd\xcc\x1c\x1e\
\x94\xbf\xfa\xd6_\xef\x9b\xe4\xc4ln\x96\xb6\x02,\x91\
\xcd$/MrA\x1f\x86\x8fT\xc7\x00\x00\x00\x00\x8b\
\xc1\xe0\x0c\x00\x94k\xe3xj\x92\xbb'\xb9{Z\xbb\
[\x92\xd3\xd3\xfb\xdd\x92\xdc#\x87\xc7\xe3{$9\xe3\
\xd6\xcf=\x93\xecH\x92\xcf\x8d\xc9\xae\xbb\x068\xde\xfe\
$\xc9O\xf6a\xf8\xd3\xea\x10\x00\x00\x00`\xb1\x18\x9c\
\x01\x80c\xd6Zk\xb9\xe4\x92\xbb\xe4\xe6\x9bO\xcb\xda\
\xdai\xd9\xdc<-\xad\x9d\x96\xdeOKr\xea\xad\xbf\
\xbfk\x92\xc3c\xf2\xe1_\xbf\xf0\xf3\xf9\xefI\x8c\xc7\
\x00\x8b\xe4\xbdim=\xc3pm\xef\xfe\x03\x0d\x00\x00\
\x00|)\x833\x00\xac\x88v\xf5\xd5'\xe4\xfa\xebO\
\xc9\xcd7\xb7$wI\x92\xac\xad\x9d\x96d-\xbd\x9f\
\x9a\xe4\xa4$\xa7\xa4\xf7;\xa7\xb5\x93?\xf7\xfb\xc3\xff\
\xfc\xce\xb7~>\xfb\xfbSn\xfd\x9c\x96\xe4\xb4ll\
\x9c\x9a\x9bo>\xfc\x17\xdd\xd6\xa9c\x1b\x05\xc0\xd4|\
,\xc9EI\xae\xea\xb3\xd9-\x99\xcd\xaa{\x00\x00\x00\
\x80\x05ep\x06`\xb1\x1d:\xf4\x94\xb6g\xcf\xf5\xd5\
\x19s\xb2v\xeb\x89\xdf;\xe2\xa4$'\x7f\xc1\xd7\xa7\
$9\xe1\x0b\xbe><\x14\x7f\xf6\xcf=\xfc\xf5g\x9d\
\x9ad[\x92;\xe5\xf0\xd5\xd3\xff\xfc\xcf\xfa\xbc\xdb{\
\xdf\xd8@\x0c\xb0\xaa>\x9d\xe4\x8a$\x97\xf7a\xb8\xa1\
:\x06\x00\x00\x00X|\x06g\x00\x16\xdd\xb3\x8c\x9f\x00\
p\xdcm&\xb9&\xc9\xf9}\x18\xfe\xbe:\x06\x00\x00\
\x00\x98\x0e\x833\x00\x00\xc0j{C\xd6\xd6~\xba\xaf\
\xaf\xbf\xb3:\x04\x00\x00\x00\x98\x1e\x833\x00\x00\xc0j\
\xfa\xbd$\xb3>\x0co\xa9\x0e\x01\x00\x00\x00\xa6\xcb\xe0\
\x0c\x00\x00\xb0Z\xde\x94\xd6\xd6\xfbl\xf6\x87\xd5!\x00\
\x00\x00\xc0\xf4\x19\x9c\x01\x00\x00V\x83\xa1\x19\x00\x00\x00\
\x98;\x833\x00\x00\xc0r{S\x0e_\x9d\xfd\x07\xd5\
!\x00\x00\x00\xc0\xf218\x03\x00\x00,'C3\x00\
\x00\x00p\xdc\x19\x9c\x01\x00\x00\x96GO\xf2_\x92\x5c\
\xda\x87\xe1\x8f\xabc\x00\x00\x00\x80\xe5gp\x06\x00\x00\
\x98\xbe\x03I^\x95\xb5\xb5\xcb\xfa\xfa\xfa[\xabc\x00\
\x00\x00\x80\xd5ap\x06\x00\x00\x98\xae\x1b\x93\xfcJ\x92\
\xe7\xf6ax\x7fu\x0c\x00\x00\x00\xb0z\x0c\xce\x00\x00\
\x00\xd3\xf3\xd1$W%y^\x1f\x86\xeb\xabc\x00\x00\
\x00\x80\xd5ep\x06\x00\x00\x98\x8e\xf7\xa6\xb5+\xd3\xfb\
/\xf5a\xf8tu\x0c\x00\x00\x00\x80\xc1\x19\x00\x00`\
\xf1\xfda\x92\x17d\xe7\xceW\xf7\xb3\xce:T\x1d\x03\
\x00\x00\x00\xf0Y\x06g\x00\x00\x80\xc5ts\x92W$\
yN\x1f\x86\xbf\xa8\x8e\x01\x00\x00\x00\xb8-\x06g\x00\
\x00\x80\xc5\xf2\xf7I~)\xc9\x0b\xfa0|\xac:\x06\
\x00\x00\x00\xe0\xcb18\x03\x00\x00,\x867\xdd\xfa>\
\xf3o\xf7a8X\x1d\x03\x00\x00\x00pG\x18\x9c\x01\
\x00\x00\xea\xdc\x98\xe4\xd7\xb2\xb6\xf6\xfc\xbe\xbe\xfe\xce\xea\
\x18\x00\x00\x00\x80#ep\x06\x00\x00\xd8z\xd7\xa5\xb5\
\x97f\xc7\x8e\xab\xfb\xf9\xe7\x7f\xbc:\x06\x00\x00\x00\xe0\
h\x19\x9c\x01\x00\x00\xb6\xc6\x0dI~=\xc9/\xf6a\
\xf8\xf3\xea\x18\x00\x00\x00\x80y08\x03\x00\x00\x1c_\
oMru\x92k\xfb0\xdcX\x1d\x03\x00\x00\x000\
O\x06g\x00\x00\x80\xf9\xfbd\x92\xdfH\xf2\xc2>\x0c\
o\xaf\x8e\x01\x00\x00\x008^\x0c\xce\x00\x00\x00\xf3q\
0\xc9\xeb\xd3\xda\xcb\xd2\xfb\xab\xfb0\xdcT\x1d\x04\x00\
\x00\x00p\xbc\x19\x9c\x01\x00\x00\x8e\xcdui\xed\xa5\xe9\
\xfd%}\x18>R\x1d\x03\x00\x00\x00\xb0\x95\x0c\xce\x00\
\x00\x00G\xee\xef\x93\xbc2kk/\xee\xeb\xebo\xab\
\x8e\x01\x00\x00\x00\xa8bp\x06\x00\x00\xb8cnJ\xf2\
\x9a[\xaf\xcc~]\x1f\x86\x83\xd5A\x00\x00\x00\x00\xd5\
\x0c\xce\x00\x00\x00\xb7\xef\xe6$\xff5\xc9+\x92\xbc\xaa\
\x0f\xc3\x8d\xc5=\x00\x00\x00\x00\x0b\xc5\xe0\x0c\x00\x00\xf0\
\xc5\x0e%yKZ\xdb\x9f\xde\xaf\xe9\xc3\xf0\xb1\xea \
\x00\x00\x00\x80Eep\x06\x00\x00\xf8\xe2\x91\xf9\xd7\xfa\
0\xfcCu\x10\x00\x00\x00\xc0\x14\x18\x9c\x01\x00\x80U\
\xf5\xf9\x91y\xfb\xf6_\xef?\xfb\xb3\xff\xbb:\x08\x00\
\x00\x00`j\x0c\xce\x00\x00\xc0*\xb9)\xc9\x1b\x92\xbc\
:;v\xbc\xba_p\xc1G\xab\x83\x00\x00\x00\x00\xa6\
\xcc\xe0\x0c\x00\x00,\xbb\x8f\xe7\xf0\xc8\xfc\xda$\xaf\xea\
\xc3pCq\x0f\x00\x00\x00\xc0\xd208\x03\x00\x00\xcb\
\xe8}I^\x9f\xd6^\x9b3\xce\xf8\xdd\xbek\xd7\x81\
\xea \x00\x00\x00\x80edp\x06\x00\x00\x96\xc5uI\
^\x93\xe4\xb5\xd9\xd8xS\xef\xbdW\x07\x01\x00\x00\x00\
,;\x833\x00\x000U\x9fJ\xf2\xdf\xd3\xdak\xd3\
\xfbo\xf7ax\xff\xe7\xfe\xcd0\xd4U\x01\x00\x00\x00\
\xac\x10\x833\x00\x000%\xef\xc9\xe1\xb7\x98_\x93\xe4\
\x8f\xfa0\xdcR\xdc\x03\x00\x00\x00\xb0\xd2\x0c\xce\x00\x00\
\xc0\x22\xfb\xfc)\xe6m\xdb~\xab\xef\xde\xfd\x81\xea \
\x00\x00\x00\x00>\xcf\xe0\x0c\x00\x00,\x92CI\xde\x96\
\xe4\xf7\xb3\xb6\xf6\xba\xdc\xeb^o\xee\xbbv\x1d\xa8\x8e\
\x02\x00\x00\x00\xe0\xb6\x19\x9c\x01\x00\x80j\xefI\xf2\x86\
\xb4\xf6\x86\xf4\xfe\xfb}\x18\xae\xaf\x0e\x02\x00\x00\x00\xe0\
\x8e18\x03\x00\x00[\xed#I\xde\x98\xe4\x0d\xd9\xbe\
\xfd\xf5}\xf7\xee\xf7U\x07\x01\x00\x00\x00pt\x0c\xce\
\x00\x00\xc0\xf1\xf6\x89$\xbf\x9f\xe4\x0f\xb2m\xdb\xef\xf7\
\x0b/\xfc\x9b\xea \x00\x00\x00\x00\xe6\xc3\xe0\x0c\x00\x00\
\x1co\x1fO\xf2\xc4>\x0c7T\x87\x00\x00\x00\x000\
_k\xd5\x01\x00\x00\xc0\xd2\xbb\x7f\x92+\xab#\x00\x00\
\x00\x00\x98?\x833\x00\x00\xb0\x15\x9e\xd0\xc6\xf1\xb1\xd5\
\x11\x00\x00\x00\x00\xcc\x97\xc1\x19\x00\x00\xd8*/l\x17\
]\xf45\xd5\x11\x00\x00\x00\x00\xcc\x8f\xc1\x19\x00\x00\xd8\
*w\xc9\xc1\x83/k\xfb\xf7o\xab\x0e\x01\x00\x00\x00\
`>\x0c\xce\x00\x00\xc0Vzx\xae\xbb\xeeg\xaa#\
\x00\x00\x00\x00\x98\x0f\x833\x00\x00\xb0\xd5\xf6\xb6\xbd{\
\xbf\xad:\x02\x00\x00\x00\x80cgp\x06\x00\x00\xb6\xda\
\xf6ln\xbe\xbc]~\xf9\x9d\xabC\x00\x00\x00\x008\
6\x06g\x00\x00\xa0\xc2\x03\xf2\x99\xcf<\xa7:\x02\x00\
\x00\x00\x80ccp\x06\x00\x00\xaa\xecj{\xf6\x9cU\
\x1d\x01\x00\x00\x00\xc0\xd138\x03\x00\x00uz\xbf\xaa\
\x8d\xe3\xbd\xab3\x00\x00\x00\x008:\x06g\x00\x00\xa0\
\xd2\xdd\x93\xbc\xb8\xb5\xd6\xaaC\x00\x00\x00\x008r\x06\
g\x00\x00\xa0\xda\xf7d\x1c\x9f^\x1d\x01\x00\x00\x00\xc0\
\x9138\x03\x00\x00\xf5z\xbf\xa4\xed\xdd\xfbM\xd5\x19\
\x00\x00\x00\x00\x1c\x19\x833\x00\x00\xb0\x08N\xcc\xe6\xe6\
\xb5\xed\x8a+N\xae\x0e\x01\x00\x00\x00\xe0\x8e38\x03\
\x00\x00\x8bbgn\xb8\xe1\xb2\xea\x08\x00\x00\x00\x00\xee\
8\x833\x00\x00\xb0H~\xa2\x8d\xe3\xa3\xab#\x00\x00\
\x00\x00\xb8c\x0c\xce\x00\x00\xc0\x22iI~\xa5\x8d\xe3\
\x19\xd5!\x00\x00\x00\x00|e\x06g\x00\x00`\xd1\xdc\
#\xc9\xaf\xb6\xd6Zu\x08\x00\x00\x00\x00_\xde\xf6\xea\
\x00\x00\xf8\x0a\xceI\xf2\x91\xea\x88\x89\xd8H\xf2\xd0\xea\
\x08\x809\xf9\xdell<5\xc9U\xd5!\x00\x00\x00\
\x00\xdc>\x833\x00\x8bm\xdb\xb67\xf5\x0b/|o\
u\xc6\x14\xb4}\xfb\xfeg\x0e\x1dz{\x92S\xab[\
\x00\xe6\xe4\xb9m\xef\xde7\xf6\xf5\xf5wV\x87\x00\x00\
\x00\x00p\xdb\x5c\xa9\x0d\x00K\xa2_x\xe1{\xd3\xda\
OTw\x00\xcc\xd1I\xd9\xdc\xbc\xb6\x8d\xe3I\xd5!\
\x00\x00\x00\x00\xdc6\x833\x00,\x91>\x9b\xbd,\xc9\
\xafUw\x00\xcc\xd17$\xd9[\x1d\x01\x00\x00\x00\xc0\
m38\x03\xc0\xf2yZ\x92\xf7UG\x00\xcc\xd1O\
\xb7q\xfc\xee\xea\x08\x00\x00\x00\x00\xbe\x94\xc1\x19\x00\x96\
L\x1f\x86Odm\xed\x9c$\x87\xaa[\x00\xe6d-\
\xc9K\xda%\x97\xdc\xad:\x04\x00\x00\x00\x80/fp\
\x06\x80%\xd4\xd7\xd7\xdf\x98\xe4\xb9\xd5\x1d\x00st\xef\
\xdcr\xcb/WG\x00\x00\x00\x00\xf0\xc5\x0c\xce\x00\xb0\
\xac\xce<\xf3\xc2$\x7fV\x9d\x010G\xff\xa1\xed\xd9\
\xf3\xa4\xea\x08\x00\x00\x00\x00>\xcf\xe0\x0c\x00K\xaa\xef\
\xdau \xdb\xb6\xfdH\x92OW\xb7\x00\xccM\xefW\
\xb6}\xfb\x1eT\x9d\x01\x00\x00\x00\xc0a\x06g\x00X\
b\xfd\xc2\x0b\xdf\x95\xe4g\xaa;\x00\xe6\xe8N9t\
\xe8\x9a6\x8e;\xaaC\x00\x00\x00\x0008\x03\xc0\xd2\
\xeb\xc3pU\x92\xd7Tw\x00\xcc\xd1C\x92\xcc\xaa#\
\x00\x00\x00\x0008\x03\xc0j\xd8\xb1\xe3II>R\
\x9d\x010G\x17\xb4={\xbe\xb3:\x02\x00\x00\x00`\
\xd5\x19\x9c\x01`\x05\xf4\x0b.\xf8hZ{B\x92^\
\xdd\x020'k\xe9\xfd\xa5m\x1cO\xaf\x0e\x01\x00\x00\
\x00Xe\x06g\x00X\x11}6{}\x92\x17Vw\
\x00\xcc\xd1}\x93\xfcbu\x04\x00\x00\x00\xc0*38\
\x03\xc0jyf\x92wVG\x00\xcc\xd1\x7fj{\xf6\
\x9cS\x1d\x01\x00\x00\x00\xb0\xaa\x0c\xce\x00\xb0B\xfa0\
\xdc\x94\xb5\xb5\x1fIrKu\x0b\xc0\xdc\xf4~U\x1b\
\xc7\x07Tg\x00\x00\x00\x00\xac\x22\x833\x00\xac\x98\xbe\
\xbe\xfe\xb6$\xeb\xd5\x1d\x00stJ\x92\x17\xb7\xfd\xfb\
\xb7U\x87\x00\x00\x00\x00\xac\x1a\x833\x00\xac\xa6\xe7$\
\xf9\x83\xea\x08\x809zh\xae\xbbnwu\x04\x00\x00\
\x00\xc0\xaa18\x03\xc0\x0a\xea\xc3\xb0\x99\xed\xdb\x7f8\
\xc9\xf5\xd5-\x00s\xb4\xde\xf6\xee\xfd\x8e\xea\x08\x00\x00\
\x00\x80Ubp\x06\x80\x15\xd5w\xef\xfePZ\xdbU\
\xdd\x010G\xdb\xb3\xb9\xf9\xf26\x8e\xa7V\x87\x00\x00\
\x00\x00\xac\x0a\x833\x00\xac\xb0>\x9b\xfdf\x92\x97U\
w\x00\xcc\xd1\xd7&\xb9\xb2:\x02\x00\x00\x00`U\x18\
\x9c\x01\x80\xa7%ywu\x04\xc0\x1c=\xa1\x8d\xe3c\
\xab#\x00\x00\x00\x00V\x81\xc1\x19\x00V\x5c\x1f\x86\x1b\
\x93<!\xc9\xa1\xe2\x14\x80yza\xbb\xe8\xa2\xaf\xa9\
\x8e\x00\x00\x00\x00Xv\x06g\x00 }\x18\xde\x9c\xe4\
\xe2\xea\x0e\x809\xbaK\x0e\x1e|Y\xdb\xbf\x7f[u\
\x08\x00\x00\x00\xc0238\x03\x00\x9f\xb5'\xc9[\xaa\
#\x00\xe6\xe8\xe1y\xd7\xbb\xce\xab\x8e\x00\x00\x00\x00X\
f\x06g\x00 I\xd2\x87\xe1`\x92\xb3\x93\xfcSu\
\x0b\xc0\xdc\xf4\xbe\xb7\x8d\xe3\xb7Vg\x00\x00\x00\x00,\
+\x833\x00\xf09}\x18\xde\x93\xd6\x9eQ\xdd\x010\
G'$\xb9\xa6\x8d\xe3)\xd5!\x00\x00\x00\x00\xcb\xc8\
\xe0\x0c\x00|\x91>\x9b\xbd(\xc9+\xaa;\x00\xe6\xe8\
\x01I\x9eS\x1d\x01\x00\x00\x00\xb0\x8c\x0c\xce\x00\xc0\x97\
:\xf1\xc4\xa7$\xf9@u\x06\xc0\x1c\xfdX\xdb\xb3\xe7\
\xac\xea\x08\x00\x00\x00\x80ecp\x06\x00\xbeD?\xff\
\xfc\x8f\xa7\xb5'%\xe9\xd5-\x00s\xd3\xfbUm\x1c\
\xef]\x9d\x01\x00\x00\x00\xb0L\x0c\xce\x00\xc0m\xea\xb3\
\xd9\xef%\xb9\xb2\xba\x03`\x8e\xee\x9e\xe4\xc5\xad\xb5V\
\x1d\x02\x00\x00\x00\xb0,\x0c\xce\x00\xc0\xed;\xfd\xf4\xf3\
\x93\xbc\xa3:\x03`\x8e\xbe'\xe3\xf8\xf4\xea\x08\x00\x00\
\x00\x80eap\x06\x00nW?\xf7\xdc\x9b\xb3\xb6v\
v\x92\xcfT\xb7\x00\xccM\xef\x97\xb4\xbd{\xbf\xa9:\
\x03\x00\x00\x00`\x19\x18\x9c\x01\x80/\xab\xaf\xaf\xffU\
Z\xbb\xa0\xba\x03`\x8eN\xcc\xe6\xe6\xb5\xed\x8a+N\
\xae\x0e\x01\x00\x00\x00\x98:\x833\x00\xf0\x95\x0d\xc3\xf3\
\x92\xfc\x97\xea\x0c\x809\xda\x99\x1bn\xb8\xb4:\x02\x00\
\x00\x00`\xea\x0c\xce\x00\xc0W\xd4{\xefI~4\xc9\
\xff\xaen\x01\x98\xa3s\xdb8>\xba:\x02\x00\x00\x00\
`\xca\x0c\xce\x00\xc0\x1d\xd2\x87\xe1\x1f\xd2\xda\x8fUw\
\x00\xccQK\xf2\xa26\x8egT\x87\x00\x00\x00\x00L\
\x95\xc1\x19\x00\xb8\xc3\xfal\xf6\xea$\xbf\x5c\xdd\x010\
G\xf7L\xf2\xab\xad\xb5V\x1d\x02\x00\x00\x000E\x06\
g\x00\xe0\xc8\xdc\xe9NOO\xf27\xd5\x19\x00s\xf4\
\xbd\xd9\xd8xju\x04\x00\x00\x00\xc0\x14\x19\x9c\x01\x80\
#\xd2\xcf;\xefSY[;;\xc9\x81\xea\x16\x809\
zn\xdb\xbb\xf7\x1b\xab#\x00\x00\x00\x00\xa6\xc6\xe0\x0c\
\x00\x1c\xb1\xbe\xbe\xfe\xd6${\xaa;\x00\xe6\xe8\xa4l\
n^\xdb\xc6\xf1\xa4\xea\x10\x00\x00\x00\x80)18\x03\
\x00G\xeb\xe2$\xff\xad:\x02`\x8e\xbe!\xc9\xde\xea\
\x08\x00\x00\x00\x80)18\x03\x00G\xa5\x0f\xc3f\xb6\
o?'\xc9\xc7\xab[\x00\xe6\xe8\xa7\xdb\x9e=\xdfU\
\x1d\x01\x00\x00\x000\x15\x06g\x00\xe0\xa8\xf5\xdd\xbb?\
\x90\xd6~\xaa\xba\x03`\x8e\xd6\xd2\xfbK\xda%\x97\xdc\
\xad:\x04\x00\x00\x00`\x0a\x0c\xce\x00\xc01\xe9\xb3\xd9\
\xcb\x92\xfcZu\x07\xc0\x1c\xdd'\xb7\xdc\xf2K\xd5\x11\
\x00\x00\x00\x00S`p\x06\x00\x8e\xddI'=5\xc9\
\xfb\xaa3\x00\xe6\xe81m\xcf\x9e'UG\x00\x00\x00\
\x00,:\x833\x00p\xcc\xfa\xb3\x9f\xfd\xc9\xac\xad\x9d\
\x93\xe4Pu\x0b\xc0\xdc\xf4~e\xdb\xb7\xefA\xd5\x19\
\x00\x00\x00\x00\x8b\xcc\xe0\x0c\x00\xccE__\x7fc\x92\
\xe7Tw\x00\xcc\xd1\x9dr\xe8\xd05m\x1cwT\x87\
\x00\x00\x00\x00,*\x833\x000?g\x9e\xb9\x9e\xe4\
O\xab3\x00\xe6\xe8!If\xd5\x11\x00\x00\x00\x00\x8b\
\xca\xe0\x0c\x00\xccM\xdf\xb5\xeb@\x92\xb3\x93\xdcX\xdd\
\x020G\x17\xb4={\xbe\xb3:\x02\x00\x00\x00`\x11\
\x19\x9c\x01\x80\xb9\xea\xc3\xf0wi\xedY\xd5\x1d\x00s\
\xb4\x96\xde_\xda.\xbd\xf4\xae\xd5!\x00\x00\x00\x00\x8b\
\xc6\xe0\x0c\x00\xcc]\x9f\xcd^\x98\xe45\xd5\x1d\x00s\
t\xdf\xdc|\xf3\xd5\xd5\x11\x00\x00\x00\x00\x8b\xc6\xe0\x0c\
\x00\x1c\x1f;v<)\xc9G\xaa3\x00\xe6\xe8?\xb5\
q\xfc\xa1\xea\x08\x00\x00\x00\x80Ebp\x06\x00\x8e\x8b\
~\xc1\x05\x1fMkOH\xd2\xab[\x00\xe6\xe8\x85m\
\x1c\x1fP\x1d\x01\x00\x00\x00\xb0(\x0c\xce\x00\xc0q\xd3\
g\xb3\xd7'yau\x07\xc0\x1c\x9d\x92\xe4\xc5m\xff\
\xfem\xd5!\x00\x00\x00\x00\x8b\xc0\xe0\x0c\x00\x1co\xcf\
L\xf2\xce\xea\x08\x809zh\xae\xbbnwu\x04\x00\
\x00\x00\xc0\x2208\x03\x00\xc7U\x1f\x86\x9b\xb2\xb6\xf6\
#In\xa9n\x01\x98\xa3\xf5\xb6w\xefwTG\x00\
\x00\x00\x00T38\x03\x00\xc7]__\x7f[Z\xbb\
\xb0\xba\x03`\x8e\xb6gs\xf3\xe5m\x1cO\xad\x0e\x01\
\x00\x00\x00\xa8dp\x06\x00\xb6F\xef\xcfM\xf2\x07\xd5\
\x19\x00s\xf4\xb5I\xae\xac\x8e\x00\x00\x00\x00\xa8dp\
\x06\x00\xb6D\x1f\x86\xcdl\xdf\xfe\xc3I\xae\xafn\x01\
\x98\xa3'\xb4q|lu\x04\x00\x00\x00@\x15\x833\
\x00\xb0e\xfa\xee\xdd\x1fJ\xf2\xe4\xea\x0e\x809{a\
\x1b\xc7\xaf\xae\x8e\x00\x00\x00\x00\xa8`p\x06\x00\xb6T\
\x1f\x86\xdfJ\xf2\xd2\xea\x0e\x809\xbaK\x92\x97\xb7\xfd\
\xfb\xb7U\x87\x00\x00\x00\x00l5\x833\x00P\xe1\xc7\
\x93\xbc\xbb:\x02`\x8e\x1e\x9ew\xbd\xeb\xbc\xea\x08\x00\
\x00\x00\x80\xadfp\x06\x00\xb6\x5c\x1f\x86\x1b\x93<!\
\xc9\xa1\xe2\x14\x80\xf9\xe9}o\x1b\xc7o\xad\xce\x00\x00\
\x00\x00\xd8J\x06g\x00\xa0D\x1f\x867'\xb9\xb8\xba\
\x03`\x8eNHrM\x1b\xc7S\xaaC\x00\x00\x00\x00\
\xb6\x8a\xc1\x19\x00\xa8\xb4'\xc9[\xaa#\x00\xe6\xe8\x01\
I\x9eS\x1d\x01\x00\x00\x00\xb0U\x0c\xce\x00@\x99>\
\x0c\x07\x93\x9c\x9d\xe4\x9f\xaa[\x00\xe6\xe8\xc7\xda\x9e=\
gUG\x00\x00\x00\x00l\x05\x833\x00P\xaa\x0f\xc3\
{\xd2\xda3\xaa;\x00\xe6\xaa\xf7\xab\xda\xc5\x17\x9fY\
\x9d\x01\x00\x00\x00p\xbc\x19\x9c\x01\x80r}6{Q\
\x92WTw\x00\xcc\xd1\xdds\xe0\xc0KZk\xad:\
\x04\x00\x00\x00\xe0x28\x03\x00\x8b\xe1\xc4\x13\x9f\x92\
\xe4\x03\xd5\x19\x00s\xf4=\xd9\xd8\xf8\xa9\xea\x08\x00\x00\
\x00\x80\xe3\xc9\xe0\x0c\x00,\x84~\xfe\xf9\x1fO\xf2\xc4\
$\x9b\xd5-\x00sti\xdb\xbb\xf7\x9b\xaa#\x00\x00\
\x00\x00\x8e\x17\x833\x00\xb00\xfa0\xbc!\xc9\x95\xd5\
\x1d\x00stb67\xafmW\x5cqru\x08\x00\
\x00\x00\xc0\xf1`p\x06\x00\x16\xcb\xe9\xa7_\x90\xe4\x1d\
\xd5\x19\x00s\xb437\xdcpiu\x04\x00\x00\x00\xc0\
\xf1`p\x06\x00\x16J?\xf7\xdc\x9b\x93<>\xc9g\
\xaa[\x00\xe6\xe8\xdc6\x8e\x8f\xae\x8e\x00\x00\x00\x00\x98\
7\x833\x00\xb0p\xfa0\x5c\x97\xd6.\xa8\xee\x00\x98\
\xa3\x96\xff\x9f\xbd{\x8f\xd6\xeb,\xe8}\xff{\xd6J\
\x9bB\xb8\x16\xe4\x22\x82\x1cD\x14T\xd8Pt\xa3(\
t\xd3v\xad\xa4t\xc0\x81m\x0f\xec\xb6\xdc\x91\x9b\x94\
\x8b\x06\x0b\xa4Y3s\x05\xd2R\x90 7!\x5cz\
\xa1\xed\xde\x18\x06\x1c\x10E<\xb0E\x05Qn\x22`\
+rQn\xb6\x14JihI\x93\x95\xac\xe7\xfc\xd1\
\xba\x05l\xe9J3\xb3\x9e\xf7\xf2\xf9\x8c\xb1\xc6H\x9b\
\x8e\x8e\xef\x1f\xef\x98i\xe7\xef}\xe6L\xdeR\xfa\xfe\
N\xadC\x00\x00\x00\x00\x86dp\x06\x00FS\xd7\xbd\
:\xc9\x9f\xb6\xce\x00\x18\xd0\x1d\x92\x9c]J)\xadC\
\x00\x00\x00\x00\x86bp\x06\x00FR\xad\xb5&yR\
\x92o\xb6n\x01\x18\xd0\xfa\xf4\xfd3ZG\x00\x00\x00\
\x00\x0c\xc5\xe0\x0c\x00\x8c\xac\xdau\x97\xa5\x94\xa7\xb7\xee\
\x00\x18T\xad\xaf,[\xb7\xfeR\xeb\x0c\x00\x00\x00\x80\
!\x18\x9c\x01\x80\x91V\x17\x16\xde\x9d\xe4\xcd\xad;\x00\
\x06tD\x96\x97/,}\x7fD\xeb\x10\x00\x00\x00\x80\
\x83ep\x06\x00F\xdf\xbau\xcfK\xf2\xf9\xd6\x19\x00\
\x03\xfa\xc5$\x8b\xad#\x00\x00\x00\x00\x0e\x96\xc1\x19\x00\
\x18yu\xe3\xc6\xab33sr\x92\xbd\xad[\x00\x06\
\xf4\xbbeq\xf1\x98\xd6\x11\x00\x00\x00\x00\x07\xc3\xe0\x0c\
\x00\x8c\x85\xbay\xf3'S\x8a\xd3\x80\xc0$\x99I\xad\
\xe7\x963\xce\xb8]\xeb\x10\x00\x00\x00\x80\x9b\xca\xe0\x0c\
\x00\x8c\x8fZ\xcfH\xf2\xa1\xd6\x19\x00\x03\xbaK\xf6\xee\
}S\xeb\x08\x00\x00\x00\x80\x9b\xca\xe0\x0c\x00\x8c\x8d\xda\
u\xcbY\xb3\xe6\xf1I\xaeh\xdd\x020\xa0G\x95\xc5\
\xc5\xa7\xb4\x8e\x00\x00\x00\x00\xb8)\x0c\xce\x00\xc0X\xa9\
\x9b6}-\xc9sZw\x00\x0c\xaa\xd6?(}\x7f\
\xaf\xd6\x19\x00\x00\x00\x00\x07\xca\xe0\x0c\x00\x8c\x9d\xdau\
\xe7'\xf9\x9f\xad;\x00\x06\xb4.\xc9\x85e\xc7\x8e\xc3\
Z\x87\x00\x00\x00\x00\x1c\x08\x833\x000\x9e\x8e8\xe2\
\x99I\xbe\xd2:\x03`@G\xe5\x92K\x16ZG\x00\
\x00\x00\x00\x1c\x08\x833\x000\x96\xeai\xa7]\x99\x99\
\x99\xc7%\xd9\xdf\xba\x05`@/.}\x7ft\xeb\x08\
\x00\x00\x00\x80\x9528\x03\x00c\xabn\xde\xfc\xd7I\
^\xd1\xba\x03`@3I\xdeV\xce<\xf3\xb6\xadC\
\x00\x00\x00\x00V\xc2\xe0\x0c\x00\x8c\xb7;\xdfys\x92\
\x8f\xb5\xce\x00\x18\xd0Oe\xcf\x9e\x1d\xad#\x00\x00\x00\
\x00V\xc2\xe0\x0c\x00\x8c\xb5\xfa\xb4\xa7-%99\xc9\
U\xad[\x00\x06\xf4\x9b\xa5\xefOi\x1d\x01\x00\x00\x00\
pc\x0c\xce\x00\xc0\xd8\xab]\xf7\xc5\x94\xf2{\xad;\
\x00\x06\xf6\x87\xa5\xef\xef\xd9:\x02\x00\x00\x00\xe0\xc71\
8\x03\x00\x13\xa1.,\xfca\x92\xf7\xb4\xee\x00\x18\xd0\
-\x92\x9cSv\xee\x9cm\x1d\x02\x00\x00\x00pC\x0c\
\xce\x00\xc0\xe48\xfc\xf0\xa7&\xb9\xb4u\x06\xc0\x80\x1e\
\x9c\x8b/~q\xeb\x08\x00\x00\x00\x80\x1bbp\x06\x00\
&F}\xd1\x8b\xbe\x95R\x9e\x98\xa4\xb6n\x01\x18L\
\xad\x0be\xeb\xd6_m\x9d\x01\x00\x00\x00p}\x0c\xce\
\x00\xc0D\xa9\x0b\x0b\xefO\xf2\xfa\xd6\x1d\x00\x03Z\x93\
\xe5\xe5\xf3K\xdf\xdf\xaau\x08\x00\x00\x00\xc0\x8f28\
\x03\x00\x93hc\x92\xcf\xb6\x8e\x00\x18\xd0=\x92\xbc\xaa\
u\x04\x00\x00\x00\xc0\x8f28\x03\x00\x13\xa7v\xdd5\
INJrM\xeb\x16\x80\x01=\xa9\xf4\xfdc[G\
\x00\x00\x00\x00\xfc \x833\x000\x91j\xd7}.\xa5\
,\xb4\xee\x00\x18\xd8\x1f\x96\xbe\xbf[\xeb\x08\x00\x00\x00\
\x80\x7fgp\x06\x00&W\xad\xbf\x9f\xe4\x7f\xb7\xce\x00\
\x18\xd0m\x92\x9c_v\xee\x9cm\x1d\x02\x00\x00\x00\x90\
\x18\x9c\x01\x80\x09V\xbbn9k\xd6<>\xc9wZ\
\xb7\x00\x0c\xe87r\xf1\xc5\x1b[G\x00\x00\x00\x00$\
\x06g\x00`\xc2\xd5M\x9b\xbe\x91\xe4\xb7Zw\x00\x0c\
\xaa\xd6\xad\xa5\xef\x7f\xa5u\x06\x00\x00\x00\x80\xc1\x19\x00\
\x98x\xb5\xeb\xde\x99\xe4\xbc\xd6\x1d\x00\x03:,\xc9\x05\
\xa5\xefo\xd1:\x04\x00\x00\x00\x98n\x06g\x00`Z\
\xfcv\x92/\xb4\x8e\x00\x18\xd0=\x93\xbc\xbcu\x04\x00\
\x00\x000\xdd\x0c\xce\x00\xc0T\xa8]wU\x92'&\
\xd9\xd78\x05`H\xcf(\x8b\x8b\x8fl\x1d\x01\x00\x00\
\x00L/\x833\x0005j\xd7\xfdM\x92m\xad;\
\x00\x06U\xeb\x9b\xcb\xb6mwn\x9d\x01\x00\x00\x00L\
'\x833\x000m\xb6&\xf9h\xeb\x08\x80\x01\xdd>\
KK\xe7\x96RJ\xeb\x10\x00\x00\x00`\xfa\x18\x9c\x01\
\x80\xa9R\xbbn_\x92S\x92|\xafu\x0b\xc0\x80\x8e\
\xcb\x96-\xcfm\x1d\x01\x00\x00\x00L\x1f\x833\x000\
uj\xd7}9\xc9\xf3Zw\x00\x0c\xec\xcc\xb2u\xeb\
\xfdZG\x00\x00\x00\x00\xd3\xc5\xe0\x0c\x00L\xa5\xdau\
oM\xf2G\xad;\x00\x06\xb46\xcb\xcb\x17\x96\xed\xdb\
o\xd6:\x04\x00\x00\x00\x98\x1e\x06g\x00`z\xad]\
\xfb\x8c$_k\x9d\x010\xa0\xfbd\xd7\xae3[G\
\x00\x00\x00\x00\xd3\xc3\xe0\x0c\x00L\xad\xfa\xc2\x17^\x91\
\xe4\xc9I\x96[\xb7\x00\x0c\xe8\xd4\xb2\xb8\xf8\xf0\xd6\x11\
\x00\x00\x00\xc0t08\x03\x00S\xadv\xdd\x07\x92\xfc\
A\xeb\x0e\x80\x01\x95\xd4\xfa\xd6\xb2m\xdb\x1d[\x87\x00\
\x00\x00\x00\x93\xcf\xe0\x0c\x00p\xe4\x91/J\xf2\x0f\xad\
3\x00\x06t\x87,-\x9d]J)\xadC\x00\x00\x00\
\x80\xc9fp\x06\x00\xa6^=\xf5\xd4=INJ\xb2\
\xbbu\x0b\xc0\x806\xa4\xef\x9f\xd1:\x02\x00\x00\x00\x98\
l\x06g\x00\x80$\xb5\xeb.J)/j\xdd\x010\
\xa8Z_Y\xb6n\xfd\xa5\xd6\x19\x00\x00\x00\xc0\xe42\
8\x03\x00\xfc\xbb\xae{u\x92?i\x9d\x010\xa0#\
\xb2\xbc|n\xe9\xfb\xc3[\x87\x00\x00\x00\x00\x93\xc9\xe0\
\x0c\x00p\x9dZkM\xf2\xe4$\xdfl\xdd\x020\xa0\
\xfb'yI\xeb\x08\x00\x00\x00`2\x19\x9c\x01\x00~\
@\xed\xba\xcbR\xca\xd3[w\x00\x0c\xecw\xcb\xe2\xe2\
1\xad#\x00\x00\x00\x80\xc9cp\x06\x00\xf8\x11ua\
\xe1\xddI\xde\xd4\xba\x03`@3\xa9\xf5\xdcr\xc6\x19\
\xb7k\x1d\x02\x00\x00\x00L\x16\x833\x00\xc0\xf5Y\xb7\
\xee\xf9I>\xdf:\x03`@w\xc9\xde\xbd\xbeL\x03\
\x00\x00\x00\x0c\xca\xe0\x0c\x00p=\xea\xc6\x8dWgf\
\xe6\xe4${[\xb7\x00\x0c\xe8Q\xa5\xef\x9f\xdc:\x02\
\x00\x00\x00\x98\x1c\x06g\x00\x80\x1bP7o\xfedJ\
Yl\xdd\x010\xb0W\x97\xbe\xbfW\xeb\x08\x00\x00\x00\
`2\x18\x9c\x01\x00~\x9cZ\xcfH\xf2\xa1\xd6\x19\x00\
\x03Z\x97\xe4\xc2\xb2c\xc7a\xadC\x00\x00\x00\x80\xf1\
gp\x06\x00\xf81j\xd7-g\xcd\x9a\xc7'\xb9\xa2\
u\x0b\xc0\x80\x8e\xca%\x97,\xb4\x8e\x00\x00\x00\x00\xc6\
\x9f\xc1\x19\x00\xe0F\xd4M\x9b\xbe\x96\xe49\xad;\x00\
\x06\xf6\xe2\xd2\xf7G\xb7\x8e\x00\x00\x00\x00\xc6\x9b\xc1\x19\
\x00`\x05j\xd7\x9d\x9f\xe4\x7f\xb6\xee\x00\x18\xd0L\x92\
\xb7\x953\xcf\xbcm\xeb\x10\x00\x00\x00`|\x19\x9c\x01\
\x00V\xea\x88#\x9e\x99\xe4+\xad3\x00\x06\xf4S\xd9\
\xb3gG\xeb\x08\x00\x00\x00`|\x19\x9c\x01\x00V\xa8\
\x9ev\xda\x95\x99\x99y\x5c\x92\xfd\xad[\x00\x06\xf4\x9b\
eq\xf1\xe4\xd6\x11\x00\x00\x00\xc0x28\x03\x00\x1c\
\x80\xbay\xf3_'yy\xeb\x0e\x80A\xd5\xfa\xba\xd2\
\xf7wo\x9d\x01\x00\x00\x00\x8c\x1f\x833\x00\xc0\x81\xdb\
\x9c\xe4c\xad#\x00\x06t\xeb$\xe7\x97\x9d;g[\
\x87\x00\x00\x00\x00\xe3\xc5\xe0\x0c\x00p\x80j\xd7\xedK\
rr\x92\xabZ\xb7\x00\x0c\xe8\xc1\xb9\xf8\xe2\x17\xb7\x8e\
\x00\x00\x00\x00\xc6\x8b\xc1\x19\x00\xe0&\xa8]\xf7\xc5$\
/h\xdd\x010\xa8Z\x17\xca\xd6\xad\xbf\xda:\x03\x00\
\x00\x00\x18\x1f\x06g\x00\x80\x9b\xa8v\xdd\x1b\x92\xbc\xa7\
u\x07\xc0\x80\xd6dy\xf9\xfc\xd2\xf7\xb7j\x1d\x02\x00\
\x00\x00\x8c\x07\x833\x00\xc0\xc18\xfc\xf0\xa7&\xb9\xb4\
u\x06\xc0\x80\xee\x91\xe4U\xad#\x00\x00\x00\x80\xf1`\
p\x06\x008\x08\xf5E/\xfaVJyb\x92\xda\xba\
\x05`@O*\x8b\x8b\x8fi\x1d\x01\x00\x00\x00\x8c>\
\x833\x00\xc0A\xaa\x0b\x0b\xefO\xf2\xfa\xd6\x1d\x00\x83\
\xaa\xf5\x0d\xa5\xef\xef\xd6:\x03\x00\x00\x00\x18m\x06g\
\x00\x80alL\xf2\xd9\xd6\x11\x00\x03\xbaM\x92\xb7\x95\
\x9d;g[\x87\x00\x00\x00\x00\xa3\xcb\xe0\x0c\x000\x80\
\xdau\xd7$9)\xc95\xad[\x00\x06\xf4\x90\x5ct\
\xd1\xef\xb6\x8e\x00\x00\x00\x00F\x97\xc1\x19\x00` \xb5\
\xeb>\x97R\x16Zw\x00\x0c\xec%\xa5\xef\x7f\xa5u\
\x04\x00\x00\x000\x9a\x0c\xce\x00\x00C\xaa\xf5\xf7\x93|\
\xb0u\x06\xc0\x80\x0eKrA\xe9\xfb[\xb4\x0e\x01\x00\
\x00\x00F\x8f\xc1\x19\x00`@\xb5\xeb\x96\xb3f\xcd\x13\
\x92\x5c\xde\xba\x05`@\xf7L\xf2\xf2\xd6\x11\x00\x00\x00\
\xc0\xe818\x03\x00\x0c\xacn\xda\xf4\x8d$Ok\xdd\
\x010\xb0g\x94\xc5\xc5G\xb6\x8e\x00\x00\x00\x00F\x8b\
\xc1\x19\x00\xe0\x10\xa8]\xf7\xce$\xe7\xb6\xee\x00\x18T\
\xado.\xdb\xb6\xdd\xb9u\x06\x00\x00\x000:\x0c\xce\
\x00\x00\x87\xce\xb3\x93|\xa1u\x04\xc0\x80n\x9f\xa5\xa5\
sK)\xa5u\x08\x00\x00\x000\x1a\x0c\xce\x00\x00\x87\
H\xed\xba\xab23sr\x92\xa5\xd6-\x00\x03:.\
}\xff\x9c\xd6\x11\x00\x00\x00\xc0h08\x03\x00\x1cB\
u\xf3\xe6\x8f'9\xa3u\x07\xc0\xa0j}Y\xd9\xba\
\xf5~\xad3\x00\x00\x00\x80\xf6\x0c\xce\x00\x00\x87\xde\xd6\
$\x1fm\x1d\x010\xa0\xb5Y^\xbe\xb0l\xdf~\xb3\
\xd6!\x00\x00\x00@[\x06g\x00\x80C\xacv\xdd\xbe\
$\xa7$\xf9^\xeb\x16\x80\x01\xdd'\xbbvy\x82\x03\
\x00\x00\x00L9\x833\x00\xc0*\xa8]\xf7\xe5$\xcf\
k\xdd\x010\xb0\xe7\x94\xc5\xc5\x87\xb7\x8e\x00\x00\x00\x00\
\xda18\x03\x00\xac\x92\xdauoM\xf2G\xad;\x00\
\x06TR\xeb[\xcb\xb6mwl\x1d\x02\x00\x00\x00\xb4\
ap\x06\x00XMk\xd7>#\xc9\xd7Zg\x00\x0c\
\xe8\x0eYZ:\xbb\x94RZ\x87\x00\x00\x00\x00\xab\xcf\
\xe0\x0c\x00\xb0\x8a\xea\x0b_xE\x92''Yn\xdd\
\x020\xa0\x0d\xe9\xfbg\xb4\x8e\x00\x00\x00\x00V\x9f\xc1\
\x19\x00`\x95\xd5\xae\xfb@\x92W\xb5\xee\x00\x18T\xad\
\xaf,}\xff\x8b\xad3\x00\x00\x00\x80\xd5ep\x06\x00\
h\xe1\xc8#_\x9c\xe4\x1fZg\x00\x0c\xe8\x88$\xe7\
\x95\xbe?\xbcu\x08\x00\x00\x00\xb0z\x0c\xce\x00\x00\x0d\
\xd4SO\xdd\x93\xe4\xa4$\xbb[\xb7\x00\x0c\xe8\xfeI\
\xb6\xb6\x8e\x00\x00\x00\x00V\x8f\xc1\x19\x00\xa0\x91\xdau\
\x17%ya\xeb\x0e\x80\x81m,\x8b\x8b\xc7\xb4\x8e\x00\
\x00\x00\x00V\x87\xc1\x19\x00\xa0\xa5-[^\x93\xe4O\
Zg\x00\x0ch&\xb5\x9e[\xce8\xe3v\xadC\x00\
\x00\x00\x80C\xcf\xe0\x0c\x00\xd0P\xad\xb5&yr\x92\
o\xb6n\x01\x18\xd0]\xb2w\xef\x9bZG\x00\x00\x00\
\x00\x87\x9e\xc1\x19\x00\xa0\xb1\xdau\x97\xa5\x94\xa7\xb7\xee\
\x00\x18\xd8\xa3J\xdf?\xb9u\x04\x00\x00\x00ph\x19\
\x9c\x01\x00F@]Xxw\x12\xa7\x01\x81I\xf3\xea\
\xd2\xf7\xf7j\x1d\x01\x00\x00\x00\x1c:\x06g\x00\x80Q\
\xb1n\xdd\xf3\x93|\xbeu\x06\xc0\x80\xd6%\xb9\xb0\xec\
\xd8qX\xeb\x10\x00\x00\x00\xe0\xd008\x03\x00\x8c\x88\
\xbaq\xe3\xd5\x99\x9999\xc9\xde\xd6-\x00\x03:*\
\x97\x5c\xb2\xb9u\x04\x00\x00\x00ph\x18\x9c\x01\x00F\
H\xdd\xbc\xf9\x93)e\xb1u\x07\xc0\xc06\x95\xbe?\
\xbau\x04\x00\x00\x000<\x833\x00\xc0\xa8\xa9\xf5\x8c\
$\x1fj\x9d\x010\xa0\x99$\xe7\x953\xcf\xbcm\xeb\
\x10\x00\x00\x00`X\x06g\x00\x80\x11S\xbbn9\xc9\
\xe3\x92\x5c\xd1\xba\x05`@w\xcd\x9e=ol\x1d\x01\
\x00\x00\x00\x0c\xcb\xe0\x0c\x000\x82j\xd7}=\xa5\x9c\
\xda\xba\x03``'\x96\xc5\xc5\x93[G\x00\x00\x00\x00\
\xc318\x03\x00\x8c\xa8\xba\xb0pA\x92\x0b[w\x00\
\x0c\xaa\xd6\xd7\x95\xbe\xbf{\xeb\x0c\x00\x00\x00`\x18\x06\
g\x00\x80Qv\xc4\x11\xcfJ\xf2\x95\xd6\x19\x00\x03\xba\
u\x92\xf3\xcb\xce\x9d\xb3\xadC\x00\x00\x00\x80\x83gp\
\x06\x00\x18a\xf5\xb4\xd3\xaeLrJ\x92\xfd\xad[\x00\
\x06\xf4\xe0\x5c|\xf1\x8b[G\x00\x00\x00\x00\x07\xcf\xe0\
\x0c\x000\xe2j\xd7}8\xc9\xcb[w\x00\x0c\xaa\xd6\
\x85\xd2\xf7\x0fj\x9d\x01\x00\x00\x00\x1c\x1c\x833\x00\xc0\
x\xd8\x9c\xe4c\xad#\x00\x06\xb4&\xc9\x05\xe5\xac\xb3\
n\xd9:\x04\x00\x00\x00\xb8\xe9\x0c\xce\x00\x00c\xa0v\
\xdd\xbe$''\xb9\xaau\x0b\xc0\x80\xee\x91\xdd\xbb_\
\xd5:\x02\x00\x00\x00\xb8\xe9\x0c\xce\x00\x00c\xa2v\xdd\
\x17\x93\xbc\xa0u\x07\xc0\xc0\x9e\x5c\x16\x17\x1f\xd3:\x02\
\x00\x00\x00\xb8i\x0c\xce\x00\x00c\xa4v\xdd\x1b\x92\xbc\
\xa7u\x07\xc0\xa0j}C\xe9\xfb\xbb\xb5\xce\x00\x00\x00\
\x00\x0e\x9c\xc1\x19\x00`\xdc\x1c~\xf8S\x93\x5c\xda:\
\x03`@\xb7I\xf2\xb6\xb2s\xe7\x09\xd3\xee3\x00\x00\
 \x00IDATl\xeb\x10\x00\x00\x00\xe0\xc0\x18\x9c\
\x01\x00\xc6L}\xd1\x8b\xbe\x95R\x9e\x98\xa4\xb6n\x01\
\x18\xd0Cr\xd1E\xbf\xdb:\x02\x00\x00\x0080\x06\
g\x00\x801T\x17\x16\xde\x9f\xe4u\xad;\x00\x06\xf6\
\x92\xd2\xf7\xbf\xd2:\x02\x00\x00\x00X9\x833\x00\xc0\
\xf8zA\x92\xcf\xb6\x8e\x00\x18\xd0aI.(}\x7f\
\x8b\xd6!\x00\x00\x00\xc0\xca\x18\x9c\x01\x00\xc6T\xed\xba\
k\x92\x9c\x94\xe4\x9a\xd6-\x00\x03\xbag\x92\xb3ZG\
\x00\x00\x00\x00+cp\x06\x00\x18c\xb5\xeb>\x97d\
s\xeb\x0e\x80\x81=\xb3\xf4\xfd#ZG\x00\x00\x00\x00\
7\xce\xe0\x0c\x000\xfe^\x99\xe4\x83\xad#\x00\x06\xf6\
\x96\xb2m\xdb\x9d[G\x00\x00\x00\x00?\x9e\xc1\x19\x00\
`\xcc\xd5\xae[\xce\x9a5OHry\xeb\x16\x80\x01\
\xdd>KK\xe7\x94RJ\xeb\x10\x00\x00\x00\xe0\x86\x19\
\x9c\x01\x00&@\xdd\xb4\xe9\x1bI\x9e\xd6\xba\x03``\
s\xe9\xfb\xe7\xb4\x8e\x00\x00\x00\x00n\x98\xc1\x19\x00`\
B\xd4\xae{g\x92s[w\x00\x0c\xaa\xd6\x97\x95\xad\
[\xef\xd7:\x03\x00\x00\x00\xb8~\x06g\x00\x80\xc9\xf2\
\xec$_h\x1d\x010\xa0\xb5Y^\xbe\xb0l\xdf~\
\xb3\xd6!\x00\x00\x00\xc0\x7ffp\x06\x00\x98 \xb5\xeb\
\xae\xca\xcc\xcc\xc9I\x96Z\xb7\x00\x0c\xe8>\xd9\xb5\xeb\
\x8c\xd6\x11\x00\x00\x00\xc0\x7ffp\x06\x00\x980u\xf3\
\xe6\x8f'1\xcc\x00\x93\xe69eq\xf1\xe1\xad#\x00\
\x00\x00\x80\x1ffp\x06\x00\x98L[\x93|\xb4u\x04\
\xc0\x80Jj}k\xd9\xb6\xed\x8e\xadC\x00\x00\x00\x80\
\xff`p\x06\x00\x98@\xb5\xeb\xf6%9%\xc9\xae\xd6\
-\x00\x03\xbaC\x96\x96\xce.\xa5\x94\xd6!\x00\x00\x00\
\xc0\xb5\x0c\xce\x00\x00\x13\xaav\xdd\x97S\xca\xf3Zw\
\x00\x0clC\xb6lyz\xeb\x08\x00\x00\x00\xe0Z\x06\
g\x00\x80\x09V\x17\x16\xceN\xf2\xf6\xd6\x1d\x00\x03\xdb\
^\xfa\xfe\x17[G\x00\x00\x00\x00\x06g\x00\x80i\xf0\
\x8c$_m\x1d\x010\xa0#\x92\x9cW\xfa\xfe\xf0\xd6\
!\x00\x00\x000\xed\x0c\xce\x00\x00\x13\xaev\xddw3\
3\xf3\xf8$\xcb\xad[\x00\x06t\xff$[[G\x00\
\x00\x00\xc0\xb438\x03\x00L\x81\xbay\xf3_&y\
U\xeb\x0e\x80\x81m,\x8b\x8b\xc7\xb4\x8e\x00\x00\x00\x80\
ifp\x06\x00\x98\x16G\x1e\xf9\xe2$\xff\xd0:\x03\
`@3\xa9\xf5\xdcr\xc6\x19\xb7k\x1d\x02\x00\x00\x00\
\xd3\xca\xe0\x0c\x000%\xea\xa9\xa7\xeeIrR\x92\xdd\
\xad[\x00\x06t\x97\xec\xdd\xfb\xa6\xd6\x11\x00\x00\x000\
\xad\x0c\xce\x00\x00S\xa4v\xddEI^\xd8\xba\x03`\
`\x8f*\x8b\x8bOj\x1d\x01\x00\x00\x00\xd3\xc8\xe0\x0c\
\x000m\xb6lyM\x92?i\x9d\x010\xa8Z_\
S\xfa\xfe^\xad3\x00\x00\x00`\xda\x18\x9c\x01\x00\xa6\
L\xad\xb5&yr\x92o\xb6n\x01\x18\xd0\xba$\x17\
\x94\x1d;\x0ek\x1d\x02\x00\x00\x00\xd3\xc4\xe0\x0c\x000\
\x85j\xd7]\x96R\x9e\xde\xba\x03``\x0f\xcc%\x97\
ln\x1d\x01\x00\x00\x00\xd3\xc4\xe0\x0c\x000\xa5\xea\xc2\
\xc2\xbb\x93\xech\xdd\x010\xb0M\xa5\xef\x8fn\x1d\x01\
\x00\x00\x00\xd3\xc2\xe0\x0c\x000\xdd\x9e\x9f\xe4\xf3\xad#\
\x00\x064\x93\xe4\xbcr\xe6\x99\xb7m\x1d\x02\x00\x00\x00\
\xd3\xc0\xe0\x0c\x000\xc5j\xd7}?\xc9II\xf6\xb6\
n\x01\x18\xd0]\xb3g\xcf\x1b[G\x00\x00\x00\xc04\
08\x03\x00L\xb9\xdau\x9fJ\xd2\xb7\xee\x00\x18\xd8\
\x89\xa5\xefOj\x1d\x01\x00\x00\x00\x93\xce\xe0\x0c\x00@\
\x92\x9c\x99\xe4C\xad#\x00\x06\xf6\xfa\xd2\xf7wo\x1d\
\x01\x00\x00\x00\x93\xcc\xe0\x0c\x00@j\xd7-'y\x5c\
\x92+Z\xb7\x00\x0c\xe8\xd6I\xce/;w\xce\xb6\x0e\
\x01\x00\x00\x80Iep\x06\x00 IR\xbb\xee\xeb)\
\xe5\xd4\xd6\x1d\x00\x03{p.\xba\xe8E\xad#\x00\x00\
\x00`R\x19\x9c\x01\x00\xf8?\xea\xc2\xc2\x05I.l\
\xdd\x010\xb0\xae\xf4\xfd\x83ZG\x00\x00\x00\xc0$2\
8\x03\x00\xf0\xc3\x8e8\xe2YI\xbe\xd2:\x03`@\
k\x92\x5cP\xce:\xeb\x96\xadC\x00\x00\x00`\xd2\x18\
\x9c\x01\x00\xf8!\xf5\xb4\xd3\xaeLrJ\x92\xfd\xad[\
\x00\x06t\x8f\xec\xde\xfd\xaa\xd6\x11\x00\x00\x000i\x0c\
\xce\x00\x00\xfc'\xb5\xeb>\x9c\xe4\xe5\xad;\x00\x06\xf6\
\xe4\xb2\xb8\xf8\x98\xd6\x11\x00\x00\x000I\x0c\xce\x00\x00\
\xdc\x90\xcdI\xfe\xaeu\x04\xc0\xa0j}C\xe9\xfb\xbb\
\xb5\xce\x00\x00\x00\x80Iap\x06\x00\xe0z\xd5\xae\xdb\
\x97k\x1f\xad}U\xeb\x16\x80\x01\xdd&\xc9\xdb\xca\xce\
\x9d\xb3\xadC\x00\x00\x00`\x12\x18\x9c\x01\x00\xb8A\xb5\
\xeb\xbe\x98R6\xb6\xee\x00\x18\xd8Cr\xf1\xc5\xbf\xd3\
:\x02\x00\x00\x00&\xc1\x9a\xd6\x01\x00\x00\x8c\xb6\xba\xb0\
\xf0\xc6\xd2\xf7\xc7'yD\xeb\x16\x80\xc1\xd4\xfa\xd2\xb2\
u\xeb\x87\xea\xe6\xcd\x1fo\x9d\x02\xd3\xa6|\xf0\x83\xf7\
\xc8\xfe\xfdg\xb6\xee\x00\x00\x00\x86ap\x06\x00`%\
\x9e\x92\xe43I\xee\xdc:\x04` \x87ey\xf9\xdc\
\xd2\xf7\x0f\xac]\xf7\xfd\xd610U\xf6\xef\xbfmj\
=\xb1u\x06\x00\x000\x0c\x8f\xd4\x06\x00\xe0F\xd5\xae\
\xfbv\x92'&\xa9\x8dS\x00\x86t\xef$\xafh\x1d\
\x01\x00\x00\x00\xe3\xcc\xe0\x0c\x00\xc0\x8a\xd4\xae\xfb\xf3$\
\xafk\xdd\x010\xb0g\x96\xbe\xf7\xca\x00\x00\x00\x00\xb8\
\x89\x0c\xce\x00\x00\x1c\x88\x17$\xf9l\xeb\x08\x80\x81\xbd\
\xa5l\xdb\xe6\x95\x01\x00\x00\x00p\x13\x18\x9c\x01\x00X\
\xb1\xdau\xd7$9)\xc95\xad[\x00\x06t\xfb,\
-\x9dSJ)\xadC\x00\x00\x00`\xdc\x18\x9c\x01\x00\
8 \xb5\xeb>\x97ds\xeb\x0e\x80\x81\xcde\xcb\x96\
S[G\x00\x00\x00\xc0\xb818\x03\x00pS\xbc2\
\xc9\x07[G\x00\x0c\xec\xac\xd2\xf7\xf7m\x1d\x01\x00\x00\
\x00\xe3\xc4\xe0\x0c\x00\xc0\x01\xab]\xb7\x9c5k\x9e\x90\
\xe4\xf2\xd6-\x00\x03Z\x9b\xe4\xc2\xb2}\xfb\xcdZ\x87\
\x00\x00\x00\xc0\xb808\x03\x00p\x93\xd4M\x9b\xbe\x91\
\xe4i\xad;\x00\x06\xf6\x0b\xd9\xb5k[\xeb\x08\x00\x00\
\x00\x18\x17\x06g\x00\x00n\xb2\xdau\xefLrN\xeb\
\x0e\x80\x81=\xb7,.>\xbcu\x04\x00\x00\x00\x8c\x03\
\x833\x00\x00\x07g\xdd\xbag'\xf9B\xeb\x0c\x80\x01\
\x95\xd4\xfa\xd6\xb2m\xdb\x1d[\x87\x00\x00\x00\xc0\xa83\
8\x03\x00pP\xea\xc6\x8dWgf\xe6\xe4$K\xad\
[\x00\x06t\x87,-\x9d]J)\xadC\x00\x00\x00\
`\x94\x19\x9c\x01\x008hu\xf3\xe6\x8f'\xf1\xceS\
`\xd2l\xc8\x96-Oo\x1d\x01\x00\x00\x00\xa3\xcc\xe0\
\x0c\x00\xc0P^\x92\xe4\xa3\xad#\x00\x06\xf6\xfb\xa5\xef\
\x7f\xbeu\x04\x00\x00\x00\x8c*\x833\x00\x00\x83\xa8]\
\xb7/\xc9)Iv\xb5n\x01\x18\xd0\xcd\x93\x5cX\xfa\
\xfe\xf0\xd6!\x00\x00\x000\x8a\x0c\xce\x00\x00\x0c\xa6v\
\xdd\x97S\xca\xf3Zw\x00\x0c\xec\xfeI\x16[G\x00\
\x00\x00\xc0(28\x03\x000\xa8\xba\xb0pv\x92\xb7\
\xb7\xee\x00\x18\xd8\x0bJ\xdf?\xacu\x04\x00\x00\x00\x8c\
\x1a\x833\x00\x00\x87\xc23\x92|\xb5u\x04\xc0\x80f\
\x92\x9cW\xce8\xe3v\xadC\x00\x00\x00`\x94\x18\x9c\
\x01\x00\x18\x5c\xed\xba\xefff\xe6\xf1I\x96[\xb7\x00\
\x0c\xe8.\xd9\xbbwG\xeb\x08\x00\x00\x00\x18%\x06g\
\x00\x00\x0e\x89\xbay\xf3_&yU\xeb\x0e\x80\x81=\
\xba,.>\xa9u\x04\x00\x00\x00\x8c\x0a\x833\x00\x00\
\x87\xce\x91G\xbe8\xc9\xa7[g\x00\x0c\xaa\xd6\xd7\x94\
\xbe\xbfW\xeb\x0c\x00\x00\x00\x18\x05\x06g\x00\x00\x0e\x99\
z\xea\xa9{\x92\x9c\x9cdw\xeb\x16\x80\x01\xadKr\
A\xd9\xb1\xe3\xb0\xd6!\x00\x00\x00\xd0\x9a\xc1\x19\x00\x80\
C\xaav\xddE)\xe5\xb4\xd6\x1d\x00\x03{`.\xb9\
ds\xeb\x08\x00\x00\x00h\xcd\xe0\x0c\x00\xc0\xa1\xd7u\
\xafM\xf2'\xad3\x00\x06\xb6\xa9l\xdd\xfa\xd0\xd6\x11\
\x00\x00\x00\xd0\x92\xc1\x19\x00\x80C\xae\xd6Z\x93<9\
\xc97[\xb7\x00\x0ch&\xcb\xcbo+g\x9ey\xdb\
\xd6!\x00\x00\x00\xd0\x8a\xc1\x19\x00\x80UQ\xbb\xee\xb2\
\x94\xf2\xa4$\xb5u\x0b\xc0\x80\xee\x9a={^\xdd:\
\x02\x00\x00\x00Z18\x03\x00\xb0j\xea\xc2\xc2\xfb\x92\
\xbc\xa9u\x07\xc0\xc0N)}\x7fR\xeb\x08\x00\x00\x00\
h\xc1\xe0\x0c\x00\xc0j{~\x92\xcf\xb7\x8e\x00\x18\xd8\
\xebK\xdf\xdf\xbdu\x04\x00\x00\x00\xac6\x833\x00\x00\
\xab\xaav\xdd\xf7\x93\x9c\x94do\xeb\x16\x80\x01\xdd:\
\xc9\xf9e\xe7\xce\xd9\xd6!\x00\x00\x00\xb0\x9a\x0c\xce\x00\
\x00\xac\xba\xdau\x9fJ\xd2\xb7\xee\x00\x18\xd8\x83s\xd1\
E/j\x1d\x01\x00\x00\x00\xab\xc9\xe0\x0c\x00@+g\
&\xf9P\xeb\x08\x80\x81u\xa5\xef\x1f\xd4:\x02\x00\x00\
\x00V\x8b\xc1\x19\x00\x80&j\xd7-'y\x5c\x92+\
Z\xb7\x00\x0chM\x92\x0b\xcaYg\xdd\xb2u\x08\x00\
\x00\x00\xac\x06\x833\x00\x00\xcd\xd4\xae\xfbzJyz\
\xeb\x0e\x80\x81\xdd#\xbbwoo\x1d\x01\x00\x00\x00\xab\
aM\xeb\x00\x00\x00\xa6[]X\xd8Y\xfa\xfe\xc2$\
'\xb5n\x01\x18\xd0S\xca\xe2\xe2\xffW\x17\x16\xde\xde\
:\x04F\xce\xde\xbd_\xc9\xe1\x87\x8f\xfb\x17\xcefS\
\xeb\xad~\xe0\xaf\xd7%9<IR\xebl\x92\xff\xf8\
\xbdRn\x91R\x0e\xbb\xee\xaf\xd6\xa4\xd6[^\xf7\xfb\
\xeb\x92\xdc\xe2\xba_\xdf*\xc9\xec\xa1\xcf\x06\x00`\x00\
W'\xb9:\xb5^\x95R\xaeH)W\xa5\xd6kR\
\xca\xae$I\xad\xdfM\xad5\xa5\x5c\x95d\xe9\xba\xdf\
\xdb}\xbd\xff\xa6Z\xbf\x9b\x99\x99\xbaz\xe9\x87\x86\xc1\
\x19\x00\x80\xf6\x8e8\xe2Y\xb9\xe6\x9a_Kr\xf7\xd6\
)\x00\x83\xa9\xf5\x0d\xa5\xef?Z\xbb\xee\xab\xadS`\
\x94\xd4\x13N\xf8v\x92\x1d\xad;FM\xd9\xb9\xf3f\
Y\xb7\xee\xd6\x99\x9d\xbd]\x92#\x93\x1c\x99R\xae\xfd\
\xf5\xf2\xf2\xedR\xca\x1d\x93\xdc!\xc9O&\xb9\xd3u\
\xbf6R\x03\x00\x1c\x9c\xcb\x93\x5c\x9a\xe4\xd2\x94rI\
j\xbd\xfc\xba\xbf\xf7\x9d\xd4zyff.\xcf\xfe\xfd\
\xdfN\xad\xdfI\xad\xbb\xf2\xf0\x87\x7f\xb7&c?\x10\
\x0f\xcd\xe0\x0c\x00@s\xf5\xb4\xd3\xae,}\xff\xb8$\
\x1f\x8a\x1b\xa7\xc0\xe4\xb8M\x92\xb7\x95\x9d;\x1fVO\
<q\x7f\xeb\x18`\xb4\xd5\x13O\xdc\x9ddw\xae\xbd\
\xe1y\xa3J\xdf\xcf\xe4\x97\x7f\xf9\x0e9\xec\xb0;\xa5\
\xd6\xbb&\xb9{j\xfd\xe9\x94r\xb7\xd4z\xb7$?\
\x9dk\x87i\x00\x80i\xf5\xad$_M\xf2\x95\xd4\xfa\
\x95\x94r\xed\xcf\xfe\xfd\x97fv\xf6\x1b\xd9\xbf\xff\xb2\
\xbaa\xc3\x9e\xd6\x91\x93\xc0\xe0\x0c\x00\xc0H\xa8]\xf7\
\xe1\xd2\xf7g%yQ\xeb\x16\x80\x01=$\x17_\xfc\
;I^\xde:\x04\x98,\xb5\xeb\x96\xf3\xef\xa7q\x92\
O_\xdf?S\xde\xfb\xde\x9b\xe7\xb0\xc3~6\xa5\xfc\
lj\xbdW\x92\x9fMr\xaf\xeb~n\xbfj\xb1\x00\
\x00\x87\xce\xa5I\xfe\xf9\xba\x9f/\xa4\xd6/df\xe6\
\x0b\xb9\xf2\xca/]\xf7\x85>V\x81\xc1\x19\x00\x80Q\
\xb2\x90\xe4aI\xfek\xeb\x10\x80\xc1\xd4\xfa\xd2\xb2u\
\xeb\x87\xea\xe6\xcd\x1fo\x9d\x02L\x97z\xc2\x09\xdfO\
\xf2\x0f\xd7\xfd\xfc\x90\xf2\xa7\x7fz\xa7\xacY\xf3KY\
^\xfe\xa5\x94\xf2\x8bI\xee\x9bR\xee\x93Zo\xb6\xea\
\xa1\x00\x007\xee\xf2$\x9fI\xad\x9fK)\x9fM)\
\x9f\xc9\xfe\xfd\x17\xd7\x0d\x1bv\xb5\x0e#)\xb5z\xcc\
8\xab\xaf\xf4\xfd;\x92\xfc\xf7\xd6\x1d\xc0\x18\x98\x9d\xbd\
G=\xfd\xf4\x7fi\x9d\x01\xac\x9e\xd2\xf7\xf7L\xf2\xf7\
In\xd1\xba\x05`@\x17'y`\xed\xba\xef\xb7\x0e\
\x01\xb8!e\xe7\xce\xd9\xdc\xfa\xd6\xf7N\xad\xbf\x9cR\
\x1e\x98Z\x1f\x98\xe4~I\xd6\xb6n\x03\x00\xa6H)\
\xdfH\xad\x9fH\xad\x9fH)\x9f\xc8\xcc\xccg\xeaq\
\xc7\xfd[\xeb,n\x98\x13\xce\x00\x00\x8c\x94\xdau_\
,\x8b\x8b\x1bS\xeb\x1bZ\xb7\x00\x0c\xe8\xdeI^\x91\
\xe4Y\xadC\x00n\xc8u\xef\x9b\xff\xdcu?g'\
I\xf9\xe4'\x0f\xcbw\xbes\xbf,/?8\xc9o\
$\xf9\xf5$wlW\x09\x00L\x98\xab\x93\xfcm\x92\
\xbfI)\x1fO\xad\x9f\xa8ss\x97\xb4\x8e\xe2\xc08\
\xe1L\x13N8\x03+\xe6\x843L\xad\xd2\xf7\xefN\
\xf2\x88\xd6\x1d\x00\x03{d\xed\xba\xf7\xb4\x8e\x008\x18\
\xe5\xcf\xfe\xec\xe7\x92\xfczJyh\x92\xe3\x92\xdc\xa9\
q\x12\x000>.K)\x1fI\xf2\xd7\xa9\xf5#Y\
\xbb\xf6S\xf5\xe8\xa3\xf7\xb5\x8e\xe2\xe08\xe1\x0c\x00\xc0\
\xa8zJ\x92\xcf$\xb9s\xeb\x10\x80\x01\xbd\xb9l\xdb\
v\xbf\xfa\xe2\x17\xfb\xc6>0\xb6\xea\xfa\xf5\x9fO\xf2\
\xf9$oI\x92\xf2\xc1\x0f\xde#\xfb\xf7\x1f\x9b\xe4\xd8\
\xd4\xba>\xc9-[\xf6\x01\x00#\xa4\x94\xdd\xa9\xf5#\
I>\x90R>\x90\xb9\xb9O\xd5\xc4i\xd8\x09cp\
\x06\x00`$\xd5\xae\xfbv\xe9\xfb'&\xf9\xb3$\xa5\
q\x0e\xc0P~\x22KK\xe7\x94R\xd6W\x8f\x1c\x03\
&D=\xe6\x98/'\xd9\x91dG\xd9\xb9\xf3f\xb9\
\xf5\xad\x8fI\xad\x8f\xc8\xb5O\xab\xf1\xf8m\x00\x98>\
\xff\x98\xe4\xbd)\xe5\xcf\xb3\x7f\xffG\xea\x86\x0d{Z\
\x07qhy\xa46Mx\xa46\xb0b\x1e\xa9\x0dS\
\xaf\xf4\xfdk\x92<\xbbu\x07\xc0\xc0\x9e[\xbb\xee\xd5\
\xad#\x00\x0e\xa5\xd2\xf73\xf9\xd5_}Pj}d\
\x92G'\xb9g\xeb&\x00\xe0\x90\xd8\x97\xe4\xc3)\xe5\
=\xd9\xbf\xff=u\xc3\x86/\xb5\x0ebu9\xe1\x0c\
\x00\xc0\xa8{A\x92\x87$\xb9o\xeb\x10\x80\x01\x9dU\
\xfa\xfeC\xb5\xeb>\xd3:\x04\xe0P\xa9]\xb7\x9c\xe4\
o\xae\xfb9\xad\xbc\xff\xfd\xbf\x92\xe4\x7f$yL\xbc\
6\x05\x00\xc6\xddR\xae}L\xf6\xdbS\xeb\x1f\xd7\xf9\
\xf9\xef\xb4\x0e\xa2\x9d\x99\xd6\x01\x00\x00\xf0\xe3\xd4\xae\xbb\
&33'%\xb9\xa6u\x0b\xc0\x80\xd6&\xb9\xb0l\
\xdf~\xb3\xd6!\x00\xab\xa5\xce\xcf\x7f\xac\xce\xcf??\
\xbbv\xdd5\xb5\x1e\x9b\xe4\x9c$W7\xce\x02\x00V\
n\x7fj\xfd\xdfI\x9e\x965k\xee\x5c\xe7\xe7\x8f\xaf\
ss\xe7\x1a\x9b18\x03\x000\xf2\xea\xe6\xcd\xff\x98\
RNo\xdd\x010\xb0_\xc8\xae]\xdbZG\x00\xac\
\xb6z\xe2\x89\xfb\xeb\xfa\xf5\x1f\xac\xf3\xf3O\xca\xf2\xf2\
O&yf\x92O\xb5\xee\x02\x00n\xd0\xc5)\xe5\x05\
\xd9\xbf\xff\xa7\xea\xfa\xf5\xc7\xd4\xf9\xf97\xd5c\x8e\xb9\
\xbcu\x14\xa3\xc3\xe0\x0c\x00\xc0x\xa8u{\x92\x0f\xb6\
\xce\x00\x18\xd8s\xcb\xe2\xe2\xc3[G\x00\xb4R7l\
\xd8U\xe7\xe7\xdfP\xe7\xe7\x8fJ)\x0fL\xf2\xa6\x94\
\xb2\xbbu\x17\x00\x90\xef\xa5\x94\xb7\xa4\x94\x07\xd7\xf9\xf9\
\xfb\xd4\xb9\xb9W\xd4\xe3\x8f\xbf\xb4u\x14\xa3\xc9\xe0\x0c\
\x00\xc0X\xa8]\xb7\x9c5k\x9e\x90\xc47h\x81I\
RR\xeb[\xcb\xb6mwl\x1d\x02\xd0Z\x9d\x9b\xfb\
d\x9d\x9f\x7fZ\xf6\xee\xbd[j\xdd\x9c\xe4\x92\xd6M\
\x000uJ\xf9lJyz\xd6\xae\xfd\xc9:7\xf7\
\xd4:7\xf77\xad\x93\x18}\x06g\x00\x00\xc6F\xdd\
\xb4\xe9\x1b)\xe5\xb7Zw\x00\x0c\xec\x0eYZ:\xbb\
\x94RZ\x87\x00\x8c\x82z\xc2\x09\xdf\xae\xeb\xd7\xbf$\
\xbbv\xdd=\xc9\x13\x92|\xaeq\x12\x00L\xba\xfd)\
\xe5]I\x1eV\xe7\xe6\xee[\xe7\xe6v\xd4\xa3\x8f\xbe\
\xaau\x14\xe3\xc3\xe0\x0c\x00\xc0X\xa9\x0b\x0b\xefJr\
N\xeb\x0e\x80\x81mH\xdf?\xadu\x04\xc0(\xa9'\
\x9e\xb8\xb7\xce\xcf\x9f\x97\xbf\xfd\xdb\xfb\xa5\x94\x13\x93|\
\xa6u\x13\x00L\x98\xab\x92\xbc2\xfb\xf7\xffL\x9d\x9b\
{t\x9d\x9f\xff\x8b\xd6A\x8c'\x833\x00\x00\xe3g\
\xdd\xbag'\xf9B\xeb\x0c\x80A\xd5\xfa\xca\xd2\xf7?\
\xdf:\x03`\xd4\xd4\xae[\xaess\xef\xc8\xfc\xfc\x7f\
I)\x8fJ\xf2\xf7\xad\x9b\x00`\xcc]\x91dk\xd6\
\xac\xb9{\x9d\x9f\xff\xddz\xfc\xf1_i\x1d\xc4x3\
8\x03\x000v\xea\xc6\x8dWgf\xe6\xe4$K\xad\
[\x00\x06t\xf3$\x17\x94\xbe?\xbcu\x08\xc0(\xaa\
I\xadss\xffo\xe6\xe7\x8fJ\xad\x8fN)\x9fm\
\xdd\x04\x00c\xe6\x9bIN\xcb\x9e=?]\xe7\xe7\x17\
\xea1\xc7\x5c\xde:\x88\xc9`p\x06\x00`,\xd5\xcd\
\x9b?\x9ed[\xeb\x0e\x80\x81= \xc9b\xeb\x08\x80\
QV\x93Z\xd7\xaf\x7fW\xe6\xe6\xee\x97R\x1e\x11\x8f\
\xda\x06\x80\x1b\xf3\xcd$/\xcc\xd2\xd2=\xea\xfc\xfcY\
\xf5\x11\x8f\xf8^\xeb &\x8b\xc1\x19\x00\x80q\xf6\x92\
$\x1fm\x1d\x010\xb0\x17\x94\xbe\x7fX\xeb\x08\x80Q\
w\xdd\x89\xe7?\xce\xae]\x0fH\xf2\x84$_j\xdd\
\x04\x00#\xe6\xd2\x94\xf2\xac,/\xfft\x9d\x9f\x7fY\
=\xe1\x84\xef\xb7\x0eb2\x19\x9c\x01\x00\x18[\xb5\xeb\
\xf6%9%\xc9\xae\xd6-\x00\x03\x9aIr^9\xe3\
\x8c\xdb\xb5\x0e\x01\x18\x07\xf5\xc4\x13\xf7\xd7\xf9\xf9\xf3r\
\xfb\xdb\xdf;\x86g\x00H\x92\xab\x93\xbc,\xcb\xcb?\
W\xe7\xe6\xfe\xb0n\xd8\xb0\xa7u\x10\x93\xcd\xe0\x0c\x00\
\xc0X\xab]\xf7\xe5\x94\xf2\xbc\xd6\x1d\x00\x03\xbbK\xf6\
\xee\xdd\xd1:\x02`\x9c\xd4\xa3\x8eZ\xaa\xf3\xf3\xe7e\
\xd7\xae\xfb$y^\x92\xef\xb6n\x02\x80UV\x93\x9c\
\x935k~\xa6\xce\xcf\xbf\xb0n\xd8\xe0\x0b\xfa\xac\x0a\
\x833\x00\x00c\xaf.,\x9c\x9d\xe4\xed\xad;\x00\x06\
\xf6\xe8\xd2\xf7Ol\x1d\x010n\xea\x89'\xee\xad\xf3\
\xf3\x7f\x90\xe4gR\xca\xab\x93\xeco\xdd\x04\x00\xab\xe0\
3\xa9\xf5!u~\xfeI\xf5\x98c\xbe\xd9:\x86\xe9\
bp\x06\x00`R<#\xc9W[G\x00\x0c\xec\xb5\
\xa5\xef\xef\xd5:\x02`\x1c\xd5\xf9\xf9\xef\xd4\xb9\xb9\xe7\
\xa6\xd6_M)\x7f\xdb\xba\x07\x00\x0e\x91kR\xeb\xef\
e\xed\xda\xa3\xea\xfa\xf5\x1fn\x1d\xc3t28\x03\x00\
0\x11j\xd7}7\xc9\xe3\x92,\xb7n\x01\x18\xd0\xba\
$\x17\x94\x1d;\x0ek\x1d\x020\xae\xea\xfa\xf5\x1f\xcf\
\xdc\xdc\xaf\xe5\xda\xf7;_\xda\xba\x07\x00\x06\xf4\xb1\xcc\
\xce>\xa0\xae_\xff\xf2z\xf4\xd1\xfbZ\xc70\xbd\x0c\
\xce\x00\x00L\x8c\xdau\x7f\x95d{\xeb\x0e\x80\x81=\
0\x97\x5crz\xeb\x08\x80qV\x93Z\xe7\xe7\xcf\xcb\
\xf2\xf2\xcf%\xf9\xfd$K\xad\x9b\x00\xe0 \xecK\xad\
\x9b\xb3v\xed\x83\xeb\xb1\xc7^\xdc:\x06\x0c\xce\x00\x00\
L\x96#\x8f\xdc\x94\xe4\xd3\xad3\x00\x06vz\xd9\xba\
\xf5\xa1\xad#\x00\xc6]\xdd\xb0aW\x9d\x9f\xdf\x98R\
\x1e\x90\xe4\xe3\xad{\x00\xe0&\xf8Zj\xfdou\xfd\
\xfa\x978\xd5\xcc\xa808\x03\x000Q\xea\xa9\xa7\xee\
Irr\x92\xdd\xad[\x00\x064\x93\xe5\xe5\xb7\x953\
\xcf\xbcm\xeb\x10\x80IP\xe7\xe6>\x97\xb5k\x7f-\
\xc9\x0b\x93\x5c\xd3\xba\x07\x00V\xe8\xdd\xd9\xb7\xef~\xde\
\xd5\xcc\xa818\x03\x000qj\xd7]\x94RNk\
\xdd\x010\xb0\xbbf\xcf\x9eW\xb7\x8e\x00\x98\x14\xf5\xe8\
\xa3\xf7\xd5\xf9\xf9\x97\xa5\xd6\xff\x92\xe4c\xad{\x00\xe0\
\xc7\xa8)eK\xe6\xe7\x1fU\x1f\xfe\xf0+Z\xc7\xc0\
\x8f28\x03\x000\x99\xba\xee\xb5I\xfe\xa4u\x06\xc0\
\xc0N)}\x7fR\xeb\x08\x80IR\xd7\xaf\xff|\xd6\
\xae}p\xae=\xed\xec\xdd\xce\x00\x8c\x9a\xabR\xeb\x7f\
\xafss}Mj\xeb\x18\xb8>\x06g\x00\x00&R\
\xad\xb5&yr\x92o\xb6n\x01\x18\xd8\xebK\xdf\xdf\
\xbdu\x04\xc0$\xf9\x81\xd3\xce\x0fM\xad_n\xdd\x03\
\x00\xd7\xf9z\xf6\xef\xff\xb5\xba~\xfd\xbbZ\x87\xc0\x8f\
cp\x06\x00`b\xd5\xae\xbb,\xa5<)\xbe\x01\x0c\
L\x96['y[\xd9\xb9s\xb6u\x08\xc0\xa4\xa9\xeb\
\xd7\x7f4\xb5\xde?\xa5\xecl\xdd\x02\xc0\xd4\xfb\xc7\xcc\
\xce>\xb8\x1e\x7f\xfcg[\x87\xc0\x8d18\x03\x000\
\xd1\xea\xc2\xc2\xfb\x92\xbc\xa9u\x07\xc0\xc0~=\x17_\
\xfc\xc2\xd6\x11\x00\x93\xa8n\xd8\xb0+ss\x8fI)\
\xbf\x13\x8f\xd8\x06\xa0\x85R\xfe2\xb3\xb3\x0f\xae\xc7\x1e\
\xfb\xd5\xd6)\xb0\x12\x06g\x00\x00\xa6\xc1\xf3\x93\xfcS\
\xeb\x08\x80A\xd5\xba\xa5\xf4\xfd\x83Zg\x00L\xa2\x9a\
\xd4:7\xb7=33\xff-\xc9\xa5\xad{\x00\x98\x22\
\xb5\xfey\xf6\xee=\xbe\x1e{\xec\x95\xadS`\xa5\x0c\
\xce\x00\x00L\xbc\xdau\xdfOrr\x92\xbd\xad[\x00\
\x06\xb4&\xc9\xf9\xe5\xac\xb3n\xd9:\x04`R\xd5\xe3\
\x8e\xfbH\x96\x96\x1e\x98\xe4\xe3\xad[\x00\x98\x02\xa5\xfc\
i\x8e8\xe2\x91\xf5\x84\x13\xbe\xdf:\x05\x0e\x84\xc1\x19\
\x00\x80\xa9P\xbb\xeeS)eK\xeb\x0e\x80\x81\xfdL\
v\xef\xde\xde:\x02`\x92\xd5\x13N\xf8F\x96\x96\x8e\
N\xf2G\xad[\x00\x98h\xef\xc9\x95W>\xaa\x1e}\
\xf45\xadC\xe0@\x19\x9c\x01\x00\x98\x1e\xb5\xbe,\xc9\
_\xb4\xce\x00\x18\xd8S\xca\xe2\xe2cZG\x00L\xb2\
z\xc2\x09\xdf\xcf\xfc\xfccSk\xdf\xba\x05\x80\x89\xf4\
\x81\xac]\xfb\x98z\xe2\x89\x9e\xcc\xc6X28\x03\x00\
05j\xd7-'y|\x92+Z\xb7\x00\x0c\xaa\xd6\
7\x94\xbe\xbf[\xeb\x0c\x80IV\x93Z\xd7\xaf\xdf\x92\
R\x9e\x93d\xb9u\x0f\x00\x13\xe3\xa3Y\xbb\xd6\xc9f\
\xc6\x9a\xc1\x19\x00\x80\xa9R\xbb\xee\xebI\x9e\xd6\xba\x03\
``\xb7I\xf2\xb6\xb2s\xe7l\xeb\x10\x80IW\xe7\
\xe6^\x93RNJ\xb2\xd4\xba\x05\x801W\xcag3\
;\xbb\xa1\x1e}\xf4U\xadS\xe0`\x18\x9c\x01\x00\x98\
:\xb5\xeb\xde\x91\xe4\xc2\xd6\x1d\x00\x03{H.\xba\xe8\
\xf9\xad#\x00\xa6A\x9d\x9b{{j\xfd\xbf\x938\x8d\
\x06\xc0M\xf5o\x99\x999\xa1\x1e{\xec\x95\xadC\xe0\
`\x19\x9c\x01\x00\x98NG\x1c\xf1\xac$\xff\xda:\x03\
``\xdb\xca\xd6\xad\xbf\xdc:\x02`\x1a\xd4\xf5\xeb\xff\
4\xc9\xa3R\xca\xee\xd6-\x00\x8c\x9d\xefef\xe6\xe1\
\xf5\xd8c\xbf\xda:\x04\x86`p\x06\x00`*\xd5\xd3\
N\xbb2\xc9\xe3\x92\xeco\xdd\x020\xa0\xc3\xb2\xbc|\
n\xe9\xfb\x9b\xb7\x0e\x01\x98\x06u~\xfe\xcfR\xeb\xa3\
\x93\xecm\xdd\x02\xc0\xd8XN\xad\x8f\xad\xc7\x1d\xf7\xe9\
\xd6!0\x14\x833\x00\x00S\xabv\xdd\x87\x93\x9c\xd5\
\xba\x03``\xf7N\xf2\xf2\xd6\x11\x00\xd3\xe2\xba\xd1\xf9\
\xb1I\xf6\xb5n\x01`\x0c\x94\xb2\xe9\xba\xa7d\xc0\xc4\
08\x03\x000\xed\x16\x92\xfc]\xeb\x08\x80\x81=\xab\
\xf4\xfd#ZG\x00L\x8b\xba~\xfd\xbb\x92<+I\
m\xdd\x02\xc0H\xfb\xa3\xcc\xcd\xbd\xacu\x04\x0c\xcd\xe0\
\x0c\x00\xc0T\xab]\xb7/\xc9)I\xaej\xdd\x020\
\xb07\x97m\xdb\xee\xdc:\x02`Z\xd4\xf9\xf97%\
yI\xeb\x0e\x00F\xd6\xc5)\xe5\xc9\xd5\x97\x93\x98@\
\x06g\x00\x00\xa6^\xed\xba/\xa6\x94\x8d\xad;\x00\x06\
\xf6\x13YZ:\xa7\x94RZ\x87\x00L\x8d\xf9\xf9.\
\xc9\x85\xad3\x00\x189\xd7$\xf9\x1fun\xee\xea\xd6\
!p(\x18\x9c\x01\x00 I]Xxc\x92w\xb4\
\xee\x00\x18\xd8\x5c\xb6l9\xb5u\x04\xc0\xb4\xa8I\xcd\
\xae]OM\xf2\xb1\xd6-\x00\x8c\x90Z\x9fW\xe7\xe7\
\xff\xa1u\x06\x1c*\x06g\x00\x00\xf8\x0f\xcfLrI\
\xeb\x08\x80\x81\x9dU\xfa\xfe\xbe\xad#\x00\xa6E=\xf1\
\xc4\xdd)\xe57\x93|\xbbu\x0b\x00#\xa0\xd6w\xd4\
\xf5\xeb\xdf\xd8:\x03\x0e%\x833\x00\x00\x5c\xa7v\xdd\
\xb7\x93<1\xde\xa7\x04L\x96\xb5I.,\xdb\xb7\xdf\
\xacu\x08\xc0\xb4\xa8ss_K\xad\x8fM\xb2\xbfu\
\x0b\x00M]\x96\x99\x99\xdfn\x1d\x01\x87\x9a\xc1\x19\x00\
\x00~@\xed\xba?O\xf2\xda\xd6\x1d\x00\x03\xfb\x85\xec\
\xda\xf5\xd2\xd6\x11\x00\xd3\xa4\xae_\xff\xc1$/k\xdd\
\x01@C\xa5<\xa5\xce\xcd]\xd6:\x03\x0e5\x833\
\x00\x00\xfc\xa8#\x8f|A\x92\xcf\xb4\xce\x00\x18\xd8\xf3\
J\xdf\x1f\xdf:\x02`\xaa\xdc\xfe\xf6[\x92\xfc}\xeb\
\x0c\x00\x1a(\xe5-un\xee\xbd\xad3`5\x18\x9c\
\x01\x00\xe0G\xd4SO\xdd\x93\x99\x99\x93\x92\x5c\xd3\xba\
\x05`@%\xc9\xd9e\xdb\xb6;\xb6\x0e\x01\x98\x16\xf5\
\xa8\xa3\x96\xb2\xbc|J\xfcw%\xc0\xb4\xb94\x87\x1f\
\xbe\xb1u\x04\xac\x16\x833\x00\x00\x5c\x8f\xbay\xf3?\
\xa6\x94\xd3[w\x00\x0c\xec\x0eYZ:\xbb\x94RZ\
\x87\x00L\x8b\xbaa\xc3EI\xb6\xb6\xee\x00`\x15\xd5\
\xfa\x9cz\xf4\xd1\xdfm\x9d\x01\xab\xc5\xe0\x0c\x00\x007\
\xa4\xd6\xedI>\xd8:\x03``\x1b\xd2\xf7Ok\x1d\
\x010Uv\xedzE\x92\x7fj\x9d\x01\xc0\xaax_\
]\xbf~g\xeb\x08XM\x06g\x00\x00\xb8\x01\xb5\xeb\
\x96\xb3f\xcd\x13\x92\x5c\xde\xba\x05`P\xb5\xbe\xb2\xf4\
\xfd\xcf\xb7\xce\x00\x98\x16\xf5\xc4\x13\xf7&9\xb5u\x07\
\x00\x87\xdc\xf7\xb3\x7f\xff3[G\xc0j38\x03\x00\
\xc0\x8fQ7m\xfaFJ\xf9\xad\xd6\x1d\x00\x03\xbby\
\x92\x0bJ\xdf\x1f\xde:\x04`Z\xd4\xf9\xf9\x0f$y\
g\xeb\x0e\x00\x0e\xa9\x97\xd5\xe3\x8f\xffJ\xeb\x08Xm\
\x06g\x00\x00\xb8\x11ua\xe1]I\xcei\xdd\x010\
\xb0\x07$Yl\x1d\x010U\xf6\xef\x7fQ\x92}\xad\
3\x008$\xbe\x96\xa5\xa5W\xb4\x8e\x80\x16\x0c\xce\x00\
\x00\xb0\x12\xeb\xd6=;\xc9?\xb7\xce\x00\x18\xd8\x0bJ\
\xdf?\xacu\x04\xc0\xb4\xa8\xc7\x1f\xff\xcf)\xe5\xdc\xd6\
\x1d\x00\x1c\x02\xa5\xfcN=\xe1\x84\xef\xb7\xce\x80\x16\x0c\
\xce\x00\x00\xb0\x02u\xe3\xc6\xab\x93\x9c\x9cd\xa9u\x0b\
\xc0\x80f\x92\x9cW\xfa\xfe\xc8\xd6!\x00Sc\xdf\xbe\
\xadq\xca\x19`\xb2\xd4\xfa\x91:7\xf7\x8e\xd6\x19\xd0\
\x8a\xc1\x19\x00\x00V\xa8v\xdd'R\xcaK[w\x00\
\x0c\xec.I\xde\xd4:\x02`Z\xd4\xe3\x8f\xffJJ\
yW\xeb\x0e\x00\x06uz\xeb\x00h\xc9\xe0\x0c\x00\x00\
\x07\xa2\xd6\x97&\xf9h\xeb\x0c\x80\x81=\xba\xf4\xfd\x13\
[G\x00L\x8dR\xfe\xa0u\x02\x00\x83yo]\xbf\
\xfeC\xad#\xa0%\x833\x00\x00\x1c\x80\xdau\xfb2\
;{r\x92]\xad[\x00\x06\xf6\xda\xd2\xf7\xf7j\x1d\
\x010\x0d\xeaq\xc7}$\xc9\xa7Zw\x00p\xd0\x96\
S\xeb\xa6\xd6\x11\xd0\x9a\xc1\x19\x00\x00\x0eP=\xfd\xf4\
\x7fI\xf2\xdc\xd6\x1d\x00\x03[\x97\xe4\x82\xb2c\xc7a\
\xadC\x00\xa6B)\xe7\xb7N\x00\xe0 \xd5\xfa\xce\xba\
~\xfdgZg@k\x06g\x00\x00\xb8\x09j\xd7\x9d\
\x93\xe4\xed\xad;\x00\x06\xf6\xc0\x5cr\x89\xf7\xcf\x01\xac\
\x86Z\xffW\x92\xfd\xad3\x008\x08\xb3\xb3/k\x9d\
\x00\xa3\xc0\xe0\x0c\x00\x007\xdd3\x92|\xb5u\x04\xc0\
\xc0N/[\xb7>\xb4u\x04\xc0\xa4\xab\xf3\xf3\x97$\
\xf9\xab\xd6\x1d\x00\xdcd\xef\xaf\xc7\x1d\xf7\x89\xd6\x110\
\x0a\x0c\xce\x00\x00p\x13\xd5\xae\xfbn\x92\xc7%Yn\
\xdd\x020\xa0\x99,/\xbf\xad\x9cy\xe6m[\x87\x00\
L\xbcRv\xb6N\x00\xe0&*\xe5u\xad\x13`T\
\x18\x9c\x01\x00\xe0 \xd4\xae\xfb\xab$\xdb[w\x00\x0c\
\xec\xae\xd9\xb3\xe7\x0fZG\x00L\xbc\xe5\xe5\xf7\xb5N\
\x00\xe0&\xb9,\xb7\xbb\xdd\x9f\xb5\x8e\x80Qap\x06\
\x00\x80\x83u\xe4\x91\x9b\x92|\xbau\x06\xc0\xc0\x1eW\
\xfa\xfe\xa4\xd6\x11\x00\x93\xac\xae_\xff\xafI\xfe\xa9u\
\x07\x00\x07\xec\xc2z\xd4QK\xad#`T\x18\x9c\x01\
\x00\xe0 \xd5SO\xdd\x93\xe4\xe4$\xbb[\xb7\x00\x0c\
\xec\xf5\xa5\xef\xef\xde:\x02`\xa2\xd5\xea\x943\xc0\xb8\
)\xe5\xfc\xd6\x090J\x0c\xce\xb4RZ\x07\x00\x00\x0c\
\xa9v\xddEI~\xafu\x07\xc0\xc0n\x9d\xe4\xbc\xb2\
s\xe7l\xeb\x10\x80\x09\xf6\xfe\xd6\x01\x00\x1c\x90\xaff\
n\xeeS\xad#`\x94\x18\x9ci\xc5g\x0fX)\xd7\
\x0b`|l\xd9\xf2\xba$\xefm\x9d\x010\xb0\xdf\xc8\
\xc5\x17\xbf\xb0u\x04\xc0\xc4\x9a\x99\xf9p\x92}\xad3\
\x00X\xb1?\xaeIm\x1d\x01\xa3\xc4M|Z\xf1\xed\
x`\xa5\xfcY\x05\x8c\x8dZkM\xf2\x94$\xdfl\
\xdd\x020\xa8Z\xb7\x94\xbe\x7fP\xeb\x0c\x80IT\xe7\
\xe6\xaeN\xad\x9fn\xdd\x01\xc0\x8a\xf9\xa29\xfc\x087\
\xf1i\xc5g\x0fX)\xd7\x0b`\xac\xd4\xae\xbb,\xa5\
<)\xbe\xed\x0cL\x965I\xce/g\x9du\xcb\xd6\
!\x00\x13\xa9\x94\x8f\xb4N\x00`E\xae\xce\xda\xb5\x1f\
j\x1d\x01\xa3\xc6M|Z\xf1\xd9\x03V\xca\xf5\x02\x18\
;ua\xe1}Iv\xb4\xee\x00\x18\xd8\xcfd\xf7\xee\
\xed\xad#\x00&R\xad\x06g\x80qP\xebG\xea\xd1\
G_\xd3:\x03F\x8d\x9b\xf8\xb4\xe2\xb3\x07\xacL\xad\
\xae\x17\xc0\xb8\xfa\x9d$\xff\xd4:\x02``O)}\
\xff\xff\xb4\x8e\x00\x988\xb3\xb3\x06g\x80\xf1\xf0\xd7\xad\
\x03`\x14\xb9\x89O+>{\xc0J\xb9^\x00c\xa9\
v\xdd\xf7\x93\x9c\x9cdo\xeb\x16\x80\x81\xbd\xa1\xf4\xfd\
\xddZG\x00L\x92z\xdcq\xff\x96\xe4\x92\xd6\x1d\x00\
\xdc\x88\x99\x99\xbfj\x9d\x00\xa3\xc8M|Z\xf1\xd9\x03\
V\xca\xf5\x02\x18[\xb5\xeb>\x95R\xb6\xb4\xee\x00\x18\
\xd8m\x93\x9cW\xfa\xde\x7f\xa7\x01\x0c\xa9\x94\xbfo\x9d\
\x00\xc0\x8f\xb5'\x87\x1f\xfe\xb1\xd6\x110\x8a\xfc\xcf!\
\xad\xcc\xb6\x0e\x00\xc6\x86?\xab\x80\xf1V\xeb\xcb\x92\xfc\
E\xeb\x0c\x80\x81=4\xd7\xbe:\x00\x80\xa1\xd4jp\
\x06\x18m\x1f\xf7\xfef\xb8~n\xe2\xd3\x8a\xcf\x1e\xb0\
R\xae\x17\xc0X\xab]\xb7\x9c\xe4\xf1I\xaeh\xdd\x02\
0\xb0\x97\x94\xad[\xef\xdf:\x02`\x82\x18\x9c\x01F\
\x9b\xd3\xcdp\x03\xdc\xc4\xa7\x15\x9f=`\xa5\x5c/\x80\
\xb1W\xbb\xee\xebI\x9e\xd6\xba\x03``k\xb3\xbc|\
A\xe9\xfb\x9b\xb7\x0e\x01\x98\x08k\xd6\x18\x9c\x01F\xdb\
'[\x07\xc0\xa8r\x13\x9fV|\xf6\x80\x95Y^.\
\xad\x13\x00\x86P\xbb\xee\x1dI.h\xdd\x010\xb0{\
'yy\xeb\x08\x80\x89p\xcc1\xff\x92\xe4{\xad3\
\x00\xb8\x01\xa5|\xaau\x02\x8c*\xa3\x1f\xad\xf8\xec\x01\
+\xe5z\x01L\x8e#\x8e\xf8\xed$\xff\xda:\x03`\
`\xcf*}\xff\x88\xd6\x11\x00\xe3\xae&5\xc9?\xb5\
\xee\x00\xe0z\xed\xcaG?\xfa\xcf\xad#`T\xb9\x89\
O+\xb3\xad\x03\x80\xb1\xe1\xcf*`b\xd4\xd3N\xbb\
233\xa7$\xd9\xdf\xba\x05``o.}\x7f\xa7\
\xd6\x11\x00\x13\xe0\xe2\xd6\x01\x00\x5c\x8fR\xfe\xbev\xdd\
r\xeb\x0c\x18Un\xe2\xd3\x8a\xcf\x1e\xb0R\xae\x17\xc0\
D\xa9\x9b7\x7f$\xc9\xcbZw\x00\x0c\xec'\x92\x9c\
SJ\xf1:\x14\x80\x83Q\xab\x13\xce\x00\xa3hy\xf9\
3\xad\x13`\x94\xb9\x89O+>{\xc0J\xb9^\x00\
\x93\xa8K\xf2w\xad#\x00\x066\x9f\xbe\x7fv\xeb\x08\
\x80\xb163\xe3\x843\xc0(r}\x86\x1f\xcbM|\
Z\xf1\xd9\x03V\xca\xf5\x02\x988\xb5\xeb\xf6ev\xf6\
\xe4$\xdfk\xdd\x020\xa8Z_^\xfa\xfe\xbe\xad3\
\x00\xc6\x98\x13\xce\x00\xa3h\xff\xfe\x8bZ'\xc0(s\
\x13\x9fV|\xf6\x80\x95r\xbd\x00&R=\xfd\xf4/\
%\xd9\xd8\xba\x03``k\x93\x5cX\xb6o\xbfY\xeb\
\x10\x80\xb1t\xbb\xdb})\xc9\xbe\xd6\x19\x00\xfc'\x06\
g\xf81\xdc\xc4\xa7\x15\x9f=`\xa5\x5c/\x80\x89U\
\xbbnG\x92w\xb4\xee\x00\x18\xd8/d\xd7\xae\x97\xb6\
\x8e\x00\x18G\xf5\xa8\xa3\x96\x92|\xadu\x07\x00?\xe4\
\xdbu\xc3\x86o\xb5\x8e\x80Q\xe6&>\xad\xcc\xb6\x0e\
\x00\xc6\x86?\xab\x80I\xf7\xcc$\x97\xb4\x8e\x00\x18\xd8\
\xf3J\xdf\x1f\xdf:\x02`L}\xa9u\x00\x00?\xc4\
\xe9f\xb8\x11n\xe2\xd3\x8a\xcf\x1e\xb0R\xae\x17\xc0D\
\xab]\xf7\xed$OLR\x1b\xa7\x00\x0c\xa9$9\xbb\
l\xdbv\xc7\xd6!\x00c\xe8_Z\x07\x00\xf0\x03J\
\xf9B\xeb\x04\x18un\xe2\xd3\x8a\xcf\x1e\xb0R\xae\x17\
\xc0\xc4\xab]\xf7\xe7I^\xdb\xba\x03``w\xc8\xd2\
\xd2\x1b[G\x00\x8c\x9dZ\x0d\xce\x00\xa3dy\xd9\x93\
'\xe0F\xb8\x89O+\x1e\xa9\x0d\xacL)\xae\x17\xc0\
\xb4\xf8\xbd$\x9fk\x1d\x010\xb0G\x96\xc5\xc5\xa7\xb7\
\x8e\x00\x18+33_n\x9d\x00\xc0\x0f(\xc5\xe0\x0c\
7\xc2\xe0L+G\xb4\x0e\x00\xc6\xc6\xe1\xad\x03\x00V\
C\xed\xbak23\xf3\xd8$\xd7\xb4n\x01\x18T\xad\
\xaf,}\xff\xf3\xad3\x00\xc6\x86a\x03`\xb4\xf8\x22\
\x10\xdc(\x833\xad\xacm\x1d\x00\x8c\x89Z]/\x80\
\xa9Q7o\xfe\xc7$\x9bZw\x00\x0c\xec\xe6I.\
(}\xef\x8b\x84\x00+Q\xebW['\x00\xf0\x03\xf6\
\xee\xf5E \xb8\x11\x06gZ1 \x01+\xe5\xc6$\
0]\xb6l\xd9\x9e\xe4}\xad3\x00\x06\xf6\x80$}\
\xeb\x08\x80\xb107\xf7\xad${Zg\x00\x90$\xf9\
N}\xf8\xc3\xafh\x1d\x01\xa3\xce\xe0L+\x06g`\
eJq\xbd\x00\xa6J\xad\xb5&yj\x92\xcb[\xb7\
\x00\x0c\xec\xf7J\xdf?\xacu\x04\xc0\xa8\xabIM\xad\
\xdfh\xdd\x01@\x92\xe4_[\x07\xc0808\xb3\xea\
J\xdf\xcf$Y\xd3\xba\x03\x18\x1bN8\x03S\xa7v\
\xdd\xbf\xa5\x94\xdfj\xdd\x010\xb0\x99$\xe7\x95\xbe?\
\xb2u\x08\xc0\xc8+\xe5\xeb\xad\x13\x00H\x92x\xcd\x01\
\xac\x80\xc1\x99\xd5w\xab[9\xad\x08\xac\x9cw8\x03\
S\xaa.,\xbc+\xc9\xd9\xad;\x00\x06v\x97$o\
j\x1d\x010\x06\x0c\xce\x00\xa3\xc1\xf5\x18V\xc0\xe0\xcc\
\xea\xdb\xb5\xcbx\x04\xac\x9cGj\x03\xd3l\xdd\xbaS\
\x93\xfcs\xeb\x0c\x80\x81=\xba\xf4\xfd\x13[G\x00\x8c\
\xb4R<R\x1b`\xcb\xc6\xebD\x00\x00 \x00ID\
AT4\x18\x9ca\x05\x0c\xce\xac\xbe\xc3\x0e3\x1e\x01\
+W\xabGj\x03S\xabn\xdcxu\x92\x93\x93,\
\xb5n\x01\x18\xd8k\xcbK^\xf2\xb3\xad#\x00F\x96\
w8\x03\x8c\x8a\xaf\xb5\x0e\x80q`pf\xf5--\
\x19\x9c\x81\x03ap\x06\xa6Z\xed\xbaO\xa4\x94\x97\xb6\
\xee\x00\x18\xd8\xba\xec\xdf\x7fA\xd9\xb1\xe3\xb0\xd6!\x00\
#\xa9\xd6\x7fk\x9d\x00@\x92\xe5e_\x00\x82\x150\
8\xb3\xfafg\x0d\xce\xc0\x81p\xcd\x00\xa8\xf5\xa5I\
>\xda:\x03``\xbf\x9cK.\xd9\xd4:\x02`D\
}\xabu\x00\x00Ifg\xbf\xda:\x01\xc6\x81\xc1\x99\
\xd5W\xeb\x11\xad\x13\x80\xb1\xe2\x8430\xf5j\xd7\xed\
\xcb\xec\xec\xc9Iv\xb5n\x01\x18\xd8\xe6\xb2u\xebC\
[G\x00\x8c\x9c\x99\x99o\xb7N\x00 \xc9\x95W^\
\xda:\x01\xc6\x81\xc1\x99\xd5\xb7\xbc\xec\xb4\x22p \x5c\
3\x00\x92\xd4\xd3O\xff\x97$\xcfm\xdd\x010\xb0\x99\
,/\x9f]\xfa\xfeV\xadC\x00F\xca\xec\xac\x13\xce\
\x00\xed]UO<qw\xeb\x08\x18\x07\x06gV\xdf\
\xcc\x8c\xf1\x088\x10\xae\x19\x00\xd7\xa9]wN\x92\xff\
\xd5\xba\x03``\xffW\x92\xd7\xb6\x8e\x00\x18)\xb3\xb3\
\x97'\xa9\xad3\x00\xa6Z\xad\x97\xb5N\x80qap\
f\xf59\xe1\x0c\x1c\x18\x8f\xd4\x06\xf8a\xcfL\xe2\x1d\
R\xc0\xa4y\x5c\xe9\xfb\x93ZG\x00\x8c\x8az\xf4\xd1\
\xfb\x92|\xb7u\x07\xc0T+\xc5\xd3&`\x85\x0c\xce\
\xac\xbeR\x0c\xce\xc0\x81p\xcd\x00\xf8\x01\xb5\xeb\xbe\x9b\
\xe4qI\xf6\xb7n\x01\x18\xd8\xebK\xdf\xdf\xbdu\x04\
\xc0\x081t\x00\xb4\xe5:\x0c+dpf\xf5\xd5j\
<\x02\x0e\x84\x13\xce\x00?\xa2v\xdd_%\xd9\xde\xba\
\x03``\xb7N\xf2\xb6\xb2s\xe7l\xeb\x10\x80\x11\xf1\
\xed\xd6\x01\x00S\xce\xe0\x0c+dpf\xf59\xe1\x0c\
\x1c\x18\xd7\x0c\x80\xebs\xe4\x91\xa7'\xf9t\xeb\x0c\x80\
\x81\xfdz.\xba\xe8\xb4\xd6\x11\x00#\xc2\xd0\x01\xd0\x96\
w8\xc3\x0a\x19\x9cY}N8\x03\x07\xc6\x09g\x80\
\xebQO=uOfgOJ\xb2\xbbu\x0b\xc0\xc0\
\xfa\xb2u\xeb\x7fm\x1d\x01\xd0\x5c)N8\x03\xb4\xe5\
\x8b?\xb0B\x06gV\x9f\x13\xce\xc0\x81q\xcd\x00\xb8\
\x01\xf5\xf4\xd3/N\xf2{\xad;\x00\x06\xb6&\xcb\xff\
?{\xf7\x1e\xed\xe9]\xd0\xf7\xfe\xf3\xdd;\xc9L\x98\
\x5c'@.\xdcT\xe4\xa2\xb5 \x08\xda\xa3\x87\x05\x96\
\xcb\xc2\x16\xdb\xd3V<\xa7\x04\x88ii\x14u@m\
\x9ap\x99\x99g\x9e\xbd'\x99$r\x9a`,\x02\x8a\
\x17\x90J\x19\x14\x11!PV\xa5\xb1\xe2BD\xd1X\
G\x0e\x98b\x15\xc1\x0b\x04\x08$\x93\xb9\xec\xdf\xf7\xfc\
1A!\x10\x98\xdf\xb3\x7f\xbf\xe7\xbb\xf7\xfe\xbd^k\
\xed\x95\xacd\xd6\xe43+k=k\xcf\xbc\x7f\xdf\xef\
3y}\xb9\xee\xba3[\x0f\x01hj2\x11:\x00\
\xda\xf2\x1c\x86\x93$83\xbeZOo=\x01\xd8T\
<3\x00\xbe\x92}\xfb\xfeS\x92\xb7\xb7\x9e\x010c\
\x0f\xcd\xe1\xc3\xdeU\x0f,6'\x9c\x01\xda*Ep\
\x86\x93$8\xd3\xc2Y\xad\x07\x00\x9b\xca\x8e\xd6\x03\x00\
6\xb2ZkMri\x92\xbfn\xbd\x05`\xc6\xfem\
\xe9\xfb\xefm=\x02\xa0\x19\xc1\x19\xa0-\xc1\x19N\x9a\
\xe0L\x0b\xaeE\x03\xa6qF\xeb\x01\x00\x1b]\xed\xba\
\xbfI)\x97&\xa9\xad\xb7\x00\xcc\xd8+K\xdf?\xb8\
\xf5\x08\x80&\x5c\xa9\x0d\xd0V)\x7f\xd3z\x02l\x16\
\x823-\x08\xce\xc04\x04g\x80\x93P\xf7\xee\xbd)\
\xc9\xab[\xef\x00\x98\xb1s\x93\xbc\xb6\xf4\xbd?\xbf\x00\
\x16\x8f\x13\xce\x00m\xddu\x97\xe70\x9c$\xbfa\xa3\
\x05\xc1\x19\x98\xc6}J\xdf\x9f\xd2z\x04\xc0&\xf1c\
I>\xd8z\x04\xc0\x8c=1'\x9eo\x00\x8b\xc5U\
\xae\x00-\xddQ\x9f\xf1\x8c;[\x8f\x80\xcdBp\xa6\
\x05\xc1\x19\x98\xce\xf6\xed\xde\xe3\x0cp\x12j\xd7\xdd\x99\
\xa5\xa5g'9\xdaz\x0b\xc0\x8c\xed/\xab\xab\x8fi\
=\x02`TKK\xb7\xb5\x9e\x00\xb0\xc0|\xe8\x07\xa6\
 8\xd3\xc2Y\xad\x07\x00\x9b\xcc\xf1\xe3\xae\xd5\x068\
Iu\xcf\x9e\xdfK\xd2\xb5\xde\x010c\xdb2\x99\xbc\
\xb1\x5cw\x9d\x0f0\x03\x8b\xe3S\x9f\xfa\x5c\x92\xdaz\
\x06\xc0\x82\x12\x9ca\x0a\x823-\xf8\x03\x02`:\xb5\
\x0a\xce\x00\xd3\xb9.\xc9\xbb[\x8f\x00\x98\xb1\xaf\xcf\xe1\
\xc3/o=\x02`,\xf5\x99\xcf\x5cKr\xb8\xf5\x0e\
\x80\x05\xf5\x99\xd6\x03`3\x11\x9ci\xc1\x09g`:\
\x823\xc0Tj\xd7M\x92<7\x89k\x18\x81\xad\xe6\
\xd2\xb2\xb2rq\xeb\x11\x00#\xfal\xeb\x01\x00\x0b\xa9\
\x14\xcf_\x98\x82\xe0L\x0bN8\x03\xd3\x99L<7\
\x00\xa6T\xbb\xee\xa3I\xbe\xbf\xf5\x0e\x80\x99\xab\xf5\x95\
e\xff\xfe\x87\xb5\x9e\x010\x12\xc1\x03\xa0\x85Z=\x7f\
a\x0a\x823-\x08G\xc0\xb4\x9cp\x06\x18\xa0v\xdd\
\x9b\x92\xbc\xbe\xf5\x0e\x80\x19;#kk\xaf/}\x7f\
Z\xeb!\x00#\x10<\x00\xda\xf0\xfc\x85)\x08\xce\x8c\
\xaa\xf4\xfdR\x92\x1d\xadw\x00\x9b\x8e\xe0\x0c0\xd4\xf6\
\xed?\x94\xe4\xcfZ\xcf\x00\x98\xb1\xc7'\xe9[\x8f\x00\
\x18\x81\xe0\x01\xd0\x82\x13\xce0\x15\xc1\x99qm\xdf~\
f\x92\xd2z\x06\xb0\xe9\x08\xce\x00\x03\xd5+\xaf\xfcL\
\x96\x96\x9e\x9dd\xad\xf5\x16\x80\x19\xbb\xa2\xac\xac<\xb5\
\xf5\x08\x809\x13<\x00Z\xf0\x0eg\x98\x8a\xe0\xcc\xb8\
\xee\xba\xcbu\xda\xc0\xf4J\xf1\xec\x00X\x87\xbag\xcf\
{\x92\x5c\xdbz\x07\xc0\x8c-\xa5\xd6\xd7\x95\xbe\xbf\xa0\
\xf5\x10\x80\xb9q\xc2\x0e\xa0\x0d\xc1\x19\xa6\x2283\xae\
\xe5e\xd1\x08\x18\xc2\x09g\x80\xf5\xeb\x92\xfcN\xeb\x11\
\x003v~\x92\x9f+\xa5\xb8I\x0b\xd8\x9a\x04\x0f\x80\
6&\x13\xcf_\x98\x82\xe0\xcc\xb8j=\xab\xf5\x04`\
\x13\xaa\xd5\xbb\xdf\x01\xd6\xa9v\xdd\xf1,/_\x1c\xd7\
2\x02[\xcf\xd3\xb3o\xdf\x0b[\x8f\x00\x98\x13\xdf\xbb\
\x01\xb4q{\xeb\x01\xb0\x99\x08\xce\x8ck2q\xc2\x19\
\x18\xc2\x09g\x80\x19\xa8\xbbw\xdf\x9a\xe4\xf2\xd6;\x00\
\xe6\xe0\x9a\xd2\xf7\x8fm=\x02`\x0e>\xd7z\x00\xc0\
BZZ\xf2\x81\x1f\x98\x82\xe0\xcc\xb8\xbc\x87\x15\x18\xc6\
\xb3\x03`Fj\xd7\xbd:\xc9[Z\xef\x00\x98\xb1m\
I~\xa9\xf4\xbd\x0f*\x02[\x8b+\xb5\x01\xdaX[\
\xf3\xfc\x85)\x08\xce\x8c\xab\xd6s[O\x006\xa5s\
Z\x0f\x00\xd8b\x9e\x97\xe4\xe3\xadG\x00\xcc\xd8\xc3\x93\
\xdc\xd8z\x04\xc0Ly\x87(@\x1bN8\xc3T\x04\
g\xc6v\xff\xd6\x03\x80M\xe9\xbc\xd6\x03\x00\xb6\x92\xda\
u\x9fH)\x97$\xa9\xad\xb7\x00\xcc\xd8\xf7\x95\x95\x95\
\x8b[\x8f\x00\x98\x19'\x9c\x01\xdaX^\xf6\xfc\x85)\
\x08\xce\x8c\xed~\xad\x07\x00\x9b\xd2}[\x0f\x00\xd8j\
\xea\xde\xbd\xef\x8a\x93\x80\xc0VT\xeb+K\xdf?\xbc\
\xf5\x0c\x80\x99\x10\x9c\x01\xda8r\xc4\xf3\x17\xa6 8\
36\xc1\x19\x18Bp\x06\x98\x87\x9d;\xafHrK\
\xeb\x19\x003vF\x92\xd7\x97\xbe?\xad\xf5\x10\x80u\
s\xa56@\x1b\x17\x5c\xf0\xb9\xd6\x13`3\x11\x9c\x19\
\x9b+\xb5\x81!\xce-\x07\x0f.\xb7\x1e\x01\xb0\xd5\xd4\
]\xbb\x8edi\xe9YI\xeej\xbd\x05`\xc6\x1e\x97\
\xa4o=\x02`\xdd\xbcC\x14`|\xa5\x1c\xae\xdf\xf2\
-\xc7Z\xcf\x80\xcdDpfl\xde\xc3\x0a\x0c\xb1\x94\
C\x87\xcem=\x02`+\xaa{\xf6\xfcq\x92\x97\xb6\
\xde\x010\x07W\x94\xbe\x7fZ\xeb\x11\x00\xebr\xfc\xb8\
\xe0\x0c0\xb6Z={aJ\x823c;\xbf\xf5\x00\
`\x93Z^\xf6\x81\x15\x80y\xd9\xb7\xef\xfa$7\xb5\
\x9e\x010cKI^W\xfa\xfe\xa2\xd6C\x00\xd6\xe1\
H\xeb\x01\x00\x0b\xa7V\xd7i\xc3\x94\x04g\xc6\xe6=\
\xac\xc00\xb5z~\x00\xccI\xad\xb5&y^\x92O\
\xb6\xde\x020c\xf7O\xf2\x9f\xbd\x9e\x05\xd8\xc4\x04g\
\x80\xb1\x95\xe2\xb5S0%\xc1\x99\xd1\x94\xbe?#\xc9\
\xe9\xadw\x00\x9b\xd4d\xe2\x843\xc0\x1c\xd5\xae\xfbX\
J\xf9w\xadw\x00\xcc\xc1\x13s\xe8\xd0\xde\xd6#\x00\
\x06\xa9Up\x06\x18\x9fg/LIpf<\xcb\xcb\
\xf7k=\x01\xd8\xd4\x9cp\x06\x98\xb3\xbaw\xef\x9b\x93\
\xfc\x5c\xeb\x1d\x00s\xb0\xbb\xac\xac<\xb5\xf5\x08\x80\xa9\
\x09\xce\x00\xe3+\xc5\xb3\x17\xa6$83\x9e\xb55\xc1\
\x19X\x0f\xc1\x19`\x0c;v\xecJ\xf2\xa1\xd63\x00\
fl)\xb5\xfeb\xb9\xfa\xea\x0b[\x0f\x01\x98\xca\xe1\
\xc3\xa2\x07\xc0\xf8<{aJ\x823\xe3)Ep\x06\
\xd6\xc3\x95\xda\x00#\xa8\x97_~G\x92\x8b\x93\x1ck\
\xbd\x05`\xc6\xee\x9fc\xc7\xbc\xcf\x19\xd8T\xea3\x9f\
\xb9\x96d\xad\xf5\x0e\x80\x852\x99\x08\xce0%\xc1\x99\
\xf1\xd4*8\x03\xeb!8\x03\x8c\xa4v\xdd\xfb\x93\xec\
o\xbd\x03`\x0e\x9e\x94C\x87^\xdaz\x04\xc0TJ\
9\xdaz\x02\xc0\x82\x11\x9caJ\x823\xe3q\xc2\x19\
X\x1fWj\x03\x8ck\x7f\x92\x9b[\x8f\x00\x98\x83\xae\
\xf4\xfdSZ\x8f\x008i\xde\xe3\x0c06\xcf]\x98\
\x92\xe0\xccx\x9cp\x06\xd6\xc7\x09g\x80\x11\xd5\xae\x9b\
dy\xf9\xd2$\xb7\xb7\xde\x020cKI~\xb1\xf4\
\xfd\x05\xad\x87\x00\x9c$\xe1\x03`\x5c\x9e\xbb0%\xc1\
\x991\x09\xce\xc0z8\xe1\x0c0\xb2\xba{\xf7GR\
\xca\x0bZ\xef\x00\x98\x83\xf3\x93\xfcB\xe9{\x7f.\x02\
l\x06\xc2\x07\xc0\x98J\xf1\xdc\x85)\xf9\x8d\x15cz\
P\xeb\x01\xc0\xa6\xf6\x80\xd6\x03\x00\x16Q\xdd\xbb\xf7\x17\
\x92\xbc\xa1\xf5\x0e\x809xZ\x92\x17\xb5\x1e\x01p\x12\
\x84\x0f\x80qy\xee\xc2\x94\x04g\xc6\xf4\xc0\xd6\x03\x80\
M\xed\xccr\xed\xb5g\xb7\x1e\x01\xb0\xa0\x9e\x9f\xe4\xcf\
[\x8f\x00\x98\x83\x95\xd2\xf7\xff\xb8\xf5\x08\x80\xafB\xf8\
\x00\x18\x97\xe7.LIpfLN'\x02\xebs\xd7\
]nJ\x00h\xa0v\xdd\xa7\x93<'\xc9Z\xeb-\
\x003\xb6\x9c\xe4\xb5\xe5\xc0\x01\xaf\x80\x0262\xe1\x03\
`\x5c\x9e\xbb0%\xc1\x99Q\x94\xbe\xdf\x99\xe4\x8c\xd6\
;\x80M\xae\x14\xc1\x19\xa0\x91\xdau\xbf\x99\xe4\xfa\xd6\
;\x00\xe6\xe0\x019z\xf4\xb5\xde\xe7\x0cl`G[\
\x0f\x00X0\x823L\xc9o\xa6\x18\xc7\xd2\x92H\x04\
\xac_\xad\x9e%\x00-\xed\xdc\xb9;\xc9\x1f\xb4\x9e\x01\
0\x07OO)\xff\xa1\xf5\x08\x80{!|\x00\x8c\xcb\
s\x17\xa6$83\x8eZ\xbd\xbf\x19\x98\x05\xc1\x19\xa0\
\xa1\xbak\xd7\x91$\x17'9\xdcz\x0b\xc0\xcc\xd5\xba\
\xbf\xac\xae>\xa1\xf5\x0c\x80/C\xf8\x00\x18\x97\xe7.\
LIpf\x1cN%\x02\xb3\xe1Y\x02\xd0X\xed\xba\
CN\x01\x02[\xd4)\x99L\xdeP\xae\xbe\xfa\xfc\xd6\
C\x00\xeeA\xf8\x00\x18\x97\xe7.LIpf,_\
\xd7z\x00\xb0%\x08\xce\x00\x1bA\xd7\xbd\x22\xc9\xaf\xb7\
\x9e\x010\x07\x17\xe5\xd8\xb17\x94\xbe?\xa5\xf5\x10\x80\
\xbfS\x8a\xf0\x010.\xcf]\x98\x92\xe0\xccX\x1e\xda\
z\x00\xb0%\x08\xce\x00\x1b@\xad\xb5\xe6\xb4\xd3\xfeM\
\x92\xbfj\xbd\x05`\x0e\x9e\x94d\x7f\xeb\x11\x00_@\
\xf8\x00\x18\x97\xe7.LIpf,\x8230\x0b\x0f\
*\xa5\x94\xd6#\x00H\xea\x8b_\xfc\xb7I.MR\
[o\x01\x98\x83+J\xdf\xff\xcb\xd6#\x00\xee&|\
\x00\x8c\xc9\xcd\x1205\xc1\x99\xb1|m\xeb\x01\xc0\x96\
\xb0=\xfb\xf6\x9d\xd7z\x04\x00'\xd4\xae{G\x92W\
\xb5\xde\x010\x07%\xc9k\xca\xfe\xfd><\x0d\xb4W\
\xeb\xb1\xd6\x13\x00\x16\xcadr\xb4\xf5\x04\xd8l\x04g\
\xe6\xae\x1c8p\xbf$g\xb5\xde\x01l\x11KK\xae\
\xd5\x06\xd8X\xfe}\x92\x0f\xb6\x1e\x010\x07\xe7dm\
\xedWJ\xdf\xdf\xa7\xf5\x10`\xc1\x952i=\x01`\
\xc1\xac\xb5\x1e\x00\x9b\x8d\xe0\xcc\xfc\x1d=\xea\x13\xe1\xc0\
\xecL&\x823\xc0\x06R\xbb\xee\xce$\x17'\xf1\x09\
p`+zT\xdc\xe4\x00\xb4V\xab\xe0\x0c0\xa6\xa5\
%\xcf]\x98\x92\xe0\xcc\x18\x1e\xdez\x00\xb0\x85\x94\xf2\
\x90\xd6\x13\x00\xf8b\xb5\xeb~?I\xd7z\x07\xc0\x9c\
<\xbb\xac\xac\xfc\xdb\xd6#\x80\x05\xe6\x843\xc0\xb8&\
\x13\xcf]\x98\x92\xe0\xcc\x18\xbe\xb1\xf5\x00`\x0b\xa9\xf5\
a\xad'\x00\xf0e]\x97\xe4\xdd\xadG\x00\xccE\xad\
?YVW\xbf\xa5\xf5\x0c`AM&\xaev\x05\x18\
\x97\xe7.LIpf\x0c\x8230KnM\x00\xd8\
\x80j\xd7M\x92<7\xc9m\xad\xb7\x00\xcc\xc1\xf6L\
&\xbf\x5c\x0e\x1c8\xaf\xf5\x10`\x019\xe1\x0c0.\
Wj\xc3\xd4\x04g\xc6 8\x03\xb3$8\x03lP\
\xb5\xeb>\x9a\xe4\xfb[\xef\x00\x98\x93\x87\xe4\xe8\xd1\x9f\
/\xa5\x94\xd6C\x80\x05#8\x03\x8c\xcb\x95\xda05\
\xc1\x99\xb9*}\xbf=\xc9\xd7\xb4\xde\x01l)\x0f\xb9\
\xfb\xd9\x02\xc0\x06T\xbb\xeeMI^\xdfz\x07\xc0\x9c\
<#\xfb\xf6]\xd9z\x04\xb0`j\x15>\x00\xc6\xe4\
\x83>05\xc1\x99y{d\x92\xe5\xd6#\x80-e\
)\xc9\xd7\xb7\x1e\x01\xc0W\xb0}\xfb\x0f%\xf9\xb3\xd6\
3\x00\xe6d\x7fYY\xf9\xce\xd6#\x80\x05\x22|\x00\
\x8c\xcb\x09g\x98\x9a\xe0\xcc|\x95\xf2\xe8\xd6\x13\x80-\
\xe9\x91\xad\x07\x00p\xef\xea\x95W~&\xc9s\x92\xac\
\xb5\xde\x020\x07\xcb\xa9\xf5\x97\xcaUW=\xa0\xf5\x10\
`A8\xe1\x0c0.\xefp\x86\xa9\x09\xce\xccW\xad\
\x8fm=\x01\xd8\x92\x1e\xd5z\x00\x00_Y\xed\xba\xdf\
JrM\xeb\x1d\x00sr~\x8e\x1f\xff\xe5r\xe3\x8d\
\xdbZ\x0f\x01\x16\x82\xf0\x010&\xc1\x19\xa6&83\
o\xdf\xd2z\x00\xb0%\x09\xce\x00\x9b\xc3\xbe$\xbf\xd3\
z\x04\xc0\x9c|[n\xbb\xed\xd5\xadG\x00\x0b\xc0\x09\
g\x80q\xad\xady\xee\xc2\x94\x04g\xe6\xa6\xf4\xfdR\
\x12Wj\x03\xf3\xe0\xd9\x02\xb0\x09\xd4\xae;\x9e\xe5\xe5\
\x8b\x93|\xb6\xf5\x16\x809ynYYy~\xeb\x11\
\xc0\x16\xe7\x1d\xce\x00\xe3r\xc2\x19\xa6&83?\xcb\
\xcb\x8fHrF\xeb\x19\xc0\x96\xf4\x90\xd2\xf7\xe7\xb4\x1e\
\x01\xc0WWw\xef\xbe5\xa5\xfc\xfb\xd6;\x00\xe6\xa6\
\xd6\x97\x97\xd5\xd5'\xb6\x9e\x01laN8\x03\x8ck\
2\xf1\xdc\x85)\x09\xce\xcc\xcfd\xf2\xb8\xd6\x13\x80-\
\xab$\xf9\xa6\xd6#\x0089u\xef\xde\x9fN\xf2\xab\
\xadw\x00\xcc\xc9\xa9\x99L\xdeP\xfa\xfe\x81\xad\x87\x00\
[\x94\x13\xce\x00\xe3r\xc2\x19\xa6&83?\xb5>\
\xa1\xf5\x04`\x0b+\xe5\xf1\xad'\x000\x95\x7f\x97\xe4\
\xe3\xadG\x00\xcc\xc9\x05I~\xad\x5c\x7f\xfd\xe9\xad\x87\
\x00[\x90\xe0\x0c0.\xefp\x86\xa9\x09\xce\xcc\x93\xe0\
\x0c\xccO\xad\xdf\xd6z\x02\x00'\xafv\xdd'R\xca\
%Ij\xeb-\x00s\xf2\x98\xdc~\xfb\xabZ\x8f\x00\
\xb6 Wj\x03\x8c\xcb\x09g\x98\x9a\xe0\xcc\x5c\x94\xbe\
\xbfo\x92G\xb4\xde\x01li\xff\xa8\xf5\x00\x00\xa6S\
\xf7\xee}W\x92\x1b[\xef\x00\x98\xa3\xe7\x94\x95\x95\x1f\
j=\x02\xd8b\x9cp\x06\x18\x97\x13\xce05\xc1\x99\
\xf9(\xe5\x099\xf1\x8eU\x80yyH\xe9\xfb\x8bZ\
\x8f\x00`J;w^\x91\xe4\x96\xd63\x00\xe6\xa6\xd6\
\xeb\xcb\xea\xea\x13[\xcf\x00\xb6\x90\xc9D\xf8\x00\x18\xd3\
\xf2\xb2\xe7.LIpf>j\xfd\xc7\xad'\x00\x0b\
\xe1[[\x0f\x00`:u\xd7\xae#I\x9e\x93\xe4H\
\xeb-\x00srj&\x93\xffR\xae\xba\xeaA\xad\x87\
\x00[\x84\x13\xce\x00\xe3\x12\x9caj\x823\xf3\xf2]\
\xad\x07\x00\x0b\xe1I\xad\x07\x000\xbd\xdau\xb7$y\
I\xeb\x1d\x00st~\x8e\x1f\x7fK\xe9\xfb\xfb\xb4\x1e\
\x02l\x01\xde\xe1\x0c0\xae\xe3\xc7=waJ\x823\
3W\xfa\xfe\x91I\x1e\xdaz\x07\xb0\x10\x9e\xdcz\x00\
\x00\x03\xed\xdbw}\x92\x9bZ\xcf\x00\x98\xa3\xc7$y\
U\xeb\x11\xc0\x16\xe0\x843\xc0\xb8\x9cp\x86\xa9\x09\xce\
\xcc\xc3\xd3[\x0f\x00\x16\xc6?(W_}a\xeb\x11\
\x00L\xaf\xd6Z\x93</\xc9'[o\x01\x98\xa3g\
\x97\xbe\xff\x91\xd6#\x80M\xae\x94\xb5\xd6\x13\x00\x16\xca\
\xd2\x92\xe7.LIpf\x1e\xbe\xbb\xf5\x00`a\x94\
\x1c?\xee\x9d\xf1\x00\x9bT\xed\xba\x8f%\xb9\xac\xf5\x0e\
\x809{YYY\xf9\xa7\xadG\x00\x9b\xd8\x89\x0f\xea\
\x01\x00lX\x8233U\xfa\xfe\xa2$Ol\xbd\x03\
X \xb5\xfe\x93\xd6\x13\x00\x18\xaev\xdd\xaf$\xf9\xd9\
\xd6;\x00\xe6h9\xb5\xfeRY]\xfd\x87\xad\x87\x00\
\x00\x00\xcc\x83\xe0\xccl\x95\xf2\xaf\x93,\xb7\x9e\x01,\
\x94\xef.}\xbf\xbd\xf5\x08\x00\xd6a\xc7\x8e\x17$\xf9\
P\xeb\x19\x00stf&\x93\xb7\x96\xab\xaf>\xbf\xf5\
\x10\x00\x00\x80Y\x13\x9c\x99\xadZ/n=\x01X8\
g&q\xad6\xc0&V/\xbf\xfc\x8e$\x17'9\
\xd6z\x0b\xc0\x1c=$\xc7\x8e\xfdz\xe9\xfb\xfb\xb4\x1e\
\x02\x00\x000K\x8233SVW\x1f\x93\xe41\xad\
w\x00\x0b\xe9_\xb6\x1e\x00\xc0\xfa\xd4\xae{\x7f\x92\xfd\
\xadw\x00\xcc\xd9\xe3\x92\xfct)\xa5\xb4\x1e\x02\x00\x00\
0+\x823\xb33\x99\xfch\xeb\x09\xc0\xc2\xfa\x9e\xf2\
\xb2\x97\xedh=\x02\x80u\xdb\x9f\xe4\xe6\xd6#\x00\xe6\
\xecY\xd9\xb7oO\xeb\x11\x00\x00\x00\xb3\x2283\x13\
\xa5\xef/J\xf2\x7f\xb7\xde\x01,\xac\xb3s\xe7\x9d\xdf\
\xdbz\x04\x00\xebS\xbbn\x92\xe5\xe5K\x93\xdc\xdez\
\x0b\xc0\x9c\xed+}\xff\xac\xd6#\x00\x00\x00fAp\
fV~8\xc9i\xadG\x00\x0b\xac\xd6\xefo=\x01\
\x80\xf5\xab\xbbw\x7f$\xc9\xae\xd6;\x00\xe6\xac$\xf9\
\x99\xd2\xf7\xdf\xdaz\x08\x00\x00\xc0z\x09\xce\xac[\xe9\
\xfb\x9d9\x11\x9c\x01Z\xfa\xb6\xb2\xba\xfa\x7f\xb4\x1e\x01\
\xc0\xfa\xd5\xae{m\x927\xb6\xde\x010g\xa7'y\
K\xb9\xea\xaa\x07\xb5\x1e\x02\x00\x00\xb0\x1e\x823\xb3\xf0\
\xa3I\xcel=\x02 \x93\xc9U\xad'\x000#\xdb\
\xb6\xfd@\x92\xbfh=\x03`\xce.\xc8\xf1\xe3o-\
}\x7fF\xeb!\x00\x00\x00C\x09\xce\xacK9p\xe0\
~I^\xd0z\x07\xc0\xdd\xbe\xb3\xf4\xfd\xd3Z\x8f\x00\
`\xfd\xea\x8b^\xf4\xa9\x94rI\x92I\xeb-\x00s\
\xf6\xe8$o,\xaf~\xf5\xa9\xad\x87\x00\x00\x00\x0c!\
8\xb3>G\x8f\xeeMrV\xeb\x19\x00_\xe0\xbar\
\xf0\xe0r\xeb\x11\x00\xac_\xdd\xbb\xf7\xddI\xfe\xdf\xd6\
;\x00F\xf0]\xf9\xf8\xc7\x7f\xba\x94RZ\x0f\x01\x00\
\x00\x98\x96\xe0\xcc`e\xff\xfeG$\xf9\xfe\xd6;\x00\
\xee\xe1\xd1\xf9\x93?\xb9\xac\xf5\x08\x00f\xe4\xc2\x0b_\
\x9a\xe4w[\xcf\x00\x18\xc1%\xd9\xb7\xef\xea\xd6#\x00\
\x00\x00\xa6%83\xdc\xda\xda\x7fL\xe2\xca/`\xe3\
\xa9u\x7f9p\xe0\xbc\xd63\x00X\xbfz\xd9e\xc7\
\xb2\xbc|I\x92\xc3\xad\xb7\x00\x8c\xe0EeeeW\
\xeb\x11\x00\x00\x00\xd3\x10\x9c\x19\xa4\xac\xac\xfc\xab$\xff\
\xa4\xf5\x0e\x80{\xb13G\x8f\xbe\xbc\xf5\x08\x00f\xa3\
\xee\xde\xfd')\xe5?\xb4\xde\x010\x8aZo(+\
+\xcfl=\x03\x00\x00\xe0d\x09\xceL\xad\x5cw\xdd\
\x99\xa9\xf5\x86\xd6;\x00\xbe\x8a\x8bK\xdf\x7fO\xeb\x11\
\x00\xccH\xd7\xbd\x22\xc9\xdb[\xcf\x00\x18\xc1Rj}\
]\xe9\xfb'\xb5\x1e\x02\x00\x00p2\x04g\xa6w\xf8\
\xf0\x8f'y`\xeb\x19\x00'\xe1\xa7J\xdf_\xd0z\
\x04\x00\xebWk\xad9\xed\xb4\xefK\xf2W\xad\xb7\x00\
\x8c`[\x92\xb7\x94\xbe\xff\xe6\xd6C\x00\x00\x00\xbe\x1a\
\xc1\x99\xa9\x94\xbe\x7fJ\x92\xcbZ\xef\x008I\xf7M\
\xf2\xea\xd6#\x00\x98\x8d\xfa\xe2\x17\xffm\x92K\x93\xd4\
\xd6[\x00FpV\x92\xb7\x95\xbe\xff\x9a\xc6;\x00\x00\
\x00\xbe\x22\xc1\x99\x93V\xae\xb9\xe6\xdc$?\x97\xa4\xb4\
\xde\x020\x85\xef.++\x97\xb6\x1e\x01\xc0l\xd4\xae\
{G\x92W\xb6\xde\x010\x92\x8b\x92\xdcT\x0e\x1c8\
\xaf\xf5\x10\x00\x00\x80{#8sRJ)%G\x8e\
\xfc|\x5c\xa5\x0dlF\xb5\xdeP\xfa\xfe\xeb[\xcf\x00\
`f.O\xf2\xc1\xd6#\x00F\xf2\xc8\x1c=zS\
\xb9\xf6\xda\xb3[\x0f\x01\x00\x00\xf8r\x04gNN\xdf\
\xffX\x92\x7f\xd6z\x06\xc0@g%\xf9\xf5\xd2\xf7\xe7\
\xb4\x1e\x02\xc0\xfa\xd5\xae\xbb3\xc9\xc5I\x8e\xb6\xde\x02\
0\x92\xc7\xe7\xae\xbb~\xe3\xee\x9b\xc7\x00\x00\x006\x14\
\xc1\x99\xaf\xaa\xac\xae>!\xb5\x1eh\xbd\x03`\x9d\x1e\
\x91\xe4?\x97\x83\x07\x97[\x0f\x01`\xfdj\xd7\xfd~\
J\xd9\xdbz\x07\xc0\x88\x1e\x9b#G~\xbd\x5cw\xdd\
\x99\xad\x87\x00\x00\x00|!\xc1\x99\xaf\xa8\x5cu\xd5C\
2\x99\xbc)\xc9\xa9\xad\xb7\x00\xcc\xc0w\xe5\xd0\xa1k\
Z\x8f\x00`Fj\xfd\xf1$\xbf\xd1z\x06\xc0\x88\xbe\
=\x87\x0f\xdfT\xfa\xfe\x8c\xd6C\x00\x00\x00>Op\
\xe6^\x95\xbe?#\xc7\x8f\xffZ\x92\xfb\xb7\xde\x020\
C\x97\x97\x95\x95KZ\x8f\x00`\xfdj\xd7M\x92\x5c\
\x9a\xe4\xd3\xad\xb7\x00\x8c\xe8;\x92\xbc\xb5\xf4\xfd}Z\
\x0f\x01\x00\x00H\x04g\xeeE\xb9\xf1\xc6mI\xde\x9c\
\xe4Q\xad\xb7\x00\xcc\x5c\xad\xaf*\xab\xabOh=\x03\
\x80\xf5\xab]\xf7\xe7I\x9e\xdfz\x07\xc0\xc8\x9e\x94\xe4\
-\xe5\xfa\xebOo=\x04\x00\x00@p\xe6K\x94\x83\
\x07\x97s\xdbm\xafK\xf2\x94\xd6[\x00\xe6d[&\
\x93\x9bDg\x80\xad\xa1v\xdd\x1b\x92\xfcb\xeb\x1d\x00\
#{Jn\xbf\xfd-\xa5\xef\xb7\xb7\x1e\x02\x00\x00,\
6\xc1\x99/RJ)9t\xe8g\x93<\xb3\xf5\x16\
\x809\xdb\x91\xc9\xe4\xadeu\xf5\xf1\xad\x87\x000\x03\
\xdb\xb7\xffp\x92?k=\x03`dOM\xf2f\xd7\
k\x03\x00\x00-\x09\xce|\xb1}\xfb^\x96\xe4\xb9\xad\
g\x00\x8c\xe4\xecL&\xef*}\xff\xb8\xd6C\x00X\
\x9fz\xe5\x95\x9f\xc9\xd2\xd2\xb3\x93\xac\xb5\xde\x020\xb2\
\xa7'yw9p\xe0\xbc\xd6C\x00\x00\x80\xc5$8\
\xf3wJ\xdf\xefO\xf2c\xadw\x00\x8c\xec\xec$\xef\
(\xab\xab\x8fn=\x04\x80\xf5\xa9{\xf6\xbc'\xc9\x81\
\xd6;\x00\x1a\xf8\xd6\x1c=\xfa\xdfJ\xdf_\xd0z\x08\
\x00\x00\xb0x\x04gR\xfa~\xa9\xf4\xfd\xf5I^\xda\
z\x0b@#\xe7\xdd}\xd2\xf9\xb1\xad\x87\x00\xb0N\x17\
^\xb8\x92\xe4}\xadg\x004\xf0\xe8$\xbfU\xfa\xfe\
\xe1\xad\x87\x00\x00\x00\x8bEp^p\xa5\xefOK\xf2\
\xba$?\xd2z\x0b@c\xf7K\xf2\x9b\xa5\xef\xffY\
\xeb!\x00\x0cW/\xbb\xecX\x96\x97\x9f\x95\xe4\xb3\xad\
\xb7\x004\xf0\xd0$\xef-++\xdf\xd9z\x08\x00\x00\
\xb08\x04\xe7\x05V\xae\xbb\xee\xcc$oO\xf2\xac\xd6\
[\x006\x88\x1dI~\xa5\xac\xac\xecj=\x04\x80\xe1\
\xea\xee\xdd\xb7\xc6\xabb\x80\xc5unj}GYY\
\xb9\xa4\xf5\x10\x00\x00`1\x08\xce\x0b\xaa\x5c}\xf5\xf9\
9|\xf8\xbf'yr\xeb-\x00\x1b\xccrj\xfd\x89\
\xd2\xf7//\x07\x0f.\xb7\x1e\x03\xc00\xb5\xeb~&\
\xc9\xc1\xd6;\x00\x1a9-\xb5\xfe|\xe9\xfb\xd7\x96\xbe\
?\xa3\xf5\x18\x00\x00`k\x13\x9c\x17P\xd9\xbf\xff\x1b\
r\xec\xd8o'\xf1\xaeR\x80{\xf7\x82\x1c:\xf4\xcb\
\xe5e/\xdb\xd1z\x08\x00\x83\xfd`\x92\x8f\xb7\x1e\x01\
\xd0\xd0s\x92\xfcn\xe9\xfbon=\x04\x00\x00\xd8\xba\
\x04\xe7\x05S\xfa\xfe\xff\xc9\xda\xda\xfb\x92|]\xeb-\
\x00\x9b\xc0?\xcf\x1dw\xfcv\xe9\xfbG\xb6\x1e\x02\xc0\
\xf4j\xd7}\x22\xc9\xf7%\xa9\x8d\xa7\x00\xb4\xf4\xc8\x9c\
x\xaf\xf3\x0bK)\xa5\xf5\x18\x00\x00`\xeb\x11\x9c\x17\
D\xe9\xfbSJ\xdf_\x93\xe4\x97\x92\xb8N\x0b\xe0\xe4\
=*\xc9\xef\x97\x95\x95\x17\xb6\x1e\x02\xc0\xf4j\xd7\xfd\
\xd7$?\xd1z\x07@c\xdbR\xeb\x0d\xd9\xb7\xef\x9d\
\xa5\xef\x1f\xdcz\x0c\x00\x00\xb0\xb5\x08\xce\x0b\xa0\xf4\xfd\
\x03\x93\xdc\x9c\xe4\xca\xd6[\x006\xa9\xd3S\xeb\x0d\xa5\
\xef\x0f\x96\xbe?\xa7\xf5\x18\x00\xa6\xb4s\xe7\x95In\
i=\x03`\x03xj\x92?*}\x7f\x99\xd3\xce\x00\
\x00\xc0\xac\x08\xce[\x5cYYyj\x92\xdfO\xf2\xed\
\xad\xb7\x00l\x01\xdf\x93\xe4}\xa5\xef\x1f\xdbz\x08\x00\
'\xaf\xee\xdau$'\xdecz\xa4\xf5\x16\x80\x0d\xe0\
\xac$\xaf\xca\xbe}o+W]\xf5\x80\xd6c\x00\x00\
\x80\xcdOp\xde\xa2J\xdf\xdf\xa7\xf4\xfd\x0d\xa9\xf5\x1d\
I\xee\xd7z\x0f\xc0\x16\xf2\xb0$\xbf]\xfa\xfe\x8a\xd2\
\xf7\xa7\xb4\x1e\x03\xc0\xc9\xa9]wKJyq\xeb\x1d\
\x00\x1b\xc8w\xe5\xf8\xf1?.}\xff\xc3\xe5\xe0\xc1\xe5\
\xd6c\x00\x00\x80\xcdKp\xde\x82\xca\xea\xeaw$\xf9\
@\x92\x17\xc6\xffc\x80y\xd8\x96\xe4\xda$\xbfW\xfa\
\xfe\x1f\xb5\x1e\x03\xc0I\xea\xba\x1b\x92\xdc\xd4z\x06\xc0\
\x06rv\x92\x1bs\xe8\xd0\xfb\xcb\xea\xea\xb7\xb5\x1e\x03\
\x00\x00lNb\xe4\x16R\xfa\xfe\x8c\xd2\xf7?\x99\xc9\
\xe4\x7f$yx\xeb=\x00\x0b\xe0QI~\xab\xf4\xfd\
\xcb\xcbu\xd7\x9d\xd9z\x0c\x00_Y\xad\xb5&y^\
\x92O\xb6\xde\x02\xb0\xc1|s&\x93\xf7\x94\xbe\x7fy\
\xb9\xf6\xda\xb3[\x8f\x01\x00\x006\x17\xc1y\x8b(\xab\
\xabO\xc8\x89w5\xffP\x92\xd2x\x0e\xc0\x22YN\
\xf2\x82\x1c>\xfc\xff\x95\xbe\xff\x9e\xd6c\x00\xf8\xcaj\
\xd7},'\xa23\x00_\xec\xc4\xf7\xb5w\xdduk\
YYy\xa1\xd7\xc7\x00\x00\x00'Kp\xde\xe4J\xdf\
_T\xfa\xfe\x172\x99\xdc\x9c\x13\xef\x15\x05\xa0\x8d\x0b\
\x93\x1c,}\xff\xe6\xd2\xf7n\x99\x00\xd8\xc0j\xd7\xfd\
j\x92\xd7\xb4\xde\x01\xb0A\x9d\x97ZoH\xf2\x81\xd2\
\xf7Ok=\x06\x00\x00\xd8\xf8\x04\xe7M\xaa\x5c\x7f\xfd\
\xe9\xa5\xefw'\xf9P\x92\xe7\xc6\xa9f\x80\x8d\xe2\xff\
J\xf2?K\xdf\xffT\xe9\xfb\x0bZ\x8f\x01\xe0^\xfd\
H\x92?m=\x02`\x03\xfb\xa6$\xef,}\xff\xb6\
\xd2\xf7\xdf\xdcz\x0c\x00\x00\xb0q\x95\x13\xaf1c3\
)++\xdf\x9dZ_\x9e\xe4k[o\x01\xe0+\xba\
3\xc9\x8d\xd9\xbe\xfd@\xbd\xf2\xca\xcf\xb4\x1e\x03\xc0\x17\
+}\xff\xb8$\xbf\x9d\xe4\xd4\xd6[\x006\xb8\x9a\xe4\
mI^Z\xbb\xee\x96\xd6c`\xd1\x94w\xbe\xf3\x07\
\x92\xfcT\xeb\x1d\x00\x0b\xe3\x94S\x1eZ\x9f\xfc\xe4\xff\
\xd5z\x06l&\x82\xf3&RVW\x1f\x9f\xc9\xe4\x86\
$\xdf\xdez\x0b\x00S\xf9\xdb$\xfb\x93\xbc\xb2v\xdd\
\xd1\xd6c\x00\xf8{eeeOj]i\xbd\x03`\
\x93XK\xf2\xfa,/\xaf\xd4\xdd\xbbom=\x06\x16\
\x85\xe0\x0c02\xc1\x19\xa6&8o\x02w\x87\xe6\x17\
%\xf9\x17qu6\xc0f\xf6\xbf\x93\xfc\xc7\xec\xd8\xf1\
\x9az\xf9\xe5w\xb4\x1e\x03@R\x0e\x1e\x5c\xce\xa1C\
7'\xf9\x8e\xd6[\x006\x91\xb5$o\xcc\xd2\xd2\xb5\
u\xcf\x9e?l=\x06\xb6:\xc1\x19`d\x823L\
Mp\xde\xa0J)%\xfb\xf6=9\xc9\x8b\x92<\xb9\
\xf5\x1e\x00f\xea\xb6$\xaf\xc8\xa9\xa7\xfed}\xc9K\
\xfe\xba\xf5\x18\x80EW\xf6\xef\xff\xda\xac\xad\xfdA\x92\
\xb3Zo\x01\xd8dj\x92\x9b\xb2\xb4tM\xdd\xb3\xe7\
\x7f\xb4\x1e\x03[\x95\xe0\x0c02\xc1\x19\xa6&8o\
0\xe5\xc0\x81\xfb\xe5\xe8\xd1K\x92</\xc9#Z\xef\
\x01`\xae\x8e%yk\x92\xd7\xe4\x1b\xbf\xf1\x9d\xf5\x99\
\xcf\x5ck=\x08`Q\x95\xbe\x7fn\x92_h\xbd\x03\
`\x13{_J\xf9\xc9\x9c{\xee\x1b\xeb\xae]GZ\
\x8f\x81\xadDp\x06\x18\x99\xe0\x0cS\x13\x9c7\x80r\
\xe3\x8d\xdb\xf2\xa9O=-\xb5^\x9c\x13\xd7f\x9f\xd6\
z\x13\x00\xa3\xfbh\x92\xd7fi\xe9\x8d\xae%\x04h\
\xa3\xf4\xfd\x7fI\xf2\xbd\xadw\x00lr\x7f\x93\xe4\xa7\
\x93\xbc\xb2v\xddG[\x8f\x81\xad@p\x06\x18\x99\xe0\
\x0cS\x13\x9c\x1b)}\x7fZJyjj\xfd\xde$\
\xff<\xc9\xd9\xad7\x01\xb0a|(\xc9\x9b\x92\x1c\xac\
]\xf7\x07\xad\xc7\x00,\x8ar\xcd5\xe7\xe6\xc8\x91?\
L\xf2\xa0\xd6[\x00\xb6\x80\xe3I\xde\x9eR~6\x17\
\x5c\xf0\xf6z\xd9e\xc7Z\x0f\x82\xcdJp\x06\x18\x99\
\xe0\x0cS\x13\x9cGT\xfa\xfe\xfeI\x9e\x9e\xe4\x19I\
\x9e\x16\x91\x19\x80\xaf\xee\xaf\x93\xfc\xd7\x94\xf2\xd6\xd4\xfa\
\xae\xdau\x9fn=\x08`++\xab\xabO\xc8d\xf2\
\xee$\xcb\xad\xb7\x00l!\x9fJr0KK\xaf\xac\
{\xf6|\xa0\xf5\x18\xd8l\x04g\x80\x91\x09\xce05\
\xc1y\x8eJ\xdf\xefL\xf2\x7f&yb\x92\xa7$y\
T\xdbE\x00lr\xc7\x92\xbc'\xc9\xbb\xb3\xb4ts\
\xce8\xe3}\xf5G\x7f\xf4p\xebQ\x00[M\xe9\xfb\
k\x93\x5c\xd1z\x07\xc0\x16\xf5\x87)\xe5`\x96\x96\xde\
Xw\xef\xfep\xeb1\xb0\x19\x08\xce\x00#\x13\x9ca\
j\x82\xf3\x0c\x95\xfd\xfb\xbf6\x93\xc9\xb7\xa6\xd6\xcfG\
\xe6\x7f\x90d\xa9\xf1,\x00\xb6\xae\xa3I~7\xc9o\
\xa6\x94\xf7\xe4\x94S\xde__\xf2\x92\xbfn=\x0a`\
\xb3+}\x7fZ\x92\xf7&yL\xeb-\x00[\xdc\x07\
R\xca\xc1\xd4\xfa\xe6\xdau\x1fl=\x066*\xc1\x19\
`d\x823LMp\x1e\xa8\xf4\xfd\x03S\xcacR\
\xeb\xe3\x93<>\xc9\xe3\x92\xdc\xb7\xf1,\x00\xf8\x8b$\
\xbf\x9bR\xde\x9f\xe4\xfd\xa9\xf5\x03\xb5\xeb>\xd1z\x14\
\xc0fS\xf6\xef\xff\x86\xac\xad\xfd^\x92\xd3[o\x01\
X\x10\xb7&y[\x92\xb7e\xe7\xce\x9b\xeb\xae]G\
Z\x0f\x82\x8dBp\x06\x18\x99\xe0\x0cS\x13\x9c\xbf\x8a\
\xbb\xaf\xc5\xfe\xc6$\xdf\x94\x13Wb\x7f\xd3\xdd_\xe7\
\xb6\xdc\x05\x00S\xf8\xab$\xff3\xc9\x1f\xa5\x94?N\
)\xb7d\xdb\xb6\x0f\xd6+\xae\xf8l\xeba\x00\x1bY\
\xe9\xfb\x1fL\xf2\x9fZ\xef\x00X@\x9fK\xf2\xdfS\
\xcao\xa4\xd6w'\xb9\xa5v\xdd\xa4\xf5(hEp\
\x06\x18\x99\xe0\x0cS\x13\x9c\x93\x94\xbe?'\xc9\xd7\xa4\
\x94\x87\xa5\xd6\x87%y\xf8\xdd_\x0f\x8bS\xcb\x00l\
]\x1fO\xf2\xa1$\x1fN\xf2\xe1\x94\xf2\xe1\x94\xf2\xa1\
\x9c~\xfa\x9f\xd5\xcb/\xbf\xa3\xf16\x80\xe6J)%\
\xfb\xf6\xbd5\xc9?m\xbd\x05`\xc1\xdd\x96\xe4\xe6\x94\
rsJyo&\x93\x0f\xd4\xae;\xdaz\x14\x8cE\
p\x06\x18\x99\xe0\x0cS\xdb\xf2\xc1\xb9\x5c\x7f\xfd\xe9\xb9\
\xe3\x8e\x8b\xb2\xb6vaJy@\x92\x07\xa7\xd6\x07'\
yH\x92\xafI\xf2\xe0$g\xb7\xdc\x08\x00\x1b\xd0'\
\x92\xfcy\x92\xff\x9d\xe4\xcfS\xcaGR\xeb_di\
\xe9\xe3\x99L\xfe2\xc9_\xf9C>`\x11\x94\xab\xaf\
>?\xc7\x8e\xdd\x92\xe4\xfe\xad\xb7\x00\xf0w\x8e$\xf9\
@\x92\xf7%\xf9\x9d$\x7f\x90\xe4C\xb5\xeb\x8e7]\
\x05s\x228\x03\x8cLp\x86\xa9m\xba\xe0\x5c\xfa\xfe\
\xac$;\xb3\xb4t^&\x93\xf3\x92\xec\xbc\xc7\xd7}\
\x93\x5c\x94\xe4\xc2\xbb\xffzN\xab\xad\x00\xb0\xc5\xfdm\
N\x5c\xd7\xfd\x97w\xff\xf5\x13)\xe5\xb6\xd4\xfa\xc9\x94\
\xf2\xc9$\xb7\xa5\x94\xdb\xb2\xb4t[\xb6m\xbb\xcd\xa9\
i`\xb3*}\xff\x8c$\xbf\x96\xa4\xb4\xde\x02\xc0\xbd\
:\x92\xe4P\x92?\xba\xfb\xebP\x92?\xcd\x85\x17~\
\xa4^v\xd9\xb1\xa6\xcb`\x9d\x04g\x80\x91\x09\xce0\
\xb5\xb9\x07\xe7r\xf0\xe0rn\xbd\xf5\xac\x1c9\xb2-\
\xc9}\x92\x9c\x91\xa5\xa5SS\xeb9\xa9\xf5\xd4\x94r\
f\x92\xed\xa9\xf5\xf4\x94rfj==\x7f\x1f\x8f\xbf\
\x5cP>e\xae\x83\x01\x80y\xb9+'\xaeC\xbc\xe7\
\xd7\xe7\xe3\xf4\xe1\xd4z8\xa5|6\xb5\x1eK\xf2\xe9\
$G\xb3\xb4tGJ\xb93kkGr\xdai\x9f\
\xc9\xd1\xa3\xc7j\xd7\xdd\xde\xecW\x01,\xa4\xd2\xf7\xaf\
H\xf2\xfc\xd6;\x00\x98\xda\xf1\x9c\xb8\xb9\xe7\xc3In\
M)\x1fM\xad\x7f\x99\xe4\xa3I>\x96\x1d;\xfe\xc2\
\x07#\xd9\xe8\x04g\x80\x91\x09\xce0\xb5SJ\xdf\xbf\
\xea\x1e\xffl{\x92\xd3\xbf\xcc\x8f='_\xfa\x89\xfe\
{\xfe\xd8\xd3\x92\xec\xb8\xfb\xeb\xb4\x9c\xb8\xaaz\xe9K\
~\xa6\xc9\xe4\xef\xff\xfe\x0b\x83\xf7&;m\x0d\x00L\
e{N\xdc>r\xd1\x97\xfd\xb7\x9f\xff>\xe0\x9e\xdf\
\x0f|\xe1\xf7\x0dGO\xdc\xe2]\xfa>9q\x8a\xe5\
\xce$\x9fKr,\xc9\xa7\xee\xf13~:\xc9=\xbf\
\xb9\xb8+\xc9\xe1{\xfe\x97\xef\xfe\xb1\x7f\xaf\x947\xd5\
\xbd{\xdfu/\xbf\x0e`1]\x9e\xe4II\xbe\xa1\
\xf1\x0e\x00\xa6sJ\x92\xaf\xbb\xfb\xebK\xbf\xd7\xbc\xe3\
\x8e\x94\xbe\xbf#\x9f\xff\x10\xe4\x89\xafO$\xb9\xb9v\
\xdd+\xc6\x1c\x0a\x00\x00\x9b\xd5)I.k=\x02\x00\
`\x80mw\x7f\x9d;\xf3\x9f\xb9\xd6\x0f'\x11\x9c\x81\
\xbfS\xbb\xee\xce\xb2\xbazq&\x93\xf7\xe6\xc4\x87k\
\x01\xd8:>\x7fx\xe2\xc1_\xf0\xcf\xb6'\x11\x9c\x01\
\x00\xe0$|\xe9\xe9c\x00\x00\x00\xbeD\xdd\xb3\xe7\x03\
)eo\xeb\x1d\x00\x00\x00\x00\x1b\x89\xe0\x0c\x00\x00p\
\xb2j\xfd\xf1$\xbf\xd1z\x06\x00\x00\x00\xc0F!8\
\x03\x00\x00\x9c\xa4\xdau\x93$\x97\xe4\xc4;>\x01\x00\
\x00\x00\x16\x9e\xe0\x0c\x00\x000\x85\xdau\x1fM)\x97\
\xb5\xde\x01\x00\x00\x00\xb0\x11\x08\xce\x00\x00\x00S\xaa{\
\xf7\xfer\x92_l\xbd\x03\x00\x00\x00\xa05\xc1\x19\x00\
\x00`\x98\xe7'\xf9\xd3\xd6#\x00\x00\x00\x00Z\x12\x9c\
\x01\x00\x00\x06\xa8]\xf7\xb9,-}_\x92\xb5\xd6[\
\x00\x00\x00\x00Z\x11\x9c\x01\x00\x00\x06\xaa{\xf6\xbc'\
\xc95\xadw\x00\x00\x00\x00\xb4\x228\x03\x00\x00\xac\xcf\
\xbe$i\x81\x88\xa7\x00\x00 \x00IDAT\xefm\
=\x02\x00\x00\x00\xa0\x05\xc1\x19\x00\x00`\x1dj\xd7\x1d\
\xcf\xf2\xf2\xb3\x93|\xb6\xf5\x16\x00\x00\x00\x80\xb1\x09\xce\
\x00\x00\x00\xebTw\xef\xbe5\xc9\x8f\xb5\xde\x01\x00\x00\
\x0006\xc1\x19\x00\x00`\x06j\xd7\xfdL\x92\x83\xad\
w\x00\x00\x00\x00\x8cIp\x06\x00\x00\x98\x9d\x1fL\xf2\
\xf1\xd6#\x00\x00\x00\x00\xc6\x228\x03\x00\x00\xccH\xed\
\xbaO\xa4\x94K\x92\xd4\xd6[\x00\x00\x00\x00\xc6 8\
\x03\x00\x00\xccP\xdd\xbb\xf7]I~\xa2\xf5\x0e\x00\x00\
\x00\x801\x08\xce\x00\x00\x00\xb3\xb6s\xe7\x95Ini\
=\x03\x00\x00\x00`\xde\x04g\x00\x00\x80\x19\xab\xbbv\
\x1d\xc9\xd2\xd2\xb3\x92\x1cn\xbd\x05\x00\x00\x00`\x9e\x04\
g\x00\x00\x809\xa8{\xf6\xfcqJyi\xeb\x1d\x00\
\x00\x00\x00\xf3$8\x03\x00\x00\xccK\xd7\xdd\x90\xe4\xa6\
\xd63\x00\x00\x00\x00\xe6Ep\x06\x00\x00\x98\x93Zk\
M\xf2\xbc$\x9fl\xbd\x05\x00\x00\x00`\x1e\x04g\x00\
\x00\x809\xaa]\xf7\xb1\x9c\x88\xce\x00\x00\x00\x00[\x8e\
\xe0\x0c\x00\x000g\xb5\xeb~5\xc9kZ\xef\x00\x00\
\x00\x00\x985\xc1\x19\x00\x00`\x0c;v\xbc0\xc9\x87\
Z\xcf\x00\x00\x00\x00\x98%\xc1\x19\x00\x00`\x04\xf5\xf2\
\xcb\xef\xc8\xd2\xd2\xb3\x92\x1ck\xbd\x05\x00\x00\x00`V\
\x04g\x00\x00\x80\x91\xd4={~/\xa5\xac\xb6\xde\x01\
\x00\x00\x000+\x823\x00\x00\xc0\x98j\xbd*\xc9\xcd\
\xadg\x00\x00\x00\x00\xcc\x82\xe0\x0c\x00\x000\xa2\xdau\
\x93,/_\x9a\xe4\xf6\xd6[\x00\x00\x00\x00\xd6Kp\
\x06\x00\x00\x18Y\xdd\xbd\xfb#Iv\xb5\xde\x01\x00\x00\
\x00\xb0^\x823\x00\x00@\x03\xb5\xeb^\x9b\xe4\x0d\xad\
w\x00\x00\x00\x00\xac\xc7)I^\xddz\x04\x00\xc0\x86\
R\xca\x1f\xb6\x9e\x00,\x88m\xdb~0G\x8e|:\
>\x0c\x0c\xb0\xd1\xf8~\x10\x00\x00NR\xa9\xb5\xb6\xde\
\x00\x00\x00\x00\x00\xc0\x97Q\xde\xf9\xce\x1fH\xf2S\xad\
w\x00,\x8cSNyh}\xf2\x93\xffW\xeb\x19\xb0\
\x99\xf8\x14=\x00\x00\x00\x00\x00\x00\x00\x83\x08\xce\x00\x00\
\x00\x00\x00\x00\x00\x0c\x228\x03\x00\x00\x00\x00\x00\x000\
\x88\xe0\x0c\x00\x00\x00\x00\x00\x00\xc0 \x823\x00\x00\x00\
\x00\x00\x00\x00\x83\x08\xce\x00\x00\x00\x00\x00\x00\x00\x0c\x22\
8\x03\x00\x00\x00\x00\x00\x000\x88\xe0\x0c\x00\x00\x00\x00\
\x00\x00\xc0 \x823\x00\x00\x00\x00\x00\x00\x00\x83\x08\xce\
\x00\x00\x00\x00\x00\x00\x00\x0c\x228\x03\x00\x00\x00\x00\x00\
\x000\x88\xe0\x0c\x00\x00\x00\x00\x00\x00\xc0 \x823\x00\
\x00\x00\x00\x00\x00\x00\x83\x08\xce\x00\x00\x00\x00\x00\x00\x00\
\x0c\x228\x03\x00\x00\x00\x00\x00\x000\x88\xe0\x0c\x00\x00\
\x00\x00\x00\x00\xc0 \x823\x00\x00\x00\x00\x00\x00\x00\x83\
\x08\xce\x00\x00\x00\x00\x00\x00\x00\x0c\x228\x03\x00\x00\x00\
\x00\x00\x000\x88\xe0\x0c\x00\x00\x00\x00\x00\x00\xc0 \x82\
3\x00\x00\x00\x00\x00\x00\x00\x83\x08\xce\x00\x00\x00\x00\x00\
\x00\x00\x0c\x228\x03\x00\x00\x00\x00\x00\x000\x88\xe0\x0c\
\x00\x00\x00\x00\x00\x00\xc0 \x823\x00\x00\x00\x00\x00\x00\
\x00\x83\x08\xce\x00\x00\x00\x00\x00\x00\x00\x0c\x228\x03\x00\
\x00\x00\x00\x00\x000\x88\xe0\x0c\x00\x00\x00\x00\x00\x00\xc0\
 \x823\x00\x00\x00\x00\x00\x00\x00\x83\x08\xce\x00\x00\x00\
\x00\x00\x00\x00\x0c\x228\x03\x00\x00\x00\x00\x00\x000\x88\
\xe0\x0c\x00\x00\x00\x00\x00\x00\xc0 \x823\x00\x00\x00\x00\
\x00\x00\x00\x83\x08\xce\x00\x00\x00\x00\x00\x00\x00\x0c\x228\
\x03\x00\x00\x00\x00\x00\x000\x88\xe0\x0c\x00\x00\x00\x00\x00\
\x00\xc0 \x823\x00\x00\x00\x00\x00\x00\x00\x83\x08\xce\x00\
\x00\x00\x00\x00\x00\x00\x0c\x228\x03\x00\x00\x00\x00\x00\x00\
0\x88\xe0\x0c\x00\x00\x00\x00\x00\x00\xc0 \x823\x00\x00\
\x00\x00\x00\x00\x00\x83\x08\xce\x00\x00\x00\x00\x00\x00\x00\x0c\
\x228\x03\x00\x00\x00\x00\x00\x000\x88\xe0\x0c\x00\x00\x00\
\x00\x00\x00\xc0 \x823\x00\x00\x00\x00\x00\x00\x00\x83\x08\
\xce\x00\x00\x00\x00\x00\x00\x00\x0c\x228\x03\x00\x00\x00\x00\
\x00\x000\x88\xe0\x0c\x00\x00\x00\x00\x00\x00\xc0 \x823\
\x00\x00\x00\x00\x00\x00\x00\x83\x08\xce\x00\x00\x00\x00\x00\x00\
\x00\x0c\x228\x03\x00\x00\x00\x00\x00\x000\x88\xe0\x0c\x00\
\x00\x00\x00\x00\x00\xc0 \x823\x00\x00\x00\x00\x00\x00\x00\
\x83\x08\xce\x00\x00\x00\x00\x00\x00\x00\x0c\x228\x03\x00\x00\
\x00\x00\x00\x000\x88\xe0\x0c\x00\x00\x00\x00\x00\x00\xc0 \
\x823\x00\x00\x00\x00\x00\x00\x00\x83\x08\xce\x00\x00\x00\x00\
\x00\x00\x00\x0c\x228\x03\x00\x00\x00\x00\x00\x000\x88\xe0\
\x0c\x00\x00\x00\x00\x00\x00\xc0 \x823\x00\x00\x00\x00\x00\
\x00\x00\x83\x08\xce\x00\x00\x00\x00\x00\x00\x00\x0c\x228\x03\
\x00\x00\x00\x00\x00\x000\x88\xe0\x0c\x00\x00\x00\x00\x00\x00\
\xc0 \x823\x00\x00\x00\x00\x00\x00\x00\x83\x08\xce\x00\x00\
\x00\x00\x00\x00\x00\x0c\x228\x03\x00\x00\x00\x00\x00\x000\
\x88\xe0\x0c\x00\x00\x00\x00\x00\x00\xc0 \x823\x00\x00\x00\
\x00\x00\x00\x00\x83\x08\xce\x00\x00\x00\x00\x00\x00\x00\x0c\x22\
8\x03\x00\x00\x00\x00\x00\x000\x88\xe0\x0c\x00\x00\x00\x00\
\x00\x00\xc0 \x823\x00\x00\x00\x00\x00\x00\x00\x83\x08\xce\
\x00\x00\x00\x00\x00\x00\x00\x0c\x228\x03\x00\x00\x00\x00\x00\
\x000\x88\xe0\x0c\x00\x00\x00\x00\x00\x00\xc0 \x823\x00\
\x00\x00\x00\x00\x00\x00\x83\x08\xce\x00\x00\x00\x00\x00\x00\x00\
\x0c\x228\x03\x00\x00\x00\x00\x00\x000\x88\xe0\x0c\x00\x00\
\x00\x00\x00\x00\xc0 \x823\x00\x00\x00\x00\x00\x00\x00\x83\
\x08\xce\x00\x00\x00\x00\x00\x00\x00\x0c\x228\x03\x00\x00\x00\
\x00\x00\x000\x88\xe0\x0c\x00\x00\x00\x00\x00\x00\xc0 \x82\
3\x00\x00\x00\x00\x00\x00\x00\x83\x08\xce\x00\x00\x00\x00\x00\
\x00\x00\x0c\x228\x03\x00\x00\x00\x00\x00\x000\x88\xe0\x0c\
\x00\x00\x00\x00\x00\x00\xc0 \x823\x00\x00\x00\x00\x00\x00\
\x00\x83\x08\xce\x00\x00\x00\x00\x00\x00\x00\x0c\x228\x03\x00\
\x00\x00\x00\x00\x000\x88\xe0\x0c\x00\x00\x00\x00\x00\x00\xc0\
 \x823\x00\x00\x00\x00\x00\x00\x00\x83\x08\xce\x00\x00\x00\
\x00\x00\x00\x00\x0c\x228\x03\x00\x00\x00\x00\x00\x000\x88\
\xe0\x0c\x00\x00\x00\x00\x00\x00\xc0 \x823\x00\x00\x00\x00\
\x00\x00\x00\x83\x08\xce\x00\x00\x00\x00\x00\x00\x00\x0c\x228\
\x03\x00\x00\x00\x00\x00\x000\x88\xe0\x0c\x00\x00\x00\x00\x00\
\x00\xc0 \x823\x00\x00\x00\x00\x00\x00\x00\x83\x08\xce\x00\
\x00\x00\x00\x00\x00\x00\x0c\x228\x03\x00\x00\x00\x00\x00\x00\
0\x88\xe0\x0c\x00\x00\x00\x00\x00\x00\xc0 \x823\x00\x00\
\x00\x00\x00\x00\x00\x83\x08\xce\x00\x00\x00\x00\x00\x00\x00\x0c\
\x228\x03\x00\x00\x00\x00\x00\x000\x88\xe0\x0c\x00\x00\x00\
\x00\x00\x00\xc0 \x823\x00\x00\x00\x00\x00\x00\x00\x83\x08\
\xce\x00\x00\x00\x00\x00\x00\x00\x0c\x228\x03\x00\x00\x00\x00\
\x00\x000\x88\xe0\x0c\x00\x00\x00\x00\x00\x00\xc0 \x823\
\x00\x00\x00\x00\x00\x00\x00\x83\x08\xce\x00\x00\x00\x00\x00\x00\
\x00\x0c\x228\x03\x00\x00\x00\x00\x00\x000\x88\xe0\x0c\x00\
\x00\x00\x00\x00\x00\xc0 \x823\x00\x00\x00\x00\x00\x00\x00\
\x83\x08\xce\x00\x00\x00\x00\x00\x00\x00\x0c\x228\x03\x00\x00\
\x00\x00\x00\x000\x88\xe0\x0c\x00\x00\x00\x00\x00\x00\xc0 \
\x823\x00\x00\x00\x00\x00\x00\x00\x83\x08\xce\x00\x00\x00\x00\
\x00\x00\x00\x0c\x228\x03\x00\x00\x00\x00\x00\x000\x88\xe0\
\x0c\x00\x00\x00\x00\x00\x00\xc0 \x823\x00\x00\x00\x00\x00\
\x00\x00\x83\x08\xce\x00\x00\x00\x00\x00\x00\x00\x0c\x228\x03\
\x00\x00\x00\x00\x00\x000\x88\xe0\x0c\x00\x00\x00\x00\x00\x00\
\xc0 \x823\x00\x00\x00\x00\x00\x00\x00\x83\x08\xce\x00\x00\
\x00\x00\x00\x00\x00\x0c\x228\x03\x00\x00\x00\x00\x00\x000\
\x88\xe0\x0c\x00\x00\x00\x00\x00\x00\xc0 \x823\x00\x00\x00\
\x00\x00\x00\x00\x83\x08\xce\x00\x00\x00\x00\x00\x00\x00\x0c\x22\
8\x03\x00\x00\x00\x00\x00\x000\x88\xe0\x0c\x00\x00\x00\x00\
\x00\x00\xc0 \x823\x00\x00\x00\x00\x00\x00\x00\x83\x08\xce\
\x00\x00\x00\x00\x00\x00\x00\x0c\x228\x03\x00\x00\x00\x00\x00\
\x000\x88\xe0\x0c\x00\x00\x00\x00\x00\x00\xc0 \x823\x00\
\x00\x00\x00\x00\x00\x00\x83\x08\xce\x00\x00\x00\x00\x00\x00\x00\
\x0c\x228\x03\x00\x00\x00\x00\x00\x000\x88\xe0\x0c\x00\x00\
\x00\x00\x00\x00\xc0 \x823\x00\x00\x00\x00\x00\x00\x00\x83\
\x08\xce\x00\x00\x00\x00\x00\x00\x00\x0c\x228\x03\x00\x00\x00\
\x00\x00\x000\x88\xe0\x0c\x00\x00\x00\x00\x00\x00\xc0 \x82\
3\x00\x00\x00\x00\x00\x00\x00\x83\x08\xce\x00\x00\x00\x00\x00\
\x00\x00\x0c\x228\x03\x00\x00\x00\x00\x00\x000\x88\xe0\x0c\
\x00\x00\x00\x00\x00\x00\xc0 \x823\x00\x00\x00\x00\x00\x00\
\x00\x83\x08\xce\x00\x00\x00\x00\x00\x00\x00\x0c\x228\x03\x00\
\x00\x00\x00\x00\x000\x88\xe0\x0c\x00\x00\x00\x00\x00\x00\xc0\
 \x823\x00\x00\x00\x00\x00\x00\x00\x83\x08\xce\x00\x00\x00\
\x00\x00\x00\x00\x0c\x228\x03\x00\x00\x00\x00\x00\x000\x88\
\xe0\x0c\x00\x00\x00\x00\x00\x00\xc0 \x823\x00\x00\x00\x00\
\x00\x00\x00\x83\x08\xce\x00\x00\x00\x00\x00\x00\x00\x0c\x228\
\x03\x00\x00\x00\x00\x00\x000\x88\xe0\x0c\x00\x00\x00\x00\x00\
\x00\xc0 \x823\x00\x00\x00\x00\x00\x00\x00\x83\x08\xce\x00\
\x00\x00\x00\x00\x00\x00\x0c\x228\x03\x00\x00\x00\x00\x00\x00\
0\x88\xe0\x0c\x00\x00\x00\x00\x00\x00\xc0 \x823\x00\x00\
\x00\x00\x00\x00\x00\x83\x08\xce\x00\x00\x00\x00\x00\x00\x00\x0c\
\x228\x03\x00\x00\x00\x00\x00\x000\x88\xe0\x0c\x00\x00\x00\
\x00\x00\x00\xc0 \x823\x00\x00\x00\x00\x00\x00\x00\x83\x08\
\xce\x00\x00\x00\x00\x00\x00\x00\x0c\x228\x03\x00\x00\x00\x00\
\x00\x000\x88\xe0\x0c\x00\x00\x00\x00\x00\x00\xc0 \x823\
\x00\x00\x00\x00\x00\x00\x00\x83\x08\xce\x00\x00\x00\x00\x00\x00\
\x00\x0c\x228\x03\x00\x00\x00\x00\x00\x000\x88\xe0\x0c\x00\
\x00\x00\x00\x00\x00\xc0 \x823\x00\x00\x00\x00\x00\x00\x00\
\x83\x08\xce\x00\x00\x00\x00\x00\x00\x00\x0c\x228\x03\x00\x00\
\x00\x00\x00\x000\x88\xe0\x0c\x00\x00\x00\x00\x00\x00\xc0 \
\x823\x00\x00\x00\x00\x00\x00\x00\x83\x08\xce\x00\x00\x00\x00\
\x00\x00\x00\x0c\x228\x03\x00\x00\x00\x00\x00\x000\x88\xe0\
\x0c\x00\x00\x00\x00\x00\x00\xc0 \x823\x00\x00\x00\x00\x00\
\x00\x00\x83\x08\xce\x00\x00\x00\x00\x00\x00\x00\x0c\x228\x03\
\x00\x00\x00\x00\x00\x000\x88\xe0\x0c\x00\x00\x00\x00\x00\x00\
\xc0 \x823\x00\x00\x00\x00\x00\x00\x00\x83\x08\xce\x00\x00\
\x00\x00\x00\x00\x00\x0c\x228\x03\x00\x00\x00\x00\x00\x000\
\x88\xe0\x0c\x00\x00\x00\x00\x00\x00\xc0 \x823\x00\x00\x00\
\x00\x00\x00\x00\x83\x08\xce\x00\x00\x00\x00\x00\x00\x00\x0c\x22\
8\x03\x00\x00\x00\x00\x00\x000\x88\xe0\x0c\x00\x00\x00\x00\
\x00\x00\xc0 \x823\x00\x00\x00\x00\x00\x00\x00\x83\x08\xce\
\x00\x00\x00\x00\x00\x00\x00\x0c\x228\x03\x00\x00\x00\x00\x00\
\x000\x88\xe0\x0c\x00\x00\x00\x00\x00\x00\xc0 \x823\x00\
\x00\x00\x00\x00\xfc\xff\xec\xdb\xb1\x0d\x800\x0c\x00A!\
\xd8\x7fb\xa20C\xbe\x80H\xdcM\x90\xc6.\xfc\x0a\
\x00\x90\x08\xce\x00\x00\x00\x00\x00\x00\x00$\x823\x00\x00\
\x00\x00\x00\x00\x00\x89\xe0\x0c\x00\x00\x00\x00\x00\x00@\x22\
8\x03\x00\x00\x00\x00\x00\x00\x90\x08\xce\x00\x00\x00\x00\x00\
\x00\x00$\x823\x00\x00\x00\x00\x00\x00\x00\x89\xe0\x0c\x00\
\x00\x00\x00\x00\x00@\x228\x03\x00\x00\x00\x00\x00\x00\x90\
\x08\xce\x00\x00\x00\x00\x00\x00\x00$\x823\x00\x00\x00\x00\
\x00\x00\x00\x89\xe0\x0c\x00\x00\x00\x00\x00\x00@\x228\x03\
\x00\x00\x00\x00\x00\x00\x90\x08\xce\x00\x00\x00\x00\x00\x00\x00\
$\x823\x00\x00\x00\x00\x00\x00\x00\x89\xe0\x0c\x00\x00\x00\
\x00\x00\x00@\x228\x03\x00\x00\x00\x00\x00\x00\x90\x08\xce\
\x00\x00\x00\x00\x00\x00\x00$\x823\x00\x00\x00\x00\x00\x00\
\x00\x89\xe0\x0c\x00\x00\x00\x00\x00\x00@\x228\x03\x00\x00\
\x00\x00\x00\x00\x90\x08\xce\x00\x00\x00\x00\x00\x00\x00$\x82\
3\x00\x00\x00\x00\x00\x00\x00\x89\xe0\x0c\x00\x00\x00\x00\x00\
\x00@\x228\x03\x00\x00\x00\x00\x00\x00\x90\x08\xce\x00\x00\
\x00\x00\x00\x00\x00$\x823\x00\x00\x00\x00\x00\x00\x00\x89\
\xe0\x0c\x00\x00\x00\x00\x00\x00@\x228\x03\x00\x00\x00\x00\
\x00\x00\x90\x08\xce\x00\x00\x00\x00\x00\x00\x00$\x823\x00\
\x00\x00\x00\x00\x00\x00\x89\xe0\x0c\x00\x00\x00\x00\x00\x00@\
\x228\x03\x00\x00\x00\x00\x00\x00\x90\x08\xce\x00\x00\x00\x00\
\x00\x00\x00$\x823\x00\x00\x00\x00\x00\x00\x00\x89\xe0\x0c\
\x00\x00\x00\x00\x00\x00@\x228\x03\x00\x00\x00\x00\x00\x00\
\x90\x08\xce\x00\x00\x00\x00\x00\x00\x00$\x823\x00\x00\x00\
\x00\x00\x00\x00\x89\xe0\x0c\x00\x00\x00\x00\x00\x00@\x228\
\x03\x00\x00\x00\x00\x00\x00\x90\x08\xce\x00\x00\x00\x00\x00\x00\
\x00$\x823\x00\x00\x00\x00\x00\x00\x00\x89\xe0\x0c\x00\x00\
\x00\x00\x00\x00@\x228\x03\x00\x00\x00\x00\x00\x00\x90\x08\
\xce\x00\x00\x00\x00\x00\x00\x00$\x823\x00\x00\x00\x00\x00\
\x00\x00\x89\xe0\x0c\x00\x00\x00\x00\x00\x00@\x228\x03\x00\
\x00\x00\x00\x00\x00\x90\x08\xce\x00\x00\x00\x00\x00\x00\x00$\
\x823\x00\x00\x00\x00\x00\x00\x00\x89\xe0\x0c\x00\x00\x00\x00\
\x00\x00@\x228\x03\x00\x00\x00\x00\x00\x00\x90\x08\xce\x00\
\x00\x00\x00\x00\x00\x00$\x823\x00\x00\x00\x00\x00\x00\x00\
\x89\xe0\x0c\x00\x00\x00\x00\x00\x00@\x228\x03\x00\x00\x00\
\x00\x00\x00\x90\x08\xce\x00\x00\x00\x00\x00\x00\x00$\x823\
\x00\x00\x00\x00\x00\x00\x00\x89\xe0\x0c\x00\x00\x00\x00\x00\x00\
@\x228\x03\x00\x00\x00\x00\x00\x00\x90\x08\xce\x00\x00\x00\
\x00\x00\x00\x00$\x823\x00\x00\x00\x00\x00\x00\x00\x89\xe0\
\x0c\x00\x00\x00\x00\x00\x00@\x228\x03\x00\x00\x00\x00\x00\
\x00\x90\x08\xce\x00\x00\x00\x00\x00\x00\x00$\x823\x00\x00\
\x00\x00\x00\x00\x00\x89\xe0\x0c\x00\x00\x00\x00\x00\x00@\x22\
8\x03\x00\x00\x00\x00\x00\x00\x90\x08\xce\x00\x00\x00\x00\x00\
\x00\x00$\x823\x00\x00\x00\x00\x00\x00\x00\x89\xe0\x0c\x00\
\x00\x00\x00\x00\x00@\x228\x03\x00\x00\x00\x00\x00\x00\x90\
\x08\xce\x00\x00\x00\x00\x00\x00\x00$\x823\x00\x00\x00\x00\
\x00\x00\x00\x89\xe0\x0c\x00\x00\x00\x00\x00\x00@\x228\x03\
\x00\x00\x00\x00\x00\x00\x90\x08\xce\x00\x00\x00\x00\x00\x00\x00\
$\x823\x00\x00\x00\x00\x00\x00\x00\x89\xe0\x0c\x00\x00\x00\
\x00\x00\x00@\x228\x03\x00\x00\x00\x00\x00\x00\x90\x08\xce\
\x00\x00\x00\x00\x00\x00\x00$\x823\x00\x00\x00\x00\x00\x00\
\x00\x89\xe0\x0c\x00\x00\x00\x00\x00\x00@\x228\x03\x00\x00\
\x00\x00\x00\x00\x90\x08\xce\x00\x00\x00\x00\x00\x00\x00$\x82\
3\x00\x00\x00\x00\x00\x00\x00\x89\xe0\x0c\x00\x00\x00\x00\x00\
\x00@\x228\x03\x00\x00\x00\x00\x00\x00\x90\x08\xce\x00\x00\
\x00\x00\x00\x00\x00$\x823\x00\x00\x00\x00\x00\x00\x00\x89\
\xe0\x0c\x00\x00\x00\x00\x00\x00@\x228\x03\x00\x00\x00\x00\
\x00\x00\x90\x08\xce\x00\x00\x00\x00\x00\x00\x00$\x823\x00\
\x00\x00\x00\x00\x00\x00\x89\xe0\x0c\x00\x00\x00\x00\x00\x00@\
\x228\x03\x00\x00\x00\x00\x00\x00\x90\x08\xce\x00\x00\x00\x00\
\x00\x00\x00$\x823\x00\x00\x00\x00\x00\x00\x00\x89\xe0\x0c\
\x00\x00\x00\x00\x00\x00@\x228\x03\x00\x00\x00\x00\x00\x00\
\x90\x08\xce\x00\x00\x00\x00\x00\x00\x00$\x823\x00\x00\x00\
\x00\x00\x00\x00\x89\xe0\x0c\x00\x00\x00\x00\x00\x00@\x228\
\x03\x00\x00\x00\x00\x00\x00\x90\x08\xce\x00\x00\x00\x00\x00\x00\
\x00$\x823\x00\x00\x00\x00\x00\x00\x00\x89\xe0\x0c\x00\x00\
\x00\x00\x00\x00@\x228\x03\x00\x00\x00\x00\x00\x00\x90\x08\
\xce\x00\x00\x00\x00\x00\x00\x00$\x823\x00\x00\x00\x00\x00\
\x00\x00\x89\xe0\x0c\x00\x00\x00\x00\x00\x00@\x228\x03\x00\
\x00\x00\x00\x00\x00\x90\x08\xce\x00\x00\x00\x00\x00\x00\x00$\
\x823\x00\x00\x00\x00\x00\x00\x00\x89\xe0\x0c\x00\x00\x00\x00\
\x00\x00@\x228\x03\x00\x00\x00\x00\x00\x00\x90\x08\xce\x00\
\x00\x00\x00\x00\x00\x00$\x823\x00\x00\x00\x00\x00\x00\x00\
\x89\xe0\x0c\x00\x00\x00\x00\x00\x00@\x228\x03\x00\x00\x00\
\x00\x00\x00\x90\x08\xce\x00\x00\x00\x00\x00\x00\x00$\x823\
\x00\x00\x00\x00\x00\x00\x00\x89\xe0\x0c\x00\x00\x00\x00\x00\x00\
@\x228\x03\x00\x00\x00\x00\x00\x00\x90\x08\xce\x00\x00\x00\
\x00\x00\x00\x00$\x823\x00\x00\x00\x00\x00\x00\x00\x89\xe0\
\x0c\x00\x00\x00\x00\x00\x00@\x228\x03\x00\x00\x00\x00\x00\
\x00\x90\x08\xce\x00\x00\x00\x00\x00\x00\x00$\x823\x00\x00\
\x00\x00\x00\x00\x00\x89\xe0\x0c\x00\x00\x00\x00\x00\x00@\x22\
8\x03\x00\x00\x00\x00\x00\x00\x90\x08\xce\x00\x00\x00\x00\x00\
\x00\x00$\x823\x00\x00\x00\x00\x00\x00\x00\x89\xe0\x0c\x00\
\x00\x00\x00\x00\x00@\x228\x03\x00\x00\x00\x00\x00\x00\x90\
\x08\xce\x00\x00\x00\x00\x00\x00\x00$\x823\x00\x00\x00\x00\
\x00\x00\x00\x89\xe0\x0c\x00\x00\x00\x00\x00\x00@\x228\x03\
\x00\x00\x00\x00\x00\x00\x90\x08\xce\x00\x00\x00\x00\x00\x00\x00\
$\x823\x00\x00\x00\x00\x00\x00\x00\x89\xe0\x0c\x00\x00\x00\
\x00\x00\x00@\x228\x03\x00\x00\x00\x00\x00\x00\x90\x08\xce\
\x00\x00\x00\x00\x00\x00\x00$\x823\x00\x00\x00\x00\x00\x00\
\x00\x89\xe0\x0c\x00\x00\x00\x00\x00\x00@\x228\x03\x00\x00\
\x00\x00\x00\x00\x90\x08\xce\x00\x00\x00\x00\x00\x00\x00$\x82\
3\x00\x00\x00\x00\x00\x00\x00\x89\xe0\x0c\x00\x00\x00\x00\x00\
\x00@\x228\x03\x00\x00\x00\x00\x00\x00\x90\x08\xce\x00\x00\
\x00\x00\x00\x00\x00$\x823\x00\x00\x00\x00\x00\x00\x00\x89\
\xe0\x0c\x00\x00\x00\x00\x00\x00@\x228\x03\x00\x00\x00\x00\
\x00\x00\x90\x08\xce\x00\x00\x00\x00\x00\x00\x00$\x823\x00\
\x00\x00\x00\x00\x00\x00\x89\xe0\x0c\x00\x00\x00\x00\x00\x00@\
\x228\x03\x00\x00\x00\x00\x00\x00\x90\x08\xce\x00\x00\x00\x00\
\x00\x00\x00$\x823\x00\x00\x00\x00\x00\x00\x00\x89\xe0\x0c\
\x00\x00\x00\x00\x00\x00@\x228\x03\x00\x00\x00\x00\x00\x00\
\x90\x08\xce\x00\x00\x00\x00\x00\x00\x00$\x823\x00\x00\x00\
\x00\x00\x00\x00\x89\xe0\x0c\x00\x00\x00\x00\x00\x00@\x228\
\x03\x00\x00\x00\x00\x00\x00\x90\x08\xce\x00\x00\x00\x00\x00\x00\
\x00$\x823\x00\x00\x00\x00\x00\x00\x00\x89\xe0\x0c\x00\x00\
\x00\x00\x00\x00@\x228\x03\x00\x00\x00\x00\x00\x00\x90\x08\
\xce\x00\x00\x00\x00\x00\x00\x00$\x823\x00\x00\x00\x00\x00\
\x00\x00\x89\xe0\x0c\x00\x00\x00\x00\x00\x00@\x228\x03\x00\
\x00\x00\x00\x00\x00\x90\x08\xce\x00\x00\x00\x00\x00\x00\x00$\
\x823\x00\x00\x00\x00\x00\x00\x00\x89\xe0\x0c\x00\x00\x00\x00\
\x00\x00@\x228\x03\x00\x00\x00\x00\x00\x00\x90\x08\xce\x00\
\x00\x00\x00\x00\x00\x00$\x823\x00\x00\x00\x00\x00\x00\x00\
\x89\xe0\x0c\x00\x00\x00\x00\x00\x00@\x228\x03\x00\x00\x00\
\x00\x00\x00\x90\x08\xce\x00\x00\x00\x00\x00\x00\x00$\x823\
\x00\x00\x00\x00\x00\x00\x00\x89\xe0\x0c\x00\x00\x00\x00\x00\x00\
@\x228\x03\x00\x00\x00\x00\x00\x00\x90\x08\xce\x00\x00\x00\
\x00\x00\x00\x00$\x823\x00\x00\x00\x00\x00\x00\x00\x89\xe0\
\x0c\x00\x00\x00\x00\x00\x00@\x228\x03\x00\x00\x00\x00\x00\
\x00\x90\x08\xce\x00\x00\x00\x00\x00\x00\x00$\x823\x00\x00\
\x00\x00\x00\x00\x00\x89\xe0\x0c\x00\x00\x00\x00\x00\x00@\x22\
8\x03\x00\x00\x00\x00\x00\x00\x90\x08\xce\x00\x00\x00\x00\x00\
\x00\x00$\x823\x00\x00\x00\x00\x00\x00\x00\x89\xe0\x0c\x00\
\x00\x00\x00\x00\x00@\x228\x03\x00\x00\x00\x00\x00\x00\x90\
\x08\xce\x00\x00\x00\x00\x00\x00\x00$\x823\x00\x00\x00\x00\
\x00\x00\x00\x89\xe0\x0c\x00\x00\x00\x00\x00\x00@\x228\x03\
\x00\x00\x00\x00\x00\x00\x90\x08\xce\x00\x00\x00\x00\x00\x00\x00\
$\x823\x00\x00\x00\x00\x00\x00\x00\x89\xe0\x0c\x00\x00\x00\
\x00\x00\x00@\x228\x03\x00\x00\x00\x00\x00\x00\x90\x08\xce\
\x00\x00\x00\x00\x00\x00\x00$\x823\x00\x00\x00\x00\x00\x00\
\x00\x89\xe0\x0c\x00\x00\x00\x00\x00\x00@\x228\x03\x00\x00\
\x00\x00\x00\x00\x90\x08\xce\x00\x00\x00\x00\x00\x00\x00$\x82\
3\x00\x00\x00\x00\x00\x00\x00\x89\xe0\x0c\x00\x00\x00\x00\x00\
\x00@\x228\x03\x00\x00\x00\x00\x00\x00\x90\x08\xce\x00\x00\
\x00\x00\x00\x00\x00$\x823\x00\x00\x00\x00\x00\x00\x00\x89\
\xe0\x0c\x00\x00\x00\x00\x00\x00@\x228\x03\x00\x00\x00\x00\
\x00\x00\x90\x08\xce\x00\x00\x00\x00\x00\x00\x00$\x823\x00\
\x00\x00\x00\x00\x00\x00\x89\xe0\x0c\x00\x00\x00\x00\x00\x00@\
\x228\x03\x00\x00\x00\x00\x00\x00\x90\x08\xce\x00\x00\x00\x00\
\x00\x00\x00$\x823\x00\x00\x00\x00\x00\x00\x00\x89\xe0\x0c\
\x00\x00\x00\x00\x00\x00@\x228\x03\x00\x00\x00\x00\x00\x00\
\x90\x08\xce\x00\x00\x00\x00\x00\x00\x00$\x823\x00\x00\x00\
\x00\x00\x00\x00\x89\xe0\x0c\x00\x00\x00\x00\x00\x00@\x228\
\x03\x00\x00\x00\x00\x00\x00\x90\x08\xce\x00\x00\x00\x00\x00\x00\
\x00$\x823\x00\x00\x00\x00\x00\x00\x00\x89\xe0\x0c\x00\x00\
\x00\x00\x00\x00@\x228\x03\x00\x00\x00\x00\x00\x00\x90\x08\
\xce\x00\x00\x00\x00\x00\x00\x00$\x823\x00\x00\x00\x00\x00\
\x00\x00\x89\xe0\x0c\x00\x00\x00\x00\x00\x00@\x228\x03\x00\
\x00\x00\x00\x00\x00\x90\x08\xce\x00\x00\x00\x00\x00\x00\x00$\
\x823\x00\x00\x00\x00\x00\x00\x00\x89\xe0\x0c\x00\x00\x00\x00\
\x00\x00@\x228\x03\x00\x00\x00\x00\x00\x00\x90\x08\xce\x00\
\x00\x00\x00\x00\x00\x00$\x823\x00\x00\x00\x00\x00\x00\x00\
\x89\xe0\x0c\x00\x00\x00\x00\x00\x00@\x228\x03\x00\x00\x00\
\x00\x00\x00\x90\x08\xce\x00\x00\x00\x00\x00\x00\x00$\x823\
\x00\x00\x00\x00\x00\x00\x00\x89\xe0\x0c\x00\x00\x00\x00\x00\x00\
@\x228\x03\x00\x00\x00\x00\x00\x00\x90\x08\xce\x00\x00\x00\
\x00\x00\x00\x00$\x823\x00\x00\x00\x00\x00\x00\x00\x89\xe0\
\x0c\x00\x00\x00\x00\x00\x00@\x228\x03\x00\x00\x00\x00\x00\
\x00\x90\x08\xce\x00\x00\x00\x00\x00\x00\x00$\x823\x00\x00\
\x00\x00\x00\x00\x00\x89\xe0\x0c\x00\x00\x00\x00\x00\x00@\x22\
8\x03\x00\x00\x00\x00\x00\x00\x90\x08\xce\x00\x00\x00\x00\x00\
\x00\x00$\x823\x00\x00\x00\x00\x00\x00\x00\x89\xe0\x0c\x00\
\x00\x00\x00\x00\x00@\x228\x03\x00\x00\x00\x00\x00\x00\x90\
\x08\xce\x00\x00\x00\x00\x00\x00\x00$\x823\x00\x00\x00\x00\
\x00\x00\x00\x89\xe0\x0c\x00\x00\x00\x00\x00\x00@\x228\x03\
\x00\x00\x00\x00\x00\x00\x90\x08\xce\x00\x00\x00\x00\x00\x00\x00\
$\x823\x00\x00\x00\x00\x00\x00\x00\x89\xe0\x0c\x00\x00\x00\
\x00\x00\x00@\x228\x03\x00\x00\x00\x00\x00\x00\x90\x08\xce\
\x00\x00\x00\x00\x00\x00\x00$\x823\x00\x00\x00\x00\x00\x00\
\x00\x89\xe0\x0c\x00\x00\x00\x00\x00\x00@\x228\x03\x00\x00\
\x00\x00\x00\x00\x90\x08\xce\x00\x00\x00\x00\x00\x00\x00$\x82\
3\x00\x00\x00\x00\x00\x00\x00\x89\xe0\x0c\x00\x00\x00\x00\x00\
\x00@\x228\x03\x00\x00\x00\x00\x00\x00\x90\x08\xce\x00\x00\
\x00\x00\x00\x00\x00$\x823\x00\x00\x00\x00\x00\x00\x00\x89\
\xe0\x0c\x00\x00\x00\x00\x00\x00@\x228\x03\x00\x00\x00\x00\
\x00\x00\x90\x08\xce\x00\x00\x00\x00\x00\x00\x00$\x823\x00\
\x00\x00\x00\x00\x00\x00\x89\xe0\x0c\x00\x00\x00\x00\x00\x00@\
\x228\x03\x00\x00\x00\x00\x00\x00\x90\x08\xce\x00\x00\x00\x00\
\x00\x00\x00$\x823\x00\x00\x00\x00\x00\x00\x00\x89\xe0\x0c\
\x00\x00\x00\x00\x00\x00@\x228\x03\x00\x00\x00\x00\x00\x00\
\x90\x08\xce\x00\x00\x00\x00\x00\x00\x00$\x823\x00\x00\x00\
\x00\x00\x00\x00\x89\xe0\x0c\x00\x00\x00\x00\x00\x00@\x228\
\x03\x00\x00\x00\x00\x00\x00\x90\x08\xce\x00\x00\x00\x00\x00\x00\
\x00$\x823\x00\x00\x00\x00\x00\x00\x00\x89\xe0\x0c\x00\x00\
\x00\x00\x00\x00@\x228\x03\x00\x00\x00\x00\x00\x00\x90\x08\
\xce\x00\x00\x00\x00\x00\x00\x00$\x823\x00\x00\x00\x00\x00\
\x00\x00\x89\xe0\x0c\x00\x00\x00\x00\x00\x00@\x228\x03\x00\
\x00\x00\x00\x00\x00\x90\x08\xce\x00\x00\x00\x00\x00\x00\x00$\
\x823\x00\x00\x00\x00\x00\x00\x00\x89\xe0\x0c\x00\x00\x00\x00\
\x00\x00@\x228\x03\x00\x00\x00\x00\x00\x00\x90\x08\xce\x00\
\x00\x00\x00\x00\x00\x00$\x823\x00\x00\x00\x00\x00\x00\x00\
\x89\xe0\x0c\x00\x00\x00\x00\x00\x00@\x228\x03\x00\x00\x00\
\x00\x00\x00\x90\x08\xce\x00\x00\x00\x00\x00\x00\x00$\x823\
\x00\x00\x00\x00\x00\x00\x00\x89\xe0\x0c\x00\x00\x00\x00\x00\x00\
@\x228\x03\x00\x00\x00\x00\x00\x00\x90\x08\xce\x00\x00\x00\
\x00\x00\x00\x00$\x823\x00\x00\x00\x00\x00\x00\x00\x89\xe0\
\x0c\x00\x00\x00\x00\x00\x00@\x228\x03\x00\x00\x00\x00\x00\
\x00\x90\x08\xce\x00\x00\x00\x00\x00\x00\x00$\x823\x00\x00\
\x00\x00\x00\x00\x00\x89\xe0\x0c\x00\x00\x00\x00\x00\x00@\x22\
8\x03\x00\x00\x00\x00\x00\x00\x90\x08\xce\x00\x00\x00\x00\x00\
\x00\x00$\x823\x00\x00\x00\x00\x00\x00\x00\x89\xe0\x0c\x00\
\x00\x00\x00\x00\x00@\x228\x03\x00\x00\x00\x00\x00\x00\x90\
\x08\xce\x00\x00\x00\x00\x00\x00\x00$\x823\x00\x00\x00\x00\
\x00\x00\x00\x89\xe0\x0c\x00\x00\x00\x00\x00\x00@\x228\x03\
\x00\x00\x00\x00\x00\x00\x90\x08\xce\x00\x00\x00\x00\x00\x00\x00\
$\x823\x00\x00\x00\x00\x00\x00\x00\x89\xe0\x0c\x00\x00\x00\
\x00\x00\x00@\x228\x03\x00\x00\x00\x00\x00\x00\x90\x08\xce\
\x00\x00\x00\x00\x00\x00\x00$\x823\x00\x00\x00\x00\x00\x00\
\x00\x89\xe0\x0c\x00\x00\x00\x00\x00\x00@\x228\x03\x00\x00\
\x00\x00\x00\x00\x90\x08\xce\x00\x00\x00\x00\x00\x00\x00$\x82\
3\x00\x00\x00\x00\x00\x00\x00\x89\xe0\x0c\x00\x00\x00\x00\x00\
\x00@\x228\x03\x00\x00\x00\x00\x00\x00\x90\x08\xce\x00\x00\
\x00\x00\x00\x00\x00$\x823\x00\x00\x00\x00\x00\x00\x00\x89\
\xe0\x0c\x00\x00\x00\x00\x00\x00@\x228\x03\x00\x00\x00\x00\
\x00\x00\x90\x08\xce\x00\x00\x00\x00\x00\x00\x00$\x823\x00\
\x00\x00\x00\x00\x00\x00\x89\xe0\x0c\x00\x00\x00\x00\x00\x00@\
\x228\x03\x00\x00\x00\x00\x00\x00\x90\x08\xce\x00\x00\x00\x00\
\x00\x00\x00$\x823\x00\x00\x00\x00\x00\x00\x00\x89\xe0\x0c\
\x00\x00\x00\x00\x00\x00@\x228\x03\x00\x00\x00\x00\x00\x00\
\x90\x08\xce\x00\x00\x00\x00\x00\x00\x00$\x823\x00\x00\x00\
\x00\x00\x00\x00\x89\xe0\x0c\x00\x00\x00\x00\x00\x00@\x228\
\x03\x00\x00\x00\x00\x00\x00\x90\x08\xce\x00\x00\x00\x00\x00\x00\
\x00$\x823\x00\x00\x00\x00\x00\x00\x00\x89\xe0\x0c\x00\x00\
\x00\x00\x00\x00@\x228\x03\x00\x00\x00\x00\x00\x00\x90\x08\
\xce\x00\x00\x00\x00\x00\x00\x00$\x823\x00\x00\x00\x00\x00\
\x00\x00\x89\xe0\x0c\x00\x00\x00\x00\x00\x00@\x228\x03\x00\
\x00\x00\x00\x00\x00\x90\x08\xce\x00\x00\x00\x00\x00\x00\x00$\
\x823\x00\x00\x00\x00\x00\x00\x00\x89\xe0\x0c\x00\x00\x00\x00\
\x00\x00@\x228\x03\x00\x00\x00\x00\x00\x00\x90\x08\xce\x00\
\x00\x00\x00\x00\x00\x00$\x823\x00\x00\x00\x00\x00\x00\x00\
\x89\xe0\x0c\x00\x00\x00\x00\x00\x00@\x228\x03\x00\x00\x00\
\x00\x00\x00\x90\x08\xce\x00\x00\x00\x00\x00\x00\x00$\x823\
\x00\x00\x00\x00\x00\x00\x00\x89\xe0\x0c\x00\x00\x00\x00\x00\x00\
@\x228\x03\x00\x00\x00\x00\x00\x00\x90\x08\xce\x00\x00\x00\
\x00\x00\x00\x00$\x823\x00\x00\x00\x00\x00\x00\x00\x89\xe0\
\x0c\x00\x00\x00\x00\x00\x00@\x228\x03\x00\x00\x00\x00\x00\
\x00\x90\x08\xce\x00\x00\x00\x00\x00\x00\x00$\x823\x00\x00\
\x00\x00\x00\x00\x00\x89\xe0\x0c\x00\x00\x00\x00\x00\x00@\x22\
8\x03\x00\x00\x00\x00\x00\x00\x90\x08\xce\x00\x00\x00\x00\x00\
\x00\x00$\x823\x00\x00\x00\x00\x00\x00\x00\x89\xe0\x0c\x00\
\x00\x00\x00\x00\x00@\x228\x03\x00\x00\x00\x00\x00\x00\x90\
\x08\xce\x00\x00\x00\x00\x00\x00\x00$\x823\x00\x00\x00\x00\
\x00\x00\x00\x89\xe0\x0c\x00\x00\x00\x00\x00\x00@\x228\x03\
\x00\x00\x00\x00\x00\x00\x90\x08\xce\x00\x00\x00\x00\x00\x00\x00\
$\x823\x00\x00\x00\x00\x00\x00\x00\x89\xe0\x0c\x00\x00\x00\
\x00\x00\x00@\x228\x03\x00\x00\x00\x00\x00\x00\x90\x08\xce\
\x00\x00\x00\x00\x00\x00\x00$\x823\x00\x00\x00\x00\x00\x00\
\x00\x89\xe0\x0c\x00\x00\x00\x00\x00\x00@\x228\x03\x00\x00\
\x00\x00\x00\x00\x90\x08\xce\x00\x00\x00\x00\x00\x00\x00$\x82\
3\x00\x00\x00\x00\x00\x00\x00\x89\xe0\x0c\x00\x00\x00\x00\x00\
\x00@\x228\x03\x00\x00\x00\x00\x00\x00\x90\x08\xce\x00\x00\
\x00\x00\x00\x00\x00$\x823\x00\x00\x00\x00\x00\x00\x00\x89\
\xe0\x0c\x00\x00\x00\x00\x00\x00@\x228\x03\x00\x00\x00\x00\
\x00\x00\x90\x08\xce\x00\x00\x00\x00\x00\x00\x00$\x823\x00\
\x00\x00\x00\x00\x00\x00\x89\xe0\x0c\x00\x00\x00\x00\x00\x00@\
\x228\x03\x00\x00\x00\x00\x00\x00\x90\x08\xce\x00\x00\x00\x00\
\x00\x00\x00$\x823\x00\x00\x00\x00\x00\x00\x00\x89\xe0\x0c\
\x00\x00\x00\x00\x00\x00@\x228\x03\x00\x00\x00\x00\x00\x00\
\x90\x08\xce\x00\x00\x00\x00\x00\x00\x00$\x823\x00\x00\x00\
\x00\x00\x00\x00\x89\xe0\x0c\x00\x00\x00\x00\x00\x00@\x228\
\x03\x00\x00\x00\x00\x00\x00\x90\x08\xce\x00\x00\x00\x00\x00\x00\
\x00$\x823\x00\x00\x00\x00\x00\x00\x00\x89\xe0\x0c\x00\x00\
\x00\x00\x00\x00@\x228\x03\x00\x00\x00\x00\x00\x00\x90\x08\
\xce\x00\x00\x00\x00\x00\x00\x00$\x823\x00\x00\x00\x00\x00\
\x00\x00\x89\xe0\x0c\x00\x00\x00\x00\x00\x00@\x228\x03\x00\
\x00\x00\x00\x00\x00\x90\x08\xce\x00\x00\x00\x00\x00\x00\x00$\
\x823\x00\x00\x00\x00\x00\x00\x00\x89\xe0\x0c\x00\x00\x00\x00\
\x00\x00@\x228\x03\x00\x00\x00\x00\x00\x00\x90\x08\xce\x00\
\x00\x00\x00\x00\x00\x00$\x823\x00\x00\x00\x00\x00\x00\x00\
\x89\xe0\x0c\x00\x00\x00\x00\x00\x00@\x228\x03\x00\x00\x00\
\x00\x00\x00\x90\x08\xce\x00\x00\x00\x00\x00\x00\x00$\x823\
\x00\x00\x00\x00\x00\x00\x00\x89\xe0\x0c\x00\x00\x00\x00\x00\x00\
@\x228\x03\x00\x00\x00\x00\x00\x00\x90\x08\xce\x00\x00\x00\
\x00\x00\x00\x00$\x823\x00\x00\x00\x00\x00\x00\x00\x89\xe0\
\x0c\x00\x00\x00\x00\x00\x00@\x228\x03\x00\x00\x00\x00\x00\
\x00\x90\x08\xce\x00\x00\x00\x00\x00\x00\x00$\x823\x00\x00\
\x00\x00\x00\x00\x00\x89\xe0\x0c\x00\x00\x00\x00\x00\x00@\x22\
8\x03\x00\x00\x00\x00\x00\x00\x90\x08\xce\x00\x00\x00\x00\x00\
\x00\x00$\x823\x00\x00\x00\x00\x00\x00\x00\x89\xe0\x0c\x00\
\x00\x00\x00\x00\x00@\x228\x03\x00\x00\x00\x00\x00\x00\x90\
\x08\xce\x00\x00\x00\x00\x00\x00\x00$\x823\x00\x00\x00\x00\
\x00\x00\x00\x89\xe0\x0c\x00\x00\x00\x00\x00\x00@\x228\x03\
\x00\x00\x00\x00\x00\x00\x90\x08\xce\x00\x00\x00\x00\x00\x00\x00\
$\x823\x00\x00\x00\x00\x00\x00\x00\x89\xe0\x0c\x00\x00\x00\
\x00\x00\x00@\x228\x03\x00\x00\x00\x00\x00\x00\x90\x08\xce\
\x00\x00\x00\x00\x00\x00\x00$\x823\x00\x00\x00\x00\x00\x00\
\x00\x89\xe0\x0c\x00\x00\x00\x00\x00\x00@\x228\x03\x00\x00\
\x00\x00\x00\x00\x90\x08\xce\x00\x00\x00\x00\x00\x00\x00$\x82\
3\x00\x00\x00\x00\x00\x00\x00\x89\xe0\x0c\x00\x00\x00\x00\x00\
\x00@\x228\x03\x00\x00\x00\x00\x00\x00\x90\x08\xce\x00\x00\
\x00\x00\x00\x00\x00$\x823\x00\x00\x00\x00\x00\x00\x00\x89\
\xe0\x0c\x00\x00\x00\x00\x00\x00@\x228\x03\x00\x00\x00\x00\
\x00\x00\x90\x08\xce\x00\x00\x00\x00\x00\x00\x00$\x823\x00\
\x00\x00\x00\x00\x00\x00\x89\xe0\x0c\x00\x00\x00\x00\x00\x00@\
\x228\x03\x00\x00\x00\x00\x00\x00\x90\x08\xce\x00\x00\x00\x00\
\x00\x00\x00$\x823\x00\x00\x00\x00\x00\x00\x00\x89\xe0\x0c\
\x00\x00\x00\x00\x00\x00@\x228\x03\x00\x00\x00\x00\x00\x00\
\x90\x08\xce\x00\x00\x00\x00\x00\x00\x00$\x823\x00\x00\x00\
\x00\x00\x00\x00\x89\xe0\x0c\x00\x00\x00\x00\x00\x00@\x228\
\x03\x00\x00\x00\x00\x00\x00\x90\x08\xce\x00\x00\x00\x00\x00\x00\
\x00$\x823\x00\x00\x00\x00\x00\x00\x00\x89\xe0\x0c\x00\x00\
\x00\x00\x00\x00@\x228\x03\x00\x00\x00\x00\x00\x00\x90\x08\
\xce\x00\x00\x00\x00\x00\x00\x00$\x823\x00\x00\x00\x00\x00\
\x00\x00\x89\xe0\x0c\x00\x00\x00\x00\x00\x00@\x228\x03\x00\
\x00\x00\x00\x00\x00\x90\x08\xce\x00\x00\x00\x00\x00\x00\x00$\
\x823\x00\x00\x00\x00\x00\x00\x00\x89\xe0\x0c\x00\x00\x00\x00\
\x00\x00@\x228\x03\x00\x00\x00\x00\x00\x00\x90\x08\xce\x00\
\x00\x00\x00\x00\x00\x00$\x823\x00\x00\x00\x00\x00\x00\x00\
\x89\xe0\x0c\x00\x00\x00\x00\x00\x00@\x228\x03\x00\x00\x00\
\x00\x00\x00\x90\x08\xce\x00\x00\x00\x00\x00\x00\x00$\x823\
\x00\x00\x00\x00\x00\x00\x00\x89\xe0\x0c\x00\x00\x00\x00\x00\x00\
@\x228\x03\x00\x00\x00\x00\x00\x00\x90\x08\xce\x00\x00\x00\
\x00\x00\x00\x00$\x823\x00\x00\x00\x00\x00\x00\x00\x89\xe0\
\x0c\x00\x00\x00\x00\x00\x00@\x228\x03\x00\x00\x00\x00\x00\
\x00\x90\x08\xce\x00\x00\x00\x00\x00\x00\x00$\x823\x00\x00\
\x00\x00\x00\x00\x00\x89\xe0\x0c\x00\x00\x00\x00\x00\x00@\x22\
8\x03\x00\x00\x00\x00\x00\x00\x90\x08\xce\x00\x00\x00\x00\x00\
\x00\x00$\x823\x00\x00\x00\x00\x00\x00\x00\x89\xe0\x0c\x00\
\x00\x00\x00\x00\x00@\x228\x03\x00\x00\x00\x00\x00\x00\x90\
\x08\xce\x00\x00\x00\x00\x00\x00\x00$\x823\x00\x00\x00\x00\
\x00\x00\x00\x89\xe0\x0c\x00\x00\x00\x00\x00\x00@\x228\x03\
\x00\x00\x00\x00\x00\x00\x90\x08\xce\x00\x00\x00\x00\x00\xfb:\
\xbf~\x00\xc0\xaf\xdc\xb7v\x06\x8b\x0c\x0d\x00\x00\x00\x00\
\xc0\xae\x8e\xc3\x0d\x17\xe0Mc\xd8\xbb\xb0\xc8\xd0\x00\x00\
\x00\x00\x00\xecjN7\x5c\x807]\x97\xbd\x0b\x8b\x0c\
\x0d\x00\x00\x00\x00\xc0\xae\xfcp\xe6i\xef^c,?\
\x0b:\x8e\xff\x9esf\xb7\xdbew\xdb\xa5\xa5r)\
-\x16)J/\x02\x856HE\xb4\xb0\xdd\x1b\x0d\x92\
\x80\x82\xd1\x001^bLL\xc4\xcb\x0b\x14\xd7\xc4\x18\
\xf1\x16\x13\xa3&*\xf1\xf2\xc2\xcb\xf0\xc6Jw\xce\xcc\
R\x1c4@\x13\xad\xa0(Fc\x13\x05\x15\x8b P\
\x03tvw\xce\xe3\x8b\xb6\xd0\x96mw\xce\xd9\x99\xf3\
<3\xe7\xf3I6\xedN\x93\xcdo_\xfc\x9fL\xfa\
\x9d\xe7\x7f\x80\xd9r\xc3\x19&\xe6\xa1\x01\x00\x00\x00\x00\
\xe8\x95\x1b\xce\x00\xb35\x1c:waB\x1e\x1a\x00\x00\
\x00\x00\x80~\x0d[\x0f\x00\x98+\xe3\xb1v\x06\x13\xf2\
\xd0\x00\x00\x00\x00\x00\xf4\xca+\xb5\x01f\xcb\x0dg\x98\
\x98\x87\x06\x00\x00\x00\x00\xa0W^\xa9\x0d0[n8\
\xc3\xc4<4\x00\x00\x00\x00\x00\xbd\x12\x9c\x01fk0\
p\xee\xc2\x84<4\x00\x00\x00\x00\x00\xbd\xf2Jm\x80\
\xd9r\xc3\x19&\xe6\xa1\x01\x00\x00\x00\x00\xe8\x95\x1b\xce\
\x00\xb3%8\xc3\xc4<4\x00\x00\x00\x00\x00\xbdr\xc3\
\x19`\xb6\x86C\xe7.L\xc8C\x03\x00\x00\x00\x00\xd0\
/\xff\x0f\x17`\x96\xdcp\x86\x89yh\x00\x00\x00\x00\
\x00z\xe5\x863\xc0l\x0d\x06\xce]\x98\x90\x87\x06\x00\
\x00\x00\x00\xa0W>\xc3\x19`\xb6\xdcp\x86\x89yh\
\x00\x00\x00\x00\x00z\xe5\x863\xc0l\xb9\xe1\x0c\x13\xf3\
\xd0\x00\x00\x00\x00\x00\xf4\xca\x0dg\x80\xd9r\xee\xc2\xc4\
<4\x00\x00\x00\x00\x00\xfd\x1a\xb6\x1e\x000W\xdcp\
\x86\x89yh\x00\x00\x00\x00\x00z\xe5\x95\xda\x00@\xb4\
j\x86\x00\x00\x13\x86IDAT\xb3\xe53\x9cab\
\x1e\x1a\x00\x00\x00\x00\x80^y\xb5+\xc0l9wa\
b\x1e\x1a\x00\x00\x00\x00\x80^\xb9\xe1\x0c0[^\xa9\
\x0d\x13\xf3\xd0\x00\x00\x00\x00\x00\xf4\xcaM;\x80\xd9\xf2\
Jm\x98\x98\x87\x06\x00\x00\x00\x00\xa0_\xbb[\x0f\x00\
\x983\x0b\xad\x07\xc0v#8\x03\x00\x00\x00\x00\xf4\xaa\
\xd6\x8bZO\x00\x983~\xd0\x07&$8\x03\x00\x00\
\x00\x00\xf4Kp\x06\x98\xa5\xc1\xc0\xb9\x0b\x13\x12\x9c\x01\
\x00\x00\x00\x00\xfa%|\x00\xcc\x96s\x17&$8\x03\
\x00\x00\x00\x00\xf4K\xf8\x00\x98-\xe7.LHp\x06\
\x00\x00\x00\x00\xe8\x95W\xbb\x02\xcc\x9as\x17&$8\
\x03\x00\x00\x00\x00\xf4\xaa\xd6=\xad'\x00\xcc\x95Zw\
\xb7\x9e\x00\xdb\x8d\xe0\x0c\x00\x00\x00\x00\xd0/7\xed\x00\
f\xcb\xb9\x0b\x13\x12\x9c\x01\x00\x00\x00\x00\xfa%|\x00\
\xcc\x96s\x17&$8\x03\x00\x00\x00\x00\xf4\xaaV\xe1\
\x03`\xb6\x9c\xbb0!\xc1\x19\x00\x00\x00\x00\xa0W\x83\
\x81\xf0\x010[\xce]\x98\x90\xe0\x0c\x00\x00\x00\x00\xd0\
+7\x9c\x01f\xab\x94\xdd\xad'\xc0v#8\x03\x00\
\x00\x00\x00\xf4Kp\x06\x98-\xe7.LHp\x06\x00\
\x00\x00\x00\xe8\x97\xf0\x010[\xce]\x98\x90\xe0\x0c\x00\
\x00\x00\x00\xd0\xa1\x92\x94$\xbbZ\xef\x00\x98+>\xca\
\x00&&8\x03\x00\x00\x00\x00\xf4hiiw\x1e\x8a\
\xce\x00\xcc\x8e\xe0\x0c\x13\x12\x9c\x01\x00\x00\x00\x00\xfa$\
z\x00\xcc\x9e\xb3\x17&$8\x03\x00\x00\x00\x00\xf4I\
\xf4\x00\x98=g/LHp\x06\x00\x00\x00\x00\xe8\x93\
\xe8\x010{\xbb[\x0f\x80\xedFp\x06\x00\x00\x00\x00\
\xe8\x93\xe0\x0c0{{Z\x0f\x80\xedFp\x06\x00\x00\
\x00\x00\xe8Q)Oi=\x01`\x0e\xf9a\x1f\x98\x90\
\xe0\x0c\x00\x00\x00\x00\xd0\xa3\xe1p\x7f\xeb\x09\x00sh\
o\xeb\x01\xb0\xdd\x08\xce\x00\x00\x00\x00\x00=\x1a\x8f\x05\
g\x80\xd9s\xf6\xc2\x84\x04g\x00\x00\x00\x00\x80>\x1d\
h=\x00`\x0e=\xa5\x9c8\xa1\x9f\xc1\x04<0\x00\
\x00\x00\x00\x00=\xaa\xd5-;\x80\xd9\x1b\xe4[\xbe\xc5\
k\xb5a\x02\x823\x00\x00\x00\x00@\x8fJ\x11\x9c\x01\
ZX[s\xfe\xc2\x04\x04g\x00\x00\x00\x00\x80>y\
\xa56@\x0b\xeb\xeb\x823L@p\x06\x00\x00\x00\x00\
\xe8\x91Wj\x03\xb4\xb1\xb0\xe0\xfc\x85\x09\x08\xce\x00\x00\
\x00\x00\x00=\x1a\x0c\x04\x0f\x80\x16\xd6\xd7\xf7\xb5\x9e\x00\
\xdb\x89\xe0\x0c\x00\x00\x00\x00\xd0#7\x9c\x01\xda\x18\x0e\
\x9d\xbf0\x01\xc1\x19\x00\x00\x00\x00\xa0G\x823@\x1b\
\xe3\xb1\xf3\x17& 8\x03\x00\x00\x00\x00\xf4h08\
\xd0z\x02\xc0\x5c\xf2\x91\x060\x11\xc1\x19\x00\x00\x00\x00\
\xa0Gn8\x03\xb4\xe1\xfc\x85\x89\x08\xce\x00\x00\x00\x00\
\x00}\x12<\x00Z\x10\x9ca\x22\x823\x00\x00\x00\x00\
@\x9f\x04\x0f\x80\x16J\xd9\xd7z\x02l'\x823\x00\
\x00\x00\x00@\x9f|\x863@\x0bn8\xc3D\x04g\
\x00\x00\x00\x00\x80\xce\x94\xc5\xc5a\x92\x8b[\xef\x00\x98\
K\xa5\x08\xce0\x01\xc1\x19\x00\x00\x00\x00\xa07\x07\x0f\
\xeeKRZ\xcf\x00\x98S\x823L@p\x06\x00\x00\
\x00\x00\xe8\xcd\x993\x97\xb7\x9e\x000\xc7|\x863L\
@p\x06\x00\x00\x00\x00\xe8\xcf\xd3Z\x0f\x00\x98c\x07\
[\x0f\x80\xedDp\x06\x00\x00\x00\x00\xe8M)W\xb4\
\x9e\x000\xc7\xfc\xd0\x0fL@p\x06\x00\x00\x00\x00\xe8\
\x8f\xd8\x01\xd0\xce\xe5%)\xadG\xc0v!8\x03\x00\
\x00\x00\x00\xf4f0\x10\x9c\x01\xda\xd9\x9d\xa5\xa5\xfd\xad\
G\xc0v!8\x03\x00\x00\x00\x00\xf4\xa6V\xc1\x19\xa0\
-\xe70l\x90\xe0\x0c\x00\x00\x00\x00\xd0\x1f\xa1\x03\xa0\
\xa5\xe1\xf0\xf2\xd6\x13`\xbb\x10\x9c\x01\x00\x00\x00\x00\xfa\
#8\x03\xb4\xe5\x1c\x86\x0d\x12\x9c\x01\x00\x00\x00\x00\xfa\
#t\x00\xb4\xe4\xa3\x0d`\xc3\x04g\x00\x00\x00\x00\x80\
\xfe\x08\x1d\x00-\xd5\xea\x95\xda\xb0A\x823\x00\x00\x00\
\x00@\x7f\x84\x0e\x80\x96\x06\x03?\xf8\x03\x1b$8\x03\
\x00\x00\x00\x00t\xa4\xac\xae\xeeK\xb2\xb7\xf5\x0e\x80\xb9\
\xe6\x863l\x98\xe0\x0c\x00\x00\x00\x00\xd0\x93\xd3\xa7\xdd\
\xaa\x03h\xcfY\x0c\x1b$8\x03\x00\x00\x00\x00\xf4\xa4\
V\x91\x03\xa0=g1l\x90\xe0\x0c\x00\x00\x00\x00\xd0\
\x17\x91\x03\xa0=\xaf\xd4\x86\x0d\x12\x9c\x01\x00\x00\x00\x00\
\xfarE\xeb\x01\x00\xf8\xe1\x1f\xd8(\xc1\x19\x00\x00\x00\
\x00\xa0/\xcfn=\x00\x80\x1c(KK\x17\xb5\x1e\x01\
\xdb\x81\xe0\x0c\x00\x00\x00\x00\xd0\x97+[\x0f\x00 \xc9\
p\xe8\x8d\x13\xb0\x01\x823\x00\x00\x00\x00@_\xaej\
=\x00\x80$\xe3\xb1\x1f\x00\x82\x0d\x10\x9c\x01\x00\x00\x00\
\x00\xfa\xe2\x95\xda\x00=\x18\x0c\x9e\xd5z\x02l\x07\x82\
3\x00\x00\x00\x00@_\xdc\xa8\x03\xe8A\xad\xcec\xd8\
\x00\xc1\x19\x00\x00\x00\x00\xa0\x13\xe5\xce;\xf7'9\xd0\
z\x07\x00Iju\xc3\x196@p\x06\x00\x00\x00\x00\
\xe8\xc5\x9e=W\xb7\x9e\x00\xc0\x97\xb9\xe1\x0c\x1b 8\
\x03\x00\x00\x00\x00\xf4\xa2\xd6\xe7\xb6\x9e\x00\xc0\xc3Jq\
\xc3\x196@p\x06\x00\x00\x00\x00\xe8\x85\xe0\x0c\xd0\x93\
g\xb7\x1e\x00\xdb\x81\xe0\x0c\x00\x00\x00\x00\xd0\x8b\xc1@\
p\x06\xe8\xc7\xb3\xcb\xbd\xf7\xeej=\x02z'8\x03\
\x00\x00\x00\x00\xf4\xc2\x0dg\x80\x9e\x0c\xf3\xa9O]\xd5\
z\x04\xf4Np\x06\x00\x00\x00\x00\xe8\x87\xe0\x0c\xd0\x93\
\xe1\xf0\x9a\xd6\x13\xa0w\x823\x00\x00\x00\x00@\x07\xca\
\xea\xeaB\x92\xab[\xef\x00\xe01\xbe\xb6\xf5\x00\xe8\x9d\
\xe0\x0c\x00\x00\x00\x00\xd0\x83\xd3\xa7\xbf.\x89\xcf\x0a\x05\
\xe8\xc9x,8\xc3y\x08\xce\x00\x00\x00\x00\x00=\x18\
\x8f_\xd0z\x02\x00\x8fS\x8aWj\xc3y\x08\xce\x00\
\x00\x00\x00\x00=(\xe5\xba\xd6\x13\x00\xf8*\xcfk=\
\x00z'8\x03\x00\x00\x00\x00\xf4\xe1\x1bZ\x0f\x00\xe0\
\xab<\xbf\x9c8\xa1\xa7\xc1\x93\xf0\x80\x00\x00\x00\x00\x00\
\xf4\xc1\x0dg\x80\xfe\xec\xcd-\xb7\x5c\xd5z\x04\xf4L\
p\x06\x00\x00\x00\x00h\xac\xac\xae.$\xb9\xb6\xf5\x0e\
\x00\xcea0\xf0\x06\x0ax\x12\x823\x00\x00\x00\x00@\
kkk\xd7%\xd9\xd3z\x06\x00\xe7\xf4\xf5\xad\x07@\
\xcf\x04g\x00\x00\x00\x00\x80\xd6J\xb9\xa9\xf5\x04\x00\x9e\
\xc0x,8\xc3\x93\x10\x9c\x01\x00\x00\x00\x00Z\xab\xf5\
\xc5\xad'\x00\xf0\x04J\xb9\xa1\xf5\x04\xe8\x99\xe0\x0c\x00\
\x00\x00\x00\xd0\xdeKZ\x0f\x00\xe0\x09}cY\x5c\x1c\
\xb6\x1e\x01\xbd\x12\x9c\x01\x00\x00\x00\x00\x1a*\xab\xab\x0b\
I\xdc\x9e\x03\xe8\xd7\xde\x1c<xm\xeb\x11\xd0+\xc1\
\x19\x00\x00\x00\x00\xa0\xa5\x07\x1f|Q\x92\xbd\xadg\x00\
\xf0$\xd6\xd7_\xd4z\x02\xf4Jp\x06\x00\x00\x00\x00\
h\xa9\x94W\xb4\x9e\x00\xc0y\xd4*8\xc3\x13\x10\x9c\
\x01\x00\x00\x00\x00\xda\x12\x9c\x01zW\xcaM\xad'@\
\xaf\x04g\x00\x00\x00\x00\x80F\xca\x89\x13\x83$/o\
\xbd\x03\x80\xf3\xba\xb9\xac\xae.\xb4\x1e\x01=\x12\x9c\x01\
\x00\x00\x00\x00Z\xf9\xa6o\xba1\xc9e\xadg\x00p\
^O\xc9\xe9\xd3\xdf\xd8z\x04\xf4Hp\x06\x00\x00\x00\
\x00h\xa5\xd6c\xad'\x00\xb0A\xe3\xb17R\xc09\
\x08\xce\x00\x00\x00\x00\x00\xad\x08\xce\x00\xdbG)\x823\
\x9c\x83\xe0\x0c\x00\x00\x00\x00\xd0@YZzZ\x92\x9b\
[\xef\x00`\xc3nm=\x00z$8\x03\x00\x00\x00\
\x00\xb40\x1c\x1eM2l=\x03\x80\x0d{f9y\
\xf2\x86\xd6#\xa07\x823\x00\x00\x00\x00@\x0b\xe3\xf1\
\x9bZO\x00`B\x83\xc1\xe1\xd6\x13\xa07\x823\x00\
\x00\x00\x00\xc0\x8c\x95S\xa7\x9e\x99Rnk\xbd\x03\x80\
\x89\x09\xce\xf08\x823\x00\x00\x00\x00\xc0\xac\x8d\xc7\xdf\
\x1d\xaf\xd3\x06\xd8~J\xb9\xb5\xdcy\xe7\xfe\xd63\xa0\
'\x823\x00\x00\x00\x00\xc0\x0c\x95\x13'\x06I\xde\xda\
z\x07\x00S\xd9\x9d\xdd\xbb\x8f\xb5\x1e\x01=\x11\x9c\x01\
\x00\x00\x00\x00f\xe9\x96[^\x9b\xe4\xda\xd63\x00\x98\
R)ol=\x01z\x228\x03\x00\x00\x00\x00\xccR\
)ok=\x01\x80\x0br\xb8,/?\xb5\xf5\x08\xe8\
\x85\xe0\x0c\x00\x00\x00\x000#e4\xba-\xc9\xcbZ\
\xef\x00\xe0\x82\xecN\xf2\xba\xd6#\xa0\x17\x823\x00\x00\
\x00\x00\xc0\xac\x94\xf2\xd3\xad'\x00\xb0)~\xb0\xf5\x00\
\xe8\x85\xe0\x0c\x00\x00\x00\x000\x03ee\xe5\xd5I^\
\xd1z\x07\x00\x9b\xe2\xc5ey\xf9\x9b[\x8f\x80\x1e\x08\
\xce\x00\x00\x00\x00\x00\xb3P\xebO\xb5\x9e\x00\xc0\xa6\xfa\
\x91\xd6\x03\xa0\x07\xa5\xd6\xdaz\x03\x00\x00\x00\x00\xc0\x8e\
VF\xa3\xa3)\xe5\xae\xd6;\x00\xd8T\xebIn\xaa\
\xb7\xdf\xfew\xad\x87@Kn8\x03\x00\x00\x00\x00l\
\xa1\xb2\xb88L)\xbf\xd0z\x07\x00\x9bn\x98\xe4W\
[\x8f\x80\xd6\x04g\x00\x00\x00\x00\x80\xad\xb4\x7f\xff\x9b\
\x93\x5c\xdfz\x06\x00[\xe2[\xcb\xca\xcak[\x8f\x80\
\x96\xbcR\x1b\x00\x00\x00\x00`\x8b\x94\xf7\xbcgov\
\xef\xfe\x97\xd4\xfa\xac\xd6[\x00\xd82\xff\x96R\xae\xaf\
\x87\x0e}\xa1\xf5\x10h\xc1\x0dg\x00\x00\x00\x00\x80\xad\
\xb2k\xd7O\x8a\xcd\x00;\xdesR\xeb\xcf\xb6\x1e\x01\
\xad\xb8\xe1\x0c\x00\x00\x00\x00\xb0\x05\xca\xd2\xd2s3\x18\
\xfcC\x92=\xad\xb7\x00\xb0\xe5\xc6\xa9\xf5\xd6z\xf8\xf0\
\x87Z\x0f\x81Ys\xc3\x19\x00\x00\x00\x00`+\x0c\x06\
\xbf\x16\xb1\x19`^\x0cR\xca\xef\x94\xc5\xc5\x8b[\x0f\
\x81Y\x13\x9c\x01\x00\x00\x00\x006Y\x19\x8d\xbe=\xc9\
\xb1\xd6;\x00\x98\xa9\x17\xe4\xc0\x81_l=\x02f\xcd\
+\xb5\x01\x00\x00\x00\x006QY]\xbd4kk\xff\
\x98\xe4\x99\xad\xb7\x000s5\xc9k\xea\xed\xb7\xdf\xd5\
z\x08\xcc\x8a\x1b\xce\x00\x00\x00\x00\x00\x9bim\xed\x97\
#6\x03\xcc\xab\x92\xe4\x0f\xca\xddw_\xd3z\x08\xcc\
\x8a\x1b\xce\x00\x00\x00\x00\x00\x9b\xa4,/\xbf*\xc9J\
\x1e\x0a\x0e\x00\xcc\xaf{s\xd1E\xb7\xd6W\xbe\xf2\xc1\
\xd6C`\xab\xb9\xe1\x0c\x00\x00\x00\x00\xb0\x09\xca]w\
\x1dL\xf2\xae\x88\xcd\x00$7em\xed7Z\x8f\x80\
Y\x10\x9c\x01\x00\x00\x00\x006\xc3p\xf8\x1bI\x9e\xdd\
z\x06\x00\xddxKYYy[\xeb\x11\xb0\xd5\xbcR\
\x1b\x00\x00\x00\x00\xe0\x02\x95\x95\x95\xb7\xa6\xd6\xdfm\xbd\
\x03\x80\xee\xd4\xd4\xfa\xa6z\xf8\xf0\x1f\xb7\x1e\x02[E\
p\x06\x00\x00\x00\x00\xb8\x00ey\xf9\xba$\xf7$\xd9\
\xd7z\x0b\x00]\xfab\xc6\xe3\xdb\xea\x91#\xf7\xb4\x1e\
\x02[\xc1+\xb5\x01\x00\x00\x00\x00\xa6TVW\xf7%\
\xf9\xd3\x88\xcd\x00<\xb1\xbd\x19\x0cFei\xe9E\xad\
\x87\xc0V\x10\x9c\x01\x00\x00\x00\x00\xa6P\x92\x92\xd3\xa7\
\xdf\x95\xe4\x05\xad\xb7\x00\xd0\xbdK2\x18\x8c\xcah\xf4\
\xfc\xd6C`\xb3\x09\xce\x00\x00\x00\x00\x00\xd3XY\xf9\
\x89\xd4\xfa\xfa\xd63\x00\xd86\xaeH)\xa32\x1a=\
\xa7\xf5\x10\xd8L>\xc3\x19\x00\x00\x00\x00`Be4\
z]JY\x8cK=\x00L\xee\xe3\x19\x8f\xbf\xad\x1e\
9r_\xeb!\xb0\x19\x04g\x00\x00\x00\x00\x80\x09\x94\
S\xa7^\x92\xf1\xf8\xfdI\xf6\xb6\xde\x02\xc0\xb6%:\
\xb3c\xf8\xe9;\x00\x00\x00\x00\x80\x0d*w\xdf}M\
\xc6\xe3?\x8f\xd8\x0c\xc0\x85\xb9*\x83\xc1_\x95\xd1\xe8\
\xc6\xd6C\xe0B\x09\xce\x00\x00\x00\x00\x00\x1bPVV\
\xae\xc8\xd9\xb3KI\x9e\xdez\x0b\x00;\xc23R\xca\
\xfb\xcb\xca\xca+Z\x0f\x81\x0b!8\x03\x00\x00\x00\x00\
\x9cG\xb9\xeb\xae\x83\xa9\xf5T\x92k[o\x01`G\
\xb94\xc9\xa8\x8cF\xdf\xdez\x08LKp\x06\x00\x00\
\x00\x00x\x12eu\xf5\xd2,,,%\xf1\xdaS\x00\
6_\xad\x17\xa7\x94w\x97\xd1\xe8\xed%)\xad\xe7\xc0\
\xa4J\xad\xb5\xf5\x06\x00\x00\x00\x00\x80.\x95\xd5\xd5K\
\xb3\xb6\xb6\x9c\xe4\xe6\xd6[\x00\x98\x03\xb5\xbe;\x83\xc1\
\x9b\xeb\xa1C_h=\x056Jp\x06\x00\x00\x00\x00\
8\x87\xf2\x9e\xf7\x5c\x9e]\xbbN%ya\xeb-\x00\
\xcc\x95\x8fd}\xfd\xb5\xf5\xe8\xd1\x7fo=\x046B\
p\x06\x00\x00\x00\x00x\x9c2\x1a='\xa5\x8c\x92<\
\xbf\xf5\x16\x00\xe6\xd2gR\xca\x1b\xea\xa1C\xefk=\
\x04\xce\xc7g8\x03\x00\x00\x00\x00<J\x19\x8dnL\
)\x1f\x88\xd8\x0c@;\x97\xa5\xd6QYY\xf9\xc1\xd6\
C\xe0|\xdcp\x06\x00\x00\x00\x00xX9u\xeaP\
\xc6\xe3?MrI\xeb-\x00\x90$)e1g\xce\
|\x7f=v\xec\xb3\xad\xa7\xc0\xb9\xb8\xe1\x0c\x00\x00\x00\
\x00\x90\xa4\xac\xac|_\xc6\xe3\xbb\x226\x03\xd0\x93Z\
_\x9f\x85\x85\x8f\x95\xe5\xe5\xc3\xad\xa7\xc0\xb9\xb8\xe1\x0c\
\x00\x00\x00\x00\xcc\xb5\xb2\xba\xba'kk\xbf\x99\xe4\xcd\
\xad\xb7\x00\xc0\x93\x18'\xf9\xa5<\xf0\xc0O\xd5\xd7\xbf\
\xfet\xeb1\xf0\x08\xc1\x19\x00\x00\x00\x00\x98[\xe5\xe4\
\xc9k3\x1c\xfeI\x92\x17\xb6\xde\x02\x00\x1bR\xcaG\
s\xf6\xecw\xd5\xa3G?\xdaz\x0a$^\xa9\x0d\x00\
\x00\x00\x00\xcc\xa9\xb2\xbc\xfc\xa6\x0c\x87\x7f\x13\xb1\x19\x80\
\xed\xa4\xd6\x1b2\x1c\xdeSF\xa3\xef/Ii=\x07\
\xdcp\x06\x00\x00\x00\x00\xe6JY]\xbd4\x0f>\xf8\
\x0b)\xe5\xfbZo\x01\x80\x0b\xf4\x97\x19\x0e\x7f\xa0\xbe\
\xeaU\xff\xd4z\x08\xf3Kp\x06\x00\x00\x00\x00\xe6F\
YY9\x92\xe4\xb7S\xeb\xb3Zo\x01\x80Mr&\
\xc9\xaf\xe4\xa2\x8b~\xa6\xbe\xf2\x95\x0f\xb6\x1e\xc3\xfc\x11\
\x9c\x01\x00\x00\x00\x80\x1d\xaf,/?#\xb5\xfeJJ\
\xf9\xce\xd6[\x00`\x8b\xfcsj\xfd\x81z\xf8\xf0j\
\xeb!\xcc\x17\xc1\x19\x00\x00\x00\x00\xd8\xb1\xca\x89\x13\x83\
\xbc\xece\xdf\x9bZ\x7f1\xc9\x81\xd6{\x00`\xcb\x95\
\xb2\x98\xf5\xf5\x1f\xaaG\x8e\xfcO\xeb)\xcc\x07\xc1\x19\
\x00\x00\x00\x00\xd8\x91\xca\xf2\xf2\xe1\x94\xf2\xce\xd4zC\
\xeb-\x000c\x9fN\xf2\xe3\xb9\xe7\x9e\xdf\xaf\xefx\
\xc7\xb8\xf5\x18v6\xc1\x19\x00\x00\x00\x00\xd8Q\xca\xf2\
\xf2\x8b\x93\xbc3\xc9m\xad\xb7\x00@c\x7f\x9bR~\
\xac\x1e:\xf4\xbe\xd6C\xd8\xb9\x04g\x00\x00\x00\x00`\
G(\xa3\xd1\x8d)\xe5mI\xbe+\xc9\xa0\xf5\x1e\x00\
\xe8\xc8{S\xeb\x8f\xd6\xc3\x87\xff\xbe\xf5\x10v\x1e\xc1\
\x19\x00\x00\x00\x00\xd8\xd6\xca\xca\xca-\xa9\xf5\xedI\x8e\
%)\xad\xf7\x00@\xa7\xce\xa6\xd6we<~G=\
z\xf4\xbf[\x8fa\xe7\x10\x9c\x01\x00\x00\x00\x80m\xa9\
\x8cF\xb7\xa6\x94\x9fHr\xbc\xf5\x16\x00\xd8F\xbe\x90\
\xe4\xd7\xb3\xb6\xf6s\xf5\x8e;\xfe\xaf\xf5\x18\xb6?\xc1\
\x19\x00\x00\x00\x00\xd86\xca\x89\x13\x83\xdcr\xcbkS\
\xcaO&yi\xeb=\x00\xb0\x8d\xfdW\x92\x9f\xcf\x99\
3\xef\xaa\xc7\x8f\x7f\xb1\xf5\x18\xb6/\xc1\x19\x00\x00\x00\
\x00\xe8^\xb9\xf3\xce\xfd\xd9\xb3\xe7\x8d\xa9\xf5G\x92|\
C\xeb=\x00\xb0\x83|>\xa5\xfc~N\x9f~g=\
~\xfc?[\x8fa\xfb\x11\x9c\x01\x00\x00\x00\x80n\x95\
\xd1\xe8\xf9)\xe5\x87\x93|O\x92\xfd\xad\xf7\x00\xc0\x0e\
\xf6`\x92?L\xad\xbf^\x0f\x1f\xfe\xfb\xd6c\xd8>\
\x04g\x00\x00\x00\x00\xa0+euuO\xd6\xd6^\x97\
\xe4\xadI\xbe-Ii<\x09\x00\xe6K\xad\x1fH\xf2\
[\xa9u\xb1\x1e9\xb2\xd6z\x0e}\x13\x9c\x01\x00\x00\
\x00\x80.\x94S\xa7^\x92Z\xdf\x92Z\xdf\x94\xe4\xd2\
\xd6{\x00\x80|:\xb5\xfe^J\xf9\xbdz\xfb\xed\xff\
\xd8z\x0c}\x12\x9c\x01\x00\x00\x00\x80f\xca\xddw_\
\x93\xb3g\xbf3\xc9\x1b\x93\x5c\xdfz\x0f\x00\xf0\x84\xfe\
6\xc9\x1ffa\xe1\x8f\xeam\xb7\xdd\xdfz\x0c\xfd\x10\
\x9c\x01\x00\x00\x00\x80\x99*KKW\xa6\x947\xa4\x94\
\xefHrs\xeb=\x00\xc0D\xce&YN)\x8b9\
s\xe6\xcez\xec\xd8g[\x0f\xa2-\xc1\x19\x00\x00\x00\
\x00\xd8ree\xe5\xfa\x8c\xc7\xaf\xc9`pGj\xbd\
9\xc9\xa0\xf5&\x00\xe0\x82\x9dN\xf2\xbe\xd4\xfa\xee\x9c\
=\xfbg\xf5\xf8\xf1O\xb7\x1e\xc4\xec\x09\xce\x00\x00\x00\
\x00\xc0\xa6+KK\x17e8|yj}Mj\xbd\
#\xa5\x5c\xd3z\x13\x00\xb0\xa5\xce&\xf9`\x92\x93Y\
_?Y\x8f\x1e\xfdh\xebA\xcc\x86\xe0\x0c\x00\x00\x00\
\x00l\x8a\xb2\xb2r}\x92W\xa7\xd6W'yE\x92\
\xa74\x9e\x04\x00\xb4\xf3\x89\x94r2\xc9(g\xce\xbc\
\xdf\xab\xb7w.\xc1\x19\x00\x00\x00\x00\x98XIJ\xde\
\xfb\xde\xaf\xcf\xfa\xfa\xadI\xbe9\xc9\xab\x92<\xa3\xf1\
,\x00\xa0O\xe3$\x1fI\xf2\x17I\xfe\x22kk\x7f\
Y\xef\xb8\xe3\xff\x1aob\x93\x08\xce\x00\x00\x00\x00\xc0\
y\x95\xa5\xa5\x8b\x92\xbc(\x83\xc1\xcb\xf3P`~y\
\x92\xcb\xdb\xae\x02\x00\xb6\xa9\xb3\xa9\xf5#I>\x94R\
\xeeI\xad\x1f\xac\x87\x0f\xff[\xebQLGp\x06\x00\
\x00\x00\x00\x1e\xa3\xac\xae.dm\xed\xba$/M)\
/I\xad/MrC\x92]\x8d\xa7\x01\x00;\xd7'\
S\xca=\x19\x8f\xff:\xa5|8\x0b\x0b\x1f\xae\xb7\xdd\
v\x7f\xebQ\x9c\x9f\xe0\x0c\x00\x00\x00\x00s\xac\x9c<\
\xf9\xf4,,\xdc\x90\xf1\xf8\x86\x94r]j\xbd1\x83\
\xc1u\xa9\xf5\xe2\xd6\xdb\x00\x809W\xca\x7f\xa6\xd6\x0f\
'\xf9pj\xfdhJ\xf9X.\xbf\xfc_\xeaM7\
\x9di=\x8d\xaf\x10\x9c\x01\x00\x00\x00`\x87+\x8b\x8b\
\xbbs\xf0\xe0s\xb3\xbe~mj\xbd6\xa5</\xc9\
\xf3\xf2\xd0\xad\xe5\xcb\x1a\xcf\x03\x00\x98\xc4\x99$\xff\x9a\
\xe4cI>\x96R\xfe9\xc9\xbf\xe6\xf4\xe9\xfb\xea\xf1\
\xe3\x9fn;m>\x09\xce\x00\x00\x00\x00\xb0\xcd\x95{\
\xef\xdd\x95\xcf|\xe6\xca\xac\xaf_\x95\xc1\xe0\xea$\xcf\
Iru\x92\xabR\xeb5)\xe5\xea$\xc3\xa6#\x01\
\x00\xb6\xde\xe7\x92\xdc\x97\xe4\xbe\x94r_\x92O$\xf9\
D\xc6\xe3\x8f\xa7\x94\xff\xa8\xb7\xdf\xfe\xbfm\xe7\xedL\
\x823\x00\x00\x00\x00t\xa8\xdc{\xef\xae\xdc\x7f\xffe\
)\xe5\xa9\x19\x0c.K)\x97\xa5\xd6+\x93\x5c\x91\xe4\
YI\xbe&\xc93\x93<\xfd\xe1\xaf\x09\xca\x00\x00O\
\xee\x0bI>\x9eZ?\x99\xe4\x93I>\x95R\xfe;\
\xa5\xdc\x9f\xe4S\xa9\xf5\xbfR\xeb\xe7\xb3\xbe\xfe\xf9\x1c\
;\xf6\xb9\x9a\x08\xa9\x1b 8\x03\x00\x00\x0003e\
qq\x98\xbd{\x0f\xb4\xde\xb1i\xf6\xec9\xf8U_\
;{\xf6\xe2\x94\xb2'\xeb\xeb\xbb2\x18\xecK)%\
\xe3\xf1\xa5\x0f\xff\xd7\x03\x19\x0c\xf6f<\xde\x97R.\
Ir \xc9\xbe\x94\xb2/\xb5\xeeO\xf2\xd4<\xf4\x8a\
\xeb\xa7&\xd9?\xab\xbf\x06\x00\x00\xe7\xf4\xc0\xc3\xbf>\
\xff\x98\x7f\xd6\xfa\xb9\x94\xf2\xb9\x94\xf2@j}\xe4k\
_J\x92\x94\xf2\xc5$k_\xfe\x13J\xf9\xec\xa3\xfe\
\xbc\xb5\x0c\x87_\xfc\xf2\xef\xbe\xf4\xa5\x07R\xca\xfa\x96\
\xff-\xb6\xd8B\xeb\x01\x00\x00\x00\x00\xcc\x91K.y\
aj\xfd\x9b\xd636\xcd\xd9\xb3\xe7\xfez\xad\xc9`\
\xf0\x95\x7f/\xe5\xb1\xff\xed\xd1\xbf\x7f\xe4k\x00\x00\xf4\
\xe6\xc0\xc3\xbf\xae|\xccW\x1f\xf9^\xee\xd1\xdf\xc3=\
\xfe\xfb\xbbG<\xfe\xfb\xbcG\x7f\xff\xb8k\xd7\x05\x0f\
\xec\xc1\xa0\xf5\x00\x00\x00\x00\x00\x00\x00\x00\xb6'\xc1\x19\
\x00\x00\x00\x00\x00\x00\x80\xa9\x08\xce\x00\x00\x00\x00\x00\x00\
\x00LEp\x06\x00\x00\x00\x00\x00\x00`*\x823\x00\
\x00\x00\x00\x00\x00\x00S\x11\x9c\x01\x00\x00\x00\x00\x00\x00\
\x98\x8a\xe0\x0c\x00\x00\x00\x00\x00\x00\xc0T\x04g\x00\x00\
\x00\x00\x00\x00\x00\xa6\x228\x03\x00\x00\x00\x00\x00\x000\
\x15\xc1\x19\x00\x00\x00\x00\x00\x00\x80\xa9\x08\xce\x00\x00\x00\
\x00\x00\x00\x00LEp\x06\x00\x00\x00\x00\x00\x00`*\
\x823\x00\x00\x00\x00\x00\x00\x00S\x11\x9c\x01\x00\x00\x00\
\x00\x00\x00\x98\x8a\xe0\x0c\x00\x00\x00\x00\x00\x00\xc0T\x04\
g\x00\x00\x00\x00\x00\x00\x00\xa6\x228\x03\x00\x00\x00\x00\
\x00\x000\x15\xc1\x19\x00\x00\x00\x00\x00\x00\x80\xa9\x08\xce\
\x00\x00\x00\x00\x00\x00\x00LEp\x06\x00\x00\x00\x00\x00\
\x00`*\x823\x00\x00\x00\x00\x00\x00\x00S\x11\x9c\x01\
\x00\x00\x00\x00\x00\x00\x98\x8a\xe0\x0c\x00\x00\x00\x00\x00\x00\
\xc0T\x04g\x00\x00\x00\x00\x00\x00\x00\xa6\x228\x03\x00\
\x00\x00\x00\x00\x000\x15\xc1\x19\x00\x00\x00\x00\x00\x00\x80\
\xa9\x08\xce\x00\x00\x00\x00\x00\x00\x00LEp\x06\x00\x00\
\x00\x00\x00\x00`*\x823\x00\x00\x00\x00\x00\x00\x00S\
\x11\x9c\x01\x00\x00\x00\x00\x00\x00\x98\x8a\xe0\x0c\x00\x00\x00\
\x00\x00\x00\xc0T\x04g\x00\x00\x00\x00\x00\x00\x00\xa6\x22\
8\x03\x00\x00\x00\x00\x00\x000\x95\xff\x07^\xbc\xa1\xfa\
W\xa6B7\x00\x00\x00\x00IEND\xaeB`\x82\
\
\x00\x00Dv\
\x00\
\x02\x94Px\xda\xed\x1d\x05\x5c\x95\xc9\xf3\x03\x04\x11Q\
9\xf1\x14\x15\x15\xb9\xc3\x0eT\xce\x0e\xce8\x1b\xbb\xcf\
\xee\x8e\xb3\x03)Q\x14\x01\x15\xc1\x00A1\x10AB\
\xa5A\xba[Ji\x10iIi\xd8\xff\xce\x22\xfe\x11\
\x89\xc7\xe3\xa9 ;?\xe7\xf7\xe4\xbd\xef\xdb\x98\xd9\x98\
\x9d\x9d`\x18.\xa6\x03#$\xc4\xe0O1fW;\
\x86\xd1b\x18FD\xa4\xea\xefK\x1d\x18\xa6\x12\x7f'\
&V\xf5\xb7!~N\xb93\xc3HJ~\xfe[\x82\
aF\xf4c\x18i\xe9\xaa\xbf\x07Mg\x98\xf0\x99\x0c\
3g\xce\xe7\xf7\x97\xe3\xf7\x95\x19f\xd3\xa6\xcf\xcfk\
\xe2\xf7\xa3\x18FN\xee\xf3\xf3\xfc\x5c\xcc\x88C\x5c\x0c\
\x00\xfc]\xda\x9baV\x9e\xe4f\x06\xe1\xbfqU\xf8\
\x9b\xaa\xef\x09\xb4c\xbe\x01\x84P\x05j\x04\x8a\x8b\x93\
QZ\x9a)\x8a\x8fWGqqj\xe8\xfd{]\x94\
\x97\x17\x88*+\xcb\x1a}\x17\xa0\xa2\xa2\x14ef\xda\
#\x07\x87\xae\xc8\xca\x8aA\x91\x91GQyy>\xfe\
\xa5\x12\xb1\x0a\x9f>E\xa3\xd7\xaf{\x91\xf7\xe3\xe3\xaf\
\xa1\xa6\xc2\xa7O\xefj\xbc\xaf\xde\x82\xde\xaf\xc4\xb4(\
\xc54*\xc3X\x8e\xff_\x82\xe9ZE\xd6\xca\xca\xca\
\xcf\xdfW\xd4\xfb~ee9\xe6\x87\x17z\xf1b\x07\
22Z\x8e\x82\x83\x1f\xa2\xd2\xd2\x02\xcc\x9fd\xfc\xdd\
Ndl\xbc\x06\xc5\xc6:\xe2\xf7\xa3j\xbc\xaf\xf1U\
\xdb\xe0\xf9{\xf7\xa6 EE>\x94\x94\xe4A\xea\xb5\
\xb2:\x80\xce\x9dc\x90\x85\xc5vTR\x92\x87>~\
tE\xf6\xf6B\xc8\xd2\x92Ao\xdf\x9e\xc0m*\xfa\
\xc2\xbf\xf2\xf2b\xf4\xe0\xc1,\xa4\xac,\x88RS\x83\
PX\x98\x11RRj\x8f\xee\xde\x1d\x8brs\xdf\xe3\
\xf7S\xf1\xf81\xc3\xed\xb8\x8c\xf1\x12\xaeC\x07\xb7/\
\x04\xc6O\xad\xf7;\x22__-t\xe3\xc6\x00RV\
t\xb4\x0dK\xb4\xad~_I\x89\x1f\xb9\xb8\x5c\xc0\xed\
<\x85\xae_\xff\x13Y[\x1fB\x85\x85\x99,\xbf\x0f\
u\xa6\xa4\x04\x92\xef\xec\xecN YY\x06\xf9\xf8h\
\xb2\xf0~\x0920\xf8\xfa}77\x15t\xf6,\x83\
\x9c\x9d\x15\x1b}??\xff\x03\xd2\xd1\x19O\xde\x0f\x0f\
7A\x09\x09.\x84\x1fw\xeeHa\xba\x8562\xb7\
\xca+\x92\x93\xfdp;o\x22//\x0d\xcc\x7f\x03\x14\
\x14\xa4\x8f\xde\xbcy\x82rr\xe2\x1b\x9d\x9aL3\x01\
\xd6\x19\xbc\xd41\x925\xd7\x99\x0eu\xae3eM\x9e\
4x|\x15\x15%\xe2\xb1\x12L0??\x84 \x8c\
\x9d\xbc\xbc \xfc\xffPTV\x96\x8b\xd8+\xbb\xaa\xfc\
\xfc\xfc0\xf4\xe1\xc3\x13L\xbb\x09x~\x88`\xecI\
\xe6IX\xd8.\xbcf9\xe0\xb1\x9b\x8e8\x01\xa1\xa1\
;\xc8\xdc\x81\xf9gg\xd7\x01\xcf'g\xc4I\x88\x8c\
<B\xca\xb6\xb6f\xf0\xf8\xef\x8cy\xefC\xcb\xa7\xe5\
s\xb4\xfc\x92\x92|<'\xde\xa2\x8c\x8c\x08\xf2\x99\x99\
\x19I\xfe\x9f\x9b\x9b\xf8e\xcf*--\xc4\xdf\xbf\xfb\
\xfc[8\xd9\x87X-\x1f\xd6\xea\x88\x08S\xb2\x16^\
\xb9\xd2\x1d\xa9\xaa\x8a\xe0\xe7\x0f\x935\x15\xf69\x98\xaf\
\xb0\x9e\xc2\xf7\xf0\xfb\xa3G\xf3Qr\xb2o\x93\xe9\xf3\
\xec\xd9*\xb2\xb7)*\xb6\xc7\xfb\x91\xfd\x97\xef\xa3\xa2\
\xac\xd0\xa5K\xbf\x91\xdf\xae^\xedM\xf6\xc2j\x08\x0f\
\xdf\xf7\xa5|;\xbb\x8e(;\xdb\xbd\xde5\xc5\xd4t\
\x03)\xe3\xc2\x05\x01\xbc\xd7V\xcd\xf3\x9c\x9c\x04\xb2\x9e\
\xc3\x9e\x02\xfb\xac\xaf\xaf\xf6\xe7>\xc7\xa2\xf4\xf4\x17\xc8\
\xd3\xf3/dk\xcb\x8f\xcb\x16 \xe5GD\x1c }\
(-\xfd\xd8H\xf9.\x84\xf6\xb0\xd7\x9f?\xcf\x10\x84\
\xdf\xcb\xca\x0a\xbf\xc8M\xd0\xd6\x8f\x1f\x9d0\xba|F\
g\x8299\xbe\x8d\x96\x9f\x90\xe0J\xf6\x14\xd8[\xa1\
\xec[\xb7F\xe1wc\x9a1\xd2\xaa\xca\xaf\xa6\x83\xb9\
\xf9V\x5c\xa6$\x92\x93\xe3\x22\xe5\xc3\xbe\x0bc\x88\x13\
\xe5C\x9b\xfd\xfd\xef\xe2\xf5\xdd\x9f\xec\x89\x9a\x9a\x83p\
\x9f:\x109)77\xa9Y\xe5\xd7\xa4O5@\x1d\
\xf2\xf2\xdc\xa4n;\xbb\xe3\x1c)\xbfz\xfc\x00\xc0X\
\xbfx\xb1\x0b)__\xff\xef/<\xe6T\xf9qq\
\xaf\xc9w\xf0\xdb\xd3\xa7\xcb\x89\xec\xc9\x0eT\xcf/%\
\xa5\x0e_\xca/*\xfaHx\x0d\xdf\xab\xa8t\xc52\
\xa4E\x93\xcb-,\xcc\xc2\xf3\xdc\x1c\xaf\x0f\x13\xf0\x1a\
\xd0\x03\xa9\xab\xf7E/_\xee\xc6\xfb\xb5\x1c\x96sW\
#m\xed\x11\xe8\xc9\x13\x19\xfc\x8c\xc5\x97\xf5\xa8\x09P\
V\x5c\x9cK\xe4\xad\xd4\xd4`\xfc\x19B\x10\xd6\x9e\x0f\
\x1f\x02\xc8\xf70f\xca\xca\x8a\xd8!I\x19\xf3\x9da\
\xd0\xe7\xb3\x9etM9L\xa8N9\xac\x883;\x06\
\x9c[>\x11\xac\xa8(\xc6XR\x07\x16\xe1\xdf\x0b>\
\x9f\x15\xaa\x86\x01\xa7\xf6+(\xf7\xc3\x87G(&F\
\x19\xafOk\xf0<\x9f\x8fqA\x0d\x9c\x8fe\xe0\xcd\
xL\xab\xe2\xf5\xf5\xe5\xe7\xfd\x83\x93PI\xfaUV\
\x96C\xea\x80}\x01\xf6\x07@\x90\xf3\xe0\xac\x94\x96f\
N\xce\xb9@\x9f\xef\x09 \x1b\xc3\xd9\x1a\xdaP\xdd\x0e\
\x0f\x8fQ\xb8m\xd9\xe8G\x00\xc8\xe1\x8e\x8e\xbf\x7fU\
?\xecg@\x1bZ?\xad\x9f\xd6O\xeboI\xf5\x83\
l\x90\x90\xe0\x86\x02\x03\xf5\x89~\x07t'\xd5\x08\xfa\
\xa7\x90\x90G\xe4\x5cSs\xad\x8f\x89\xb1E\xde\xde\xd5\
\xcfj\x92\xe7@\xef\xc2^\xfd\x95D\x96\x00\xfd\x96\x96\
\xd6p\x22\xcfU\xcb\xee \xc7\x80\x9cWSo\x95\x98\
\xe8N\xce#\xd5\xcf\x80\x5c\x0b2\x0f\xe8\xd6\x9aK\x7f\
+\xab\x83\xa4~99\x06)(\xf0\xe0s\xce\xf3Z\
z\xcbtt\xff\xfe\xf4/\xcf@\xfd\xf0NM\xd90\
?\xff\x0d\xde\x7f\x84k\xed?\xa3Y\xaa\xdf\xde\xfe\xe4\
\x97\xb2\xe1<\xf0\xee\xdd\xab\xaf\xf8\x04\xba<\xf8\x0d\x10\
\x9e\xbbwo2\xae/\xe5\x0b_\xe0\x99\xe4d\x03d\
c\xd3\xee\xcb\xfe\x0b\xe8\xe8\xd8\x03\x9fo\xbc\x1a\xd51\
7T?\xc8\x9a oW\xd3\x1d\xce\x9cqqN_\
\xe4\x8f\x94\x94\xa7D\xfe\xf0\xf5\x9d\x85\xdc\xdc\x86`\x1c\
\xfa\x15\x06\x05\xad \xba\xda\x8c\x0c\xabz\xe5\x8f\xfa\xea\
\x873\x96\xb6\xf6HR/\xfc&/\xcf\x83\xdc\xdd/\
\x7f\xa5\xf7-)IC\xc5\xc5\x1f\xc8'\xe8\xa9\xbe\xc5\
T\xf2{iiV\xbdt\xa8]?\x9c\x81\xa1l3\
\xb3\xcd_\xea\x86\xcf\xa7O\x97\x11=0\xa7\xa1f\xfd\
\x0a\x0a\xbcXn\xbbC\xf4\x98\x0a\x0a\xed\xbe\xd0\xfd\xfa\
u\x09\xa2K\xf8\x1eP\xb3~8\xbb\xe9\xe9MC\x06\
\x06s\xc8\xbc\xbctI\x88\xfcv\xed\x9a8\x9eOj\
_t\x19\xdf\xab~EE^\xa2\xff\x853\x06\xcc\x7f\
8;\xc1x\xaf^\x1f@'\xfc\xf5\xba\xc4\xe9\xfa\xbf\
\x1e\xffUgB'L\x87\xaa9\x00\xcf=\x7f\xbe\x9e\
\xdcW\xfc\xa8\xfa\xe1\xcc\x07\xfa\x81\xea\xb1\xa0\xae\xde\x0f\
eg\xc7\xfd\xb0\xfaa\xcc\xc3y\xb3\x9a\x07\xb0\x06\xa4\
\xa7\x87\xff\xb0\xfa\xf3\xf2\xde\x93\xf1_M\x7f8\xe3\x16\
\x14\xa4s\xac~[\xdbc\xdf\xcc\xff\x9a\x00\xf3\x11\xc6\
%\xd4\x0f\xf3\xc3\xdd\xfd\x0a\x87\xceo\xa5x\x1dOE\
\x0f\x1f\xce!\xf7$Um\xe0\xc2\xfb\xc6U\xb2\xff\xc1\
~\xeb\xe8x\x16]\xbe,L~\x03\xbd\x1c\xe8\x86@\
\x07\xd9\xec\x93\x1b^\xdf\xa2\xa2\xac\x91\x93\x93<^\xd7\
\x96\xa2\xc7\x8f\x17|\xc6\x85\xe8\xd9\xb3\xd5x\x8c\xffK\
>AOda\xb1\x83\xac\xbbII\x9el\xebCj\
\x019\x03\xc3\x1c/-\xfdD\xee\x9e\xe0\xfe\xa8\x1a\xcb\
\xca\x8a\x09\xc2\xff\xe1>\x90\xc3P\xc4\xfcd\x18\xf4\xf9\
\xaehSM=\xc5\x9fu\xea)\xd2Q\xeb\x85\x1f\xde\
v\xd8\xe7A_\x0c\x98\x9b\xeb\x871\x80\x05\xf4\xff\xfc\
\x8e7^gc~*\xc1\xb2\xb2\x9c\xd0\xdb\xb7'Q\
X\xd8\x1e\xbc\xffO&\xf2$\xe84\xea\xc7\xdf\xf0\xbc\
\x1c\x85BC\xb7\xe1\xf7\x8ecY\xcc\x085\xc5\x9e\xe0\
\xfb@%Y[\x8a\x8a\x12\xb0\xec\xb7\xf2\xcb}Am\
\x84\xef\xbd\xbd\xa7\x10\xbdMeei\x0bh\xf7\xb7\x90\
\x91a\x89\xf7\x86\xf6u\xb6\x1f01Q\xabEO@\
\x18\xd7\xf6\xf6]\xeal\xbb\x8d\x0d\x0f\x91\xdd[2\xc0\
\xdc\x841^w\xfb\xdb\xa1\xd4T\x93V\xde\xfe\xe7\xb4\
\xfd\xb4\xfd\xb4\xfd\xb4\xfd\xb4\xfd\xb4\xfd\xb4\xfd\xb4\xfd\xb4\
\xfd\xbfh\xfb\xb3\xb3c\x89N\x07\xecp\xc0\x9e\x22%\
%\xa8N\x84\xdf\xe1\xb9\xac\xac(rG\xf2\x8d\xf2\xa2\
\xe8#\xb1/\xfe\xf6]\xb0\xd1\xf0\xfbJ/\xc6\xb9\xf6\
W\xa2\xc8H3\xa2{z\xf4h\x01\xbar\xa5\x07R\
Q\x11\xfe\x06/_\xfe\x1d\x19\x18\xfcC\xf4io\xde\
\x18~\xa3\xef\x07}\x0f\xd8h\x81\x1e\xeb\xebw\xbb\x22\
5\xb5>\xc8\xc4d\x1d\xee\xbb\xcfw\x1d?p\x97\x03\
z\xfc\x9a\xf7M\xd5zE\xd0\xc3U\xe9\xb7\xeb>\x8b\
\x82\x1d\x15\xd8\xcb\xd5|\xaf\xea.\xaa\x03\xf2\xf4\xd4 \
\xba\xac\x1f1\xfe\xa1\x1d\xd5\xf7A\xd5\x08\xed\xa8y7\
R\x1b`\x5cih\xf4\xffr\x9fQ\x13ml\x8e\xd6\
\xa9\xd7\xcb\xcd\xf5%6\x1c\xf5\x9d\x1fSS\x9f\xb1\xd5\
\xfe\xd0\xd0\xa7\xe4.\xa7v;\xaa\xed\x01\xbf\x1d\xf3\xd9\
D7Y\xad\xa3\xady\x17\x06\xf7r\x05\x05iu\xbe\
\x07\xf6}`KX\xdf\xf9\x1d|8\xd8\x81\xb0\xb0g\
\xe4\x9e\xb0v\xfb\xfd\xfc\xee\xd4\xf9\xbc\xb3\xb3\x12\xd1\x1b\
\xd7\xe6\xd7\xd5\xab\xbd\xc8\xbdf]\x00\xb6C\xef\xde\x9d\
\xa9\xb7\xed\xa0?\x09\x0aZ\xc5\xd6\xfdrS\xda\x0f:\
\xe8\xcb\x97\xbb}3n\xe0\x9e\xca\xcb\xebk\x1f\x14\xb8\
\x03}\xff^\x8f\xf8\xa6\x04\x06.k\x90\xf6Uc\x88\
\x17\xd79\x1b\xc5\xc6^\xc1\xef\xdd#\xfe\x15\xac\xe8\x81\
Xm?\xdc/\x83\x1dm\xedqSu\xc7\xbc\x86\xf8\
|\xd4\x04\xd0E%%\xdd\xc5x\x07\xf3\xe5\x16\xf9\xac\
\xfa\xbb~\xacz\xee6y\x16\xf4w\x9cj?\xdc\x0d\
XZ\xee\xfb\x86\xee\xf0\xf7\xcd\x9bCPFF\xe4O\
\xdb\x17Yi?\xd8\x0f\x80\x1de\xcd\xf6\xc3\xff\xc1\xbf\
#4\xd4\xe8\xa7\xee\xeb\xf5\xb5\x1f\xd6U\xa2\xb8N\x0f\
C7n\x0c\xacg\xad<\xc2\xa9;\x10\x8e\xb7\x1f\xee\
r\xc0F\x13\xees\xea\x1a7\xfa\xfa\xd2d\xff\xfb\xd9\
P_\xfba\x9d\x81\xbbM\x187\xb0?T\xef\xcb\xd5\
\xbf\x83l\xf1\xf6\xed\x0b\xb2\x1f\xb4\xc4\xf6\xc3\xd8\x00\xfb\
a\xb0i\x81=\x0e\xec\xf4\xe1\xee\xbaz\xaf\xab\x92\x15\
\xda\xe3=k\x06y\xae\xa5\xb5? @\xe7\x9bg\xe1\
\x0e\xde\xd2r\xffW\xfb\x17\xf0\x04\xe45V}\xd3~\
\xc6\xfaS[\xe6\x83\xfb\xeb\x9as\x02\xfa\x00\xbey\xff\
\xb7\xa3i\xb9\xed\x07\x00\x9f\xbe\xdas\x1a\xc6UH\xc8\
\xc3V\xd1\xfe\xf0pcb\xcfR[~\x839\xd3\x1a\
\xda\xff\xee\x9d%\x91\xfdk\xb7\xdf\xc2b[\xabh\x7f\
]2w\xf3|4~l\xfbao\xabK\x06\x85\xb2\
~4\xd4w~ix\xfd\x19\xff\xcd\xfa\xa3\xa77\x15\
\xff\x96\xf9\xc3\xdb\xef\xef\xaf\xf3M\xdb\xab\xe4\x9f\xba\xd6\
\xff,b\xebX{\xfd\xd7\xd0\xe8\x87\xe5|\xa7\x1f\xde\
v\xa0\x97\x91\xd1\xcao\xce\xef\x8066\xff\x11_$\
\xd8[\xc1n\x11\xfc\x8fuu'}i3 \xf0\x0d\
\xbe\xfb\xb1\xfbo%\xf1\xc7\x01;N\xb0\xaf\x01\xfb)\
\x15\x95\xdf\x88\xde\xa3&\x82O\x1f\xec\xabjj\xa2\xe4\
\xff \x0f\xc1'\xf8\x82C\x9b\xc1\x1e18\xf8\x01G\
m\x9fX\x85\x8f\x1fc\xf1\x19\xcd\x9b\xe8\xa6RR\x02\
\xeaE\xf0\x13\x02\x04}\x14\xc8\xa2\xa0\xc7\xca\xcb\xfb@\
l\xc8\xea\xd2g}gh\xd5\xf63\x0c\x85\x9fn\xa7\
\x05\xbedr5\xed\xb4\xa4\xeb\xb4\xd3\x0aGm\x17\xda\
r\xdf[,\x94\x95\xe5\xe1\xbd\xf0\x06\x8a\x8a:\xff\x05\
\xa3\xa3\xe51*6\x01\x150\xca}~\x1f>eQ\
f\xa6]+\xea\xffM\xd2\xee\xc8\xc8\xff\x88/$\xe8\
\xe2k\xfaG\xb0\x82\xae\xae\x03\xf1\x19k#\x96\xff\xcf\
\x12\xfaA\x0c\x9f\xd6\x08\xe0\x7f\x09\xbcsu\x1dP\xaf\
M\xde\xd7\xbaYn,\xe7n\xc7\xf2_<j\x89\xb6\
y\xecB\x5c\xdc\x95F\xfb\x0e\xf4qq\x19@l\x18\
\x7f5h\xcc\xa6\xb1\xba\xff>>\x7f\x13\xbf\xe6_\x0d\
 \xf6\x83\x9d\x9d`\xa3\xfd\xf7\xf7_H\xee`~5\
\x808\x18\x10\x1b\xa4\xb1\xfe\x07\x04,\xfel\x97\xfb\xab\
\xf5\xdf\x83\xc5\xfe/\xa1\xfd\xa7\xfd\xa7\xfd\xa7\xfd\xa7\xfd\
\xa7\xfd\xa7\xfd\xa7\xfd\xa7\xfd\xa7\xfd\xa7\xfd\xa7\xfd\xa7\xfd\
\xa7\xfd\xa7\xfd\xa7\xfd\xa7\xfd\xa7\xfd\xaf\x13 \x9e\x05\xdc\
wC\x9c\x8e\x92\x92\x82&`>A\xb0Kn\xec\xae\
\x1c|\x0dX)\xb3v\xfc\x8c\x1f\xd1\x7f\x88\xbfoh\
\xb8\x18=|8\x8f\xd8\xb8\x00\x82\xedi}\x08\xf1\x86\
 \xae\xcf\xfd\xfb3\xd1\xe3\xc72\xe8\xd5\xab\xbd\xe8\xd3\
\xa7\x8cz\xcb\x87X\xfe`\x0b\x0a\xef\xd5]^U\x9d\
\xe0\xe7Q;v\xfc\x8f\xe8?\xf8\x90\xbc\x7f\xef\x83\xa2\
\xa3\xad\x91\xad\xedQt\xf1b\xe7/\xf6'u!\xd8\
\xae\x80M(\xc4\x18\x06\x7f\x80\xf4\xf4P\x12\xfb\xa4.\
\xa8\xb2i\x9f@b\xc8\xd6U\x16|\xaf\xac\xdc\x89\xd8\
\xec\xc4\xc59~\x13+\xe6g\xcc\x7f\xb0\xdd\xaa\xcb\xde\
\xa8\xda&\xf6\xf6\xed1,\xc5\x22\xae\xb2\x89\xdf\xdf`\
Y`_\xee\xe7w\xbb\xde\xf9\xf33\xfa\x0f\xb9\x0c\xa0\
]u\xb5\xb9\xca\x86p\x07K\xe5\x80M=\xe4\x87\xa8\
\xcb.\xbd\x0a\xb9H,\xa5\x86\xec\xd3\xb3\xb3\xdd\xf03\
\x9dX\xe8\xbf\x0c\xc7\xee?\xc0_\xad.\x1f\x92\xff\xdb\
 \x9eh\xb4\x0c\xb0\xc9\x87\xd8\xd5\xf5\xf5\xbd\xda\x7f\xab\
\xa1u\x03\x00\xeeo\x1b\xf3K\x81\xfe\xfb\xfa\xfeS3\
fo\xb3\x00\xe63\xc4j\xae\xaf\xff\x8e\x8e\xe7\x1a|\
\x1f\xf6\x12\x88']_\xdf\xabc\x82\xc1\x9a\xd3\x18@\
\xbc`\xf0\xddj\xac\xff\xee\xee\x92\xb8\xde\x0c\x0e\xf5?\
\x8c\xd8\xb1\xd5\xdf\x7f\xd9\x06\xdf\xf7\xf4T'\xb6\x9e\xf5\
\xcd{\xb0\xcb\xf5\xf5\xbd\xd5h; >\x10\x8ckV\
\xee\xbfmm;\x10\xbf\x1eN\xdc}7\xa7\xff`\xcf\
\x08~b\x0d\xf1\xde\xccl\xd37\xf1\xe2a\xeeB~\
\x22X\xef\xe0\xde?>^\x0d\xd3q\x5c\x93l\x1f \
v\x0c\xd8\x00@\x9c\x18\xf0\xcd\x82\xb2\xd8\xb9\x13g\xb7\
\xff\x05\x05\xa9x?\x9f\xfe\x8d\xffV\xcd\xbekkK\
\x12\x1b\xc3o\xe5\xa3,\x92o\xc4\xcfo.\x89M\xe9\
\xe55\x09\xf7\x7f<\xfe\x9c\xd8\x04\x9c@\xde\xf1\xf1\x99\
F\xca\x01\x04?\xb5\x1f\xd1\x7f\x90\xdb`]lh\xaf\
\x83\xd8\x8c\x11\x11f\xf5\xd4ZI\xe2n\x83\x7f \xe4\
\x87\xe1\x0c\xe6\xb0\xb5&\xb2\xd3\xff\x88\x88\xe7_\xe2\x8e\
\xd6\xbf\xd7\x9d\xfa\x0e1\xcd9\x0fM\xed?\x8c\xe7\x9a\
qO\xebz\xe7\xc1\x83\x99\xf5\xfa\xbd\xb6\xe6\xfe\xc3:\
\x06\xebYC\xeb\x1d\xd8G\xd7\xe77\xdb\x1a\xfb\xff\xfa\
\xf5\xf9/\xcf\xfa\xf9\xdd\xfa\xc6\xcf\xe4\xeb\xbd\x8e\x0fy\
{_oUg\xee\x86\xfa\x0f\xdfAL\x00x\x06|\
\xfb44\xc4\x1a\x98\xf3\xd5y]\x8a~\x99\xfe\x03B\
,k\xb0\xff\x07\xbf\xc7\xda\xe7\xc2\xafy\xcfK\xce\x93\
iio\xea=\x1f\xb6F\xfe\xc3\xf9\xef\xe5\xcb]\xe4\
\x1cdj\xba\x11=y\xb2\x08\xdd\xb9\xf3\x17\x89'Q\
\xfd\xcc\xff}\xde\xb8IY\x10\x9f\xb4j\x0d\xa8\xfc\xa5\
\xd6?8\xb7\x02o\x0b\x0b?\x92\x98\x0dp\x9e\x83\xb1\
Q\xdb\x8f\x1a\xde\x832a-\x80\xdc\x92\xbf\xd2\xfe\xf7\
\xad>\xc9\x80\xc4\x0c\xa9\xcb\xa7\x19\xe6\x0c\xc4\xa3\xff\x95\
\xfb\x0f\xf1\xdd\xc1O\xb2\xbe\xf9\x03q\xf1k\xc6M\xf9\
\xd5\xfa_un\xf5#\xebA}e\x80\xce\x90\x8d|\
G\xad\xa6\xffEE9_bp\xd75\x06\xb4\xb4\x86\
\xfd\x14_\xe6\x1f\xd5\x7f\xd0iU\xc7\xed\xa9\xab\xff\x10\
G\x08\xfc\xcf~\xd5\xfe\xc3\xd8\x86\xb8\xf3\xf5\x9d\x85A\
\xe7\xdbRebN\xf1\xbf\xda\xef\xb3\xee\xb3p\xd7/\
\xb9H~\xc5\xfe\x83\x1e\x1f\xee;\xea\xeb?\xf8\x88B\
\x0e\xca_\xb5\xff\x90O\x13r\xdd\xd5W\x06\xc4\x0ek\
\xa9r\x10\xdcAA\xcc\xb4\xe6\xf4\x1f\xf2\xed\xd4\x8e!\
U\xcd{\xb8_\x8a\x8a\xb2l\xb1\xfb?\xc8\xb1\xb5e\
\xd8\xa6\xf4\x1f\xce;\x10\xf3\xa8\xbe\xf3\x93\x95\xd5\xa1\x16\
}\x1e\x82|\x12p\xc6\xabO\x97\x03y\x8c\xea\x028\
\xe7B\xfc\xad\xda\xb1\x03\xfe\x7f&\xe2\x22\xe7\xa0\xc6\xee\
<~&@\xdbLL\xfemP\x9f\x03\xb1\xb8`\xfc\
B\xde\x0f\xc8\x89\x09\xf7\x5c..J$\xd6 \xe88\
k\xe6\xe0\xa9>\x17\xab\xaaB\x8ejYrNji\
\x00\xfb0\xe4\xf0\x80\xd8\x1a\xba\xba\x13\x09\x9f\xea\x8aW\
P\x8d\xf0;\xc4F\xa9\xc6\x9a\xf1\x0a\xaa\xe3\x5c\xc0\xfe\
\x0e\xb1\x01`\x0f\x80\x9c 0\xa7Z\xaa\xbc\x1b\x13c\
O\xc64\xe8\xb5\x00\x9d\x9d\x15H,\xa4\xfaQ\xe1+\
\x04\xdeC\xec\x06\x88/\x17\x10\xa0\xfb9\x1f\xbc+\xd1\
\x8b~\x8f\xfcK\x14\x9a\x0dm\xda\xff\x9dFJ\xa0q\
\x22\xe6`\xd4\xa8\x19'bI\x9dq\x22|\xd0\xaf\xe4\
L\xcd9\xa8\xa4\xb4a\x89F\xad\x02 \xe72\xd8\x0b\
@<T\x88\xc1\x0b>\xd7\xf0w\xf3\xd0\x85\x94\x05e\
B\xae&N\xd9\xe6\xfc\x0c\x80\xbcS>>3\x89\x8d\
\x01\xe4orr\xea\x8be\xc5N\xc4/\x1dl\xb3\x9a\
\x82vv\x1d\x89\x9d\x86\xb3\xb38\x969\xa5\x90\xa7\xe7\
\x04\x92s\xb3\xb88\xa5\xd5\xd2\x07lW\xaaswB\
\xfc\x09\xf0Y\x87\xf8\x1b\x8e\x8e\xddY\xb2\xdd\xa9i\xc7\
\x04\xf1. \xff(\xd0\xbc\xa8(\x89\x94YZ\x9a\xd9\
*\xec\x06\x9a\x0a\xef\xdf\xeb\x10\xbb%Vi\x03c&\
;\xdb\xb3\xcd,\xa00\xa6\xc0\xae\x8d\x951\x04\xcf\x84\
\x86nmS\x1b\x0c\xac\xa9`\xe3\xc4*} .P\
\x9b\xda\x80+\xcbP`\xe0r\x96\xe9\x13\x1b{\xb9\x8d\
\xd1\xa7\x1c\xef=\xabY^\xa3\xe3\xe2\xd4(}(}\
(}(}(}(}(}(}(}(}\
(}(}(}(}(}(}(}(}\
(}(}(}(}(}(}~)\xfa\x94\
\x95\x15\x93|J`\xdb\x98\x98\xe8\x86\xd1\x03%%\xb1\
\x8e`g\x9a\x90\xe0\x86\xe2\xe3]\xea\x8c\x81P\x1b\xf2\
\xf2\xde\xb3T\x07\x94\xfb\xfe\xbd\x17\x89\x1f\xf53\xe9\x03\
\xfe\xed\xe0\x0fz\xef\xdeT\xa4\xa55\x9c\xf8\xf8\x80\x1d\
,\xc4\x05h\x0c\xab\xeceE\x89\x1f)\xc4\x84\xf2\xf2\
j\xd8g\x1a\xec\x94!7\x17\xc4\xe9i\xb8\x5cA\x12\
\x8f\xe3\xe1\xc3\xb9\xe8\xe3\xc7\x98\x9fJ\x1f\xb0\xff-.\
\xce%\xf9\xe5\xb2\xb2\xde\x91\xfc\xd9`#\xdc\x90\xfft\
\xf5o\xd0\xfe\x98\x18;\x12w\x09r|\xd6\xce]^\
\xbb\x1e\xb0\xb5\x96\x97\xe7j\xd0\x8e\xbb:\x8e\x15\xd8r\
C\xec\x8e\xda6\x16-a\xfd\x01\x1a\xd5\xceCY\xbb\
\x1f\x9a\x9a\x831=\xa3Y.\x13\xec\xd6al6F\
\xf7\x07\x0ff\xa1\x9c\x9c\xc4\x16\xbd>\xa7\xa6\x86\x90\xfc\
t\x0d\xc5\x9e02Z\xcer\x0e\xe4\xec\xec82\x07\
\xeb\xf3[\xfb?\xcd\x07\xa1\x94\x94\xa0F\xc6{\x19\xc9\
y\xce:}T9N\x1f\xe8\x8f\x86F\xff\x06\xe9\xf3\
\xe2\x05\xc4\xf3\xaadi\xfd\x87\xd8\x07\x8d\x8d\x1bX\xcb\
BC\x0d\x1b-\x0f\xec\xa6\x02\x02\x16\xb1l\x9f\x10\x13\
\xa3\xc4q\xfa\xc0z\x02\xbeh\x0d\xd1\xc7\xd2\xf2\x00K\
e\x05\x06\xea\x11\xff\xee\xfah\xf3\xff\xbc\xcb\xff\xb1\xe4\
\xfb\x05\xf1p\xbc\xbd\xa7\xb2L\x9f\x88\x88\x83\x1c\xa7\x0f\
\xc4\x06l,\x8e\x19\xf835\x060W\xae_\x97h\
p\xecT\xe5\x18\x9dF\xf2/\xb2\xc6\xbb\x00\xbc\xce\xf7\
f\xd9~\x0cb#\x95\x94\xa4\xb58\xfa\x80\xaf\xb4\xa1\
\xe1\x92F\xe7\x15\xf8\x10\xc5\xc59\xb10n>\xe1\xfd\
\xe05\xf2\xf1\x91f\xd9\xf6\xb0*\x87\x16\x0fz\xf3f\
+\xde\x0b#9\xe6\x9b\xd8|\xfaT\x227\xb7Ku\
\xe6\xdf\xfd:\xb7n;\xe4\xee\xaeZ\x8f\xac\x14\x83\xf7\
\xf8s(2\xf2\x18\x0a\x0b\xdb\x85\xe92\x9d\xc4T\xb4\
\xb4d\x9a\x9c_\x0d\xd0\xc9\xa9\x0f\x89\xcb\x16\x1e\xbe\x9f\
\x94\x19\x1b\xab\x82\xe5\x91\xec\x9fB\x9f\xd8X\x87z}\
5k\x8e\x1d#\xa3\x15D\xf6\xaa\x9b>Q\xa4\x1f\x11\
\x11\x07j\xe0!\xfc\xdd\x11\xb6\x10\xde\xad.\x07h\x04\
y\xf9JK?\xfep\xfa\xc0\xbb\x10\xa7\x95\x95\xbd\x1c\
|6[#\xb0K\x1f\x98\xdf\xd6\xd6\x87\x1b\x9cSU\
{y\xc7\x9f\x92\xb3\xfdg\xd3\x07\xe4\x17\x90c\x1a\x9a\
W\x80\x10\xdf\xb55\xc56\xe2\x04}22\x22\xd0\xcd\
\x9bC\x1b\xdd\xcb\xc1\x97\x94\x958\xb9\xbf\x12} \xee\
\x81\x89\xc9\xdaF\xd7c8\xb3\xc0y\xb6\xb5CS\xe9\
\x03z\x0d\x88\x09\xd7\xd8^\xee\xeaz\x11\xfd\x0a\xeeU\
\x8d\xd1\xa7*&\xe8\x08\xf4\xea\xd5\x1edn\xbe\xa5\xc1\
\xb8k\xd5\xcf\x83\xce\xa2%\xfb\xd0s\x92>\xb5\xb1*\
\xa6\x04\xd7W\xbe\xf5\xb5\x9f\x01=\x1a\xc4\xdd\x835\xbc\
\xb5\xd3\x89\x95\xf1\xf3\xe8\xd1<\xdcW#\xd2_\x88e\
\x0f\xb1\x85\x9d\x9c\xe4H\xfc\x1d\xd0C\x82?~]\xf1\
\xd8`\x1e\xea\xeaN\xc22\xb1\x11\x89U\xfe\xab\xae?\
 \xe7\xd4\xa7\xbf\x82\xb3\xa6\xaf\xafV\xbdq\x1c\xe1}\
\xd0\xa1:8\x9cmP\xe7\xf8\xab\xc9?\xb5\x01\xf6\xaa\
\xfa\xe2\xd9\xc0w0\xc6 \x16B\xed\xfc\x0dm\x85>\
U{\x9b\x06^\x9fx\x1a\x88\x7f\xfc\x1b>\x0b\xd9\xb4\
Y\xfa\x80,\xd8\x90\xdc\x08e=}\xba\xb4U\xc5K\
\xe5$}\xe0\xde\xc2\xccls\x83\xf1\xc3A>HM\
\x0dn\x93\xf4\x01\x00\xb9\xb0!Y\x01dGVt\xcf\
\xbf*}\xfc\xfc\xee\x10\xf9\xa8!\xf9\x11\xe2\xd4\xb4U\
\xfa\xf8\xfb\xeb4J\x1f\x0f\x0f\xb56K\x1f\xc8]\xd1\
\xd0\xfc\x02\xf9;0\xf0^\x9b\xa5\x0f\xc8\x92\x0d\xe9\x13\
!\xb6\x1d\xd8G\xb4E\xfa\x80\xee\xe3\xfe\xfd\xfa\xf3_\
\xc0\xf7\x10\x1b\x0e\xee\xef[\x0b\xe4\xe6\xbeo\xf4~\x90\
U\xfa\xc4\xc7;\xd7\x19\x17\xba\xe6\xdcj\xcc\xee\xa3\xa5\
\x01+\xf7\xcb\xac\xd0\xa7\xb88\x87\xc4\xcbm8_\xd2\
\x5c|\x9e\xcflU\xf4IK\x0bi\xf0~\x86\x15\xfa\
@\x9cd\x88\x17]\x9f\x1d\x08\x94q\xfb\xf6hb\x0b\
\xd1\xda\xc0\xdf\xffN\x83\xf6-U\xb1\xb2\xf7\xe13A\
!9\x7fW\xe5\x11\xcc#\xf6:\x1f>\x04 o\xef\
\x1b$\xce4\xd8\xfa\xd4\xb5\x97\xc3\xf7\x0f\x1e\xfcCr\
z\xb5t\x00\xf9\x1f\xd6\xd0\xc2\xc2,b\xab\x15\x10\xa0\
\xd3h~\x89\xaa\xfc\x22}\x88N\xb0\x1a\xef\xdd\x9b\x8c\
\xcfY\xc3H\x0e\xb3j\x1aV\xeb|\xaa\xff\xaf\xa4\xd4\
\x9e\xe4\x22rw\xbf\x82i\x99\xde*\xc6\x0a\xd8\xd7\x99\
\x99mAzz\xd2HKk\xc4g\xfb:ArO\
\xd30\x0a\x12\xbb\x8c\x9a\x08\xdfA\xac\xce\xcb\x97\xbb\x13\
}\xe1\x8d\x1b\x03\xc98\x825\xc8\xc1\xe1\x0c\x8a\x8c4\
c\xd9\x0e\xa1\xa5\x00\x9c\x9b\xc1\x0e\x12l\x04`\xaf\x01\
9\x84=t#v\x95`\xeb\x09g\xcd\xcc\xcc\xb7\xc4\
\x16\x13\xec\x14Z\x99\x9e\x90\xc6gk\x9864\x86]\
\x03\xb4\xa1\x91\x22)P\xf8\xbeqH7at\xaa\x19\
\x87T\xa3\xce8\xa4\xfapD\xa0\xcb\xd2\x0f\x87bJ\
\xfb\x16\xc1\x03\x0a\x14\xbe\x1bTT\x14\x93\x98\xb5\x19\x19\
\x96\x18\xad>\xa3\xf5wF\xab\xaf\xea\x82\x5c\xc7m\x15\
 \xc6\xab\x97\xd7\x14do\xdf\x15\x9f=\xbb\xe1O!\
dk+\x80ll\xf8\xf0'?\xf9?g\xb0\x03\xc6\
\xf6\xa4L\xb0\x7fvp\x10&\xf59:\xc2\x9d\xe2\xf3\
6=\xfe\xab\xf2N\xdb\xe2\xb1h\x83ia\x82\xcf\xcf\
\x1a(8x\x1drr\x12mR\x0c\xdf\x86\xfc\x0f\x80\
\xfe`{\x0eqH?|x\x88\xebzE\xea\x84|\
\xd7\xad9\xfe\xf1\xf7\xd3\x87\x95\xa2\x9c\x1c_\x12\xe3\xb5\
\xb9\xf4wv\x16C\xef\xdf\xeb\x92X\xdf\x14\x9a\xaaw\
\x0bG\xae\xaeC\xd8\x9e\x07\xb0\xd6\xa4\xa4\x18RB6\
\x03\xc0\xaf\x82\x1d\xfaW\xf9=\x8d#\xf9\xe5)\xb0\x0f\
\x89\x89\xda\x98\x9e\x5cl\xd1?0p)\xd9c(\xb0\
\x0f))O\xb1<\xc4\xcb\x16\xfd\xdf\xbc\xd9\xd2bs\
O\xb5\x16HK\xb3 r#;\xf4\x0f\x0b\xdbK\x09\
\xd8LHO\x7f\xc5r\xae\x84\xda\xf4\x0f\x0f?@\x09\
\xc8\x11\xfa\x0b\xb0E\xff\xef\xe1\x97M\xe9O\xe9O\xe9\
O\xe9O\xe9O\xe9O\xe9O\xe9O\xe9O\xe9O\xe9\
O\xe9O\xe9O\xe9O\xe9O\xe9O\xe9O\xe9O\xe9\
O\xe9O\xe9O\xe9O\xe9O\xe9O\xe9O\x81\xd2\x9f\
\xd2\x9f\x02\xa5?\xa5?\x05J\x7fJ\x7f\x0a\x94\xfe\x94\
\xfe\x14(\xfd)\xfd)P\xfaS\xfa7\x0d .W\
L\x8c=\x89\x8d\x5c\x85\xf6\x1c\xc2\xea\xf2l\xd1\xc7\x8f\
\xb1MjSFF$\x9bm\xb1E\x1f>\xf8\xd5\x1b\
\xbf\xb9%\xd2?2\xd2\x9c\xc4\x9eSU\xedEbA\
]\xb8\xd0\x11))u 9K\xaa\xe2B5\x05;\
\xe2\xf7;\x90\xd8P\x10\xa3\x0fr-]\xbd*J\xe2\
\x8b\xb1\x0a\x90\xd3\xf0\xee\xdd\xf1_\xe2K\xb1\x82\xffo\
sg\x92\xa3\xa7\xb4\xb4\xa0\xd5\xd0\x1f\xe2\x94U\xc7\x9b\
\x8a\x88x\x8e\x9c\x9d\x95H\xee\xbc\x9ay\x1bY\xc5\xea\
<\x86\xf6\xf6'Qh\xe8S\x14\x1b\xebHbPA\
|JV\x00\xe2\xc2\x99\x9bomR\xbd\xf0,\xc4\xeb\
|\xf6l\x15\x0a\x0az@\xe2\xe7\xd5\xe7'\xd4Z\xd6\
\xff\x9c\x9c\x04\xdc\x9f\x95M\xa6=\xc4\x8dKO\x0fe\
\xbb^\x88;\x0c\xe3\xb8)u^\xbd\xda\x1b\x05\x07\x1b\
\xb0\x14\xef\xbb5\xed\xbf))\x81$\xa6\x1c+c\xb1\
j\x0cviV.\x18\x88\xd3v\xed\xda\x1f,\x8f\xfd\
\xaaX\xf4Bd\xcc7m\xff\xed\xc0&\xfd\x7f\xac\xff\
\x11\xc4P\xd4\xd7\x9f\xde`\x9c\xde\xda\xeb\x0e\xbby\x8a\
 \x96-\xe4\xe1m\xca\xba\x03\xf1.!?\x07\xab9\
I\xab\xe8\xff\xb2\x19\xfe_\xfb\x7f(\xfd!F \xac\
\xa9\xac\xd0\xbf*&\xf0\x04TT\xd4\xf4\xfcp\xb0V\
;;+\xd6\x9bs\xa1>~C\x8c\xc7\xc2\xc2\xa6\xd5\
\x97\x96fJbg\xb0C\xff\xd0\xd0\x9d\xe8G\x86\xd9\
\x83\xbc&\x90K\x88U\xfaC\xccf\x983M\x85\xa8\
(\xeb\x06s\xef\xd67\xd7\xd8\xc9_\x90\x9cl\x80l\
l\xda\xb1E\xff\xe0\xe0\xb5$\x17\xef\x8f\xa3\x7f\x05z\
\xf9r\x17\xcb\xf470\x98\xdd\xe4\xdc2\xb0\xcf\xeb\xe8\
Ll\x12\xed!\x16*\xbb\xb9\xfc\xe2\xe2\xae\xb2\x1d\xf7\
\xc4\xd7w&\xc9e\xfb\xe3\xe8_I\xf2i\xb1J\x7f\
\x88+]ZZ\xc8r\xf9\x90\x07\x19b\x127E\xc6\
\xaa\xca\x15x\x00\xd3\xa1\x98\x8d\xfe\x94\x92X4\xec\xc6\
\x7f\x80|\xa5yyA\xbf\x0c\xfdAf\x84\xb3SS\
\xc6>\xe4\xb9\x829\xd3T\x80\x1c\xd5IIw\x91\x83\
\xc3o\xcd\x8a?\x13\x12\xf2/^c\xd3[=\xfda\
\xed\x865\xbc)\xb4\x87\x9c5\xa0_h\xa0\xc5d\x8c\
\x03\xad\x01!\x7f1\xc4C\xca\xcar \xf9\x88!~\
Ls\xe3\xff@nc\x88#\x94\x92b\x84\xf7\xfeX\
<\x87\xf3HL\x8e\xea:9\x19\x1f\xe2{\xd1\x1fb\
\xe4\xc3\xd9\xae\xa9\xb2\xa6\xab\xab2iS\xfdg\xe7\x8f\
\xe4\x8c\x14\x10\xb0\x98\xa0\xaf\xef,\xe4\xe66\x14\xd9\xd9\
ud;Gr]\x08e\xc1\x1e\xee\xec\xdc\x1fy{\
OA\xfe\xfe2\xb8\xbe\xa5(0p9\x89?\xd7\xb2\
\xe9_\x89<<\xae6\x9a\xbb\xb2\xf6\xd8\x87\xbc\xde\x8d\
\xc9\x9a\x10\x9b',l'\xa6\xfb?x\x8c\xce\xf9\x8c\
s1}\xe6a\x9c\xcfq\x84\xb2\xff_\xcf\x1cRO\
V\x96S\x8b\xa6?\xe8\x98@_\xd0\x94u\xe7\xfa\xf5\
\x01$G\x00\x0b-&kAyy\xe1O\xc1\x8a\x8a\
B\x22\xb3\xb7T\xfaC\x1c|}\xfd\xbfY*\xaf\x9a\
\xf6\xa0\xd7\x0c\x0c\xd4k\x93w\x15\x9c\xa4?\xe4\xe9\xb6\
\xb5=\xde`\xce\xaa\xba\x10\xce\x1f\xad)\x8f^K\xa5\
\x7fx\xb81\xd1\x955e\xdd\xb9{w\x1c\xca\xce\x8e\
Em\x158E\xff\xcc\xccH\xa4\xad=\xb2I\xb4\xbf\
|\xf9w\xf4\xee\x9de\x9b\xbe+\xe5\x04\xfdKJ\x0a\
\x90\xa9\xe9\xc6&\xc9\x9a\xa0\x87sr\x92\xe7\xe8^\xd6\
V\xe9\xef\xe3\xa3\x85\x94\x94\xf8\x9b$k>~\xbc\xa0\
\xd5\xe5\xc7j\x19\xf4\x9f\x87\xe5\xb0\x92/\xef\xc3\x9df\
cy\x97j\xd3\xfe\xda5q\x94\x9c\xec\x83(4\x9d\
\xfe\xa0\xc7\x8c\x8fw\xc1t\xf7&y\x8b@\x1f\xda\x94\
u\x07tA\x90+\x8bB\xd3\xe9_\xa5#\xe0E*\
*\xbfa\xecJd\x9d\xbar\xa954\xf6\xef\xdc\x91\
\x22w\x90\xa0\x17\xa5\xd0t\xfaW\xd3\xb16V\xe7k\
\xab\xce\xd9V\xdf\xbb\xa0\x93PW\xefG\xee\xb5\x82\x82\
\xf4[]\xde\xb2\x9fI\x7f\xa0\xeb\xcd\x9bC\x90\xa7\xa7\
\x1a\xb1\xf5\x81\xfc\x9b\xa0\xe7\x81{Ek\xeb#\xc8\xd8\
x\x0d\xd1\x1d\x83\x8d\x11\xe4\xe7\xac\x8f\x0f\xd5\xfcRT\
\xe4\xc5\xf3a,\xf2\xf7\xbf\x8b\x8a\x8bs)\xfd\xd9\xd8\
\x7fk\x9f\x7f\xe1n\x18\xf4\xce\x9e\x9e\x1a$\xcf%+\
e**\xb6\xc7\xbc[\x8b\xb2\xb2\xa2(\xfd9\xa8\xff\
\x87s-\xe4\xa8WP\xe0ain\x81\xde\x08l\x12\
)\xfd9w\xff\x05\xf3\xe1\xf9\xf3\xf5M:\x17@\xee\
LJ\x7f\xce\xd0\xbfJ7\xf1\x16\xef\x1bCY\x92S\
a\xdfx\xfd\xfa|\x9b\x89A\xfe#\xe8\x0f\xe0\xe6\xa6\
\xc2\x92^\xb4*Gn_b\x97G\xe9\xcf9\xfaC\
N\xe5\xabW{\xb1l\xe7\x08s\x80\xd2\x9fs\xf4\x07\
\xf9R__\x9a\xe5z\xf4\xf4\xa6\xe2\xbd#\x9b\xd2\x9f\
C\xf4\x07='\xe4\xa3f\xf5\x9c\x01\xf7\x97\xe9\xe9a\
\x94\xfe\x1c\xa2?\x80\xbd\xfd)\x96\xcf\xd9`\xff\x06~\
\x05\x94\xfe\x9c\xa3\xbf\x93\x93\x02\xcb\xba:\xf0\x0fx\xfb\
\xf6\x05\xa5?\x07\xe9\xff\xfa\xb5\x5c\x93\xe8\xff\xee\xdd+\
J\x7f\x0e\xd2\xdf\xc6\xe6?\x96\xd7\x7f\xf0\xf3HHp\
\xa5\xf4\xe7\x10\xfd\xc1\x7f\xc2\xc4d\x1d\xcb\xf4\x07_\xc1\
\xb6\xa0\x0f\xfaQ\xf4\x07\xbb6\xb8\xbbi\x8a\x9e\xaf>\
\xffFJ\xff\xa6\xd3\x1f\xee\x5cX\xf7\xbf\xe0B\x9e\x9e\
\xeam\xe4\xfc\xd54\xff\x0bv\xe9\xef\xe2r\xa1\x09~\
/C\xf0\xda\x13\xddF\xe8_N|q\xbf\xaf\xfe\xed\
\x1d\xcb\xfa7\xb8\x1f\xf3\xf6\xbe\xdef\xf4\x9fU\xfew\
\xab\xbf\xa3\xfe9\x9b\xd8\x06\xb1:\xf6\x9f?\xff\x97\xd8\
\xae\xb7\x15\x00_:\xf0\xa7\xfe>\xf7/\xf1xnm\
#v\xfd\xac\xd0\xfe\xd1\xa3y(''\x1e\xb5%\x00\
?~5\xb5>,\xad\x0d\x8d\xdd?\x02\x80o^F\
F\x04\xb9\x1f\xbe}{\x0cKt\x07\xfe\x18\x1b\xaf\xc6\
\xfc\x8akS\xb4\x87x\x0d0\xdf\x9bb\xf7\xa0\xa55\
\x0c\xf9\xf8\xdcD\xfe\xfew\x08B,\x01\xf8\xdb\xd5\xf5\
\x22\xb2\xb2:@\xe6\x87\xba\xba\x18\xb1/l\xec\xfe\x1d\
\xfe\x7f\xfd\xfa\x9f\xc8\xc3C\x95-\x9f\xe2\xd6\x04\xd0\xbf\
\x94\x94\x00\x12'\x03\xf4*p\x1f\xa2\xab;\x91\xdc7\
5\xd57\xb1\xea\x1e\xa5&~m\x83\xd2\x90m\x8a\x9c\
\x1c7\xb1\x1b\xd2\xd1\x19O\xf4AmA\xc7\x09\x10\x19\
i\x81\xcf\x94\x7f U\xd5\xde\xb8\xff]\x89~\x05\xec\
\x0e\xe0\x13b\xc0\xb0\x8aJJ\x02\xe4\x9d\xaf\xb1\xfaw\
A\x12\x1b\x06\xca\xbfr\xa5\x07Y\xd745\x07\x11Z\
?y\xb2\x08YZ\xee'\xb6\xa2\x09\x09.\xe8\xd3\xa7\
\x8c6\xb6\xd6|@QQV5\xd0\x9a\xa3\x18\x1dm\
\x83bc\xed\x89MbR\x92\x17\xb9?\x04[\x86\xdc\
\xdcDr\xf6\xad\xf2\xaf\xa8D\x14(|g\xa0\x86\x95\
?\x97\xf6\xfa\x94\x07?\x8f\xf6\x0c\x05\x0a\x14(\xfc$\
\x18\x84Q\x0e\xfe\xc3\x05\xff\xc4>\x7f\xcb\xf5\xcdsx\
\xad\x82@O\x09t\xd9ns\x90@yO\xc7\x00%\
\x01\x05\x0a\x14(4\x0epG\x5c\x5c\x9cLbq\x15\
\x16\xc6\xb5`\x8cEEE\x89$F\x18\x05\xce\x01\xc4\
\xc2\x0b\x08X\x84\x9c\x9d\xff@..\x12\x9fq\x00A\
W\xd7\x81\x9fq\xd0\x0f\xc4\xaa:\xab\xdb\xf0\xff6\xfd\
\x89\xbc\xbc&\xa1\x82\x82p\xca4\x8e\xf3\x7f)\xa6/\
\xd0}0\xf9tr\xea\x8b\x1c\x1c\xba\x22\x1b\x1b^\x8e\
\xc5\x9ckJl:kk\x1edo/D\xe2e\x02\
\xefa\x5c@\xbb V\x1d\xe5\xff\xf7X\xffS\xf0\xda\
\x9a@\xd6\xd7\xc2\xc2xL\xe3\x08\x94\x9d\xed\x8e\x92\x93\
\x1f\xa0\xb0\xb0\xddd\x1eZ[s5;\xf6cc\xf8\
\xfau/\x14\x12\xb2\x9e\xc4\xf9\xfc\xf8\xd1\x19\xe5\xe7\x87\
}^\xf7\x13\x08\x16\x17\xbf\xa7\xeb\xff\x0f\x1f\x1f\xa5\x98\
\x0foPh\xe8\x0edk\xcb\xff]\xf8\x0e1A\xfd\
\xfd\x17`\x9e;a\xfe\x16Q\xa2\xb7@(+\xcb\xc6\
c`\xdbwX\x07\xb8PP\xd0j2\xb7)\xb4l\
\xc8\xcb\x0b&r\x18;\xf1\xaf\xeb\x8f\x89\xdd\x0f\xe5\xe6\
\xfaS\xe2\xb6\x02\x80\xb59(h\x15G\xf9\x0f1p\
!\x064\x85V!\x0d\xa0\xb7oOr\x94\xff\xb0\xa7\
\x80\x8cA\xa1u@\x5c\x9c*\xe6\x1d7\xc7\xf6\xff\xb7\
o\x8f#j\xbb\xd5z 1\xf1\x16[\xf9_\xea\xc3\
\xe8h\x05J\xd4V\x04\xef\xdf\xeba\xfe\xf3qL\xf6\
\x8f\x8d\xbdD\x89\xda\x8a\x00tB66\xed9\xc6\xff\
\xb8\xb8+\x94\xa8\xad\x08>|0`+\xffZ\xdd\xc8\
M\xe4\x09\x0a\x94\xff\x14(\xff)P\xfeS\xa0\xfc\xa7\
@\xf9O\x81\xf2\x9f\x02\xe5?\x05\xca\x7f\x0a\x94\xff\x14\
(\xff)P\xfeS\xa0\xfc\xa7@\xf9O\x81\xf2\x9f\x02\
\xe5?\x05\xca\x7f\x0a\x94\xff\x14(\xff)P\xfeS\xa0\
\xfc\xa7@\xf9O\x81\xf2\x9f\x02\xe5?\x05\xca\x7f\x0a\x94\
\xff\x14(\xff)P\xfeS\xa0\xfc\xa7@\xf9O\x81\xf2\
\x9f\x02\xe5?\x05\xca\x7f\x0a\x94\xff\x14(\xff)P\xfe\
S\xa0\xfc\xa7@\xf9O\x81\xf2\x9f\xc2\xaf\xca\xffJT\
QQ\x8e\xb1\xec'by\xf3{Q\xc9\xd9>TV\
V\xb4\x09\xfeC\xdex;\xbb\x13\xe8\xc5\x8b\x9d\xe8\xe5\
\xcb]\x18w\xff@\xdcE\xea}\xfd\xfa<*,\xcc\
d\xbb\x0f\xe9\xe9a\xc8\xc6\xe6?\x8e\xb6?.\xeeu\
\x9b\xe0\x7fjj0\xbaqc\x00\xbapA\x00))\
u@\xf2\xf2<HV\x96A\xe7\xce1\xe4\x93\xd3X\
]\xae\xbc|;R\x1f\xd4{\xfb\xf6\x18\x94\x93\xc3^\
\xaa\xca\xa2\xa2ldl\xbc\x06\x9d?\xcf\xb9\xb6))\
uD~~\xb7\xdb\x04\xffKJ\xf2QR\x92\x07\x8a\
\x89\xb1C\x91\x91\x16(0P\x1f\xcfGYd`0\
\x07]\xbc\xd8\x99\xd0UN\xae\xf9\x08\xe5\xa8\xa8\x08\xa3\
'Od\x90\xb3\xb3\x02\x0a\x0az\x80\xde\xbe}\x81b\
c\xedQr\xb2\x0f*++bc\xcd\xaf@\x9e\x9e\
j\x98_\xfc\xcdn\x1b\x8cE=\xbdi\xb8m\x8a(\
\x22\xc2\x0c\xaf\x8b\xef\xdb\xc8\xfe_\xff\xbc\x0a\x0e6 \
k\x03'\xc6\xc0\xdd\xbbc1\xbf-\xf0x\xe3\x5c~\
\x0bX\xa3\xd5\xd5\xfb5\xab}\xf0\xee\xf5\xeb\x7f _\
\xdf[\xa8\xa0 \x8d\xca\xff\xb5 2\xd2\x0c]\xb9\xd2\
\x83m\x1a\xc3{\x9a\x9a\x83\xd0\xfb\xf7^\x1cmW^\
\xde{\xf4\xe0\xc1,\x0e\xf0\xfeO\x14\x15eE\xcf\x7f\
\xf5\x00\xac\xcb&&\xeb\x9aEg\x07\x873\x1cmS\
yy\x09\xb2\xb7?Id\x95\xe6\xf0\xfe\xf2\xe5\xee\xe8\
\xcd\x1bCz\xfeo\x04<=\xd51\xad\xb9\xd9\xa23\
\xec\xab\xa1\xa1F\x1cmOx\xb81\x96%\xba5k\
L**\xf2#W\xd7\x8b\xe4\xac\xc7.p:\xfe\x7f\
ll\xcb\x8c\xff\x1f\x1a\xfa\x94\xf0\x91\x9d9v\xe9\xd2\
o,\x9d\xa5X\x85\x8c\x8c\x08r^h\xaeL\xf2\xfc\
\xf9z\x22\xe34\x07\xde\xbf\xbf\xc7\xd1\xfc\x1f11\xca\
-\x92\xff\xb0?*+wj2\xcd\xe1yUU\x11\
<O\xfc8tV\xc9C\xe6\xe6[\x9a-\xeb\xdf\xb9\
#\x85\xc7Q\xf3s\xe7&&jq4\xffOT\x94\
l\x8b\xe4\x7f|\xbc\x13\x99\xc7\xec\xf0_M\xad\x0fJ\
K{\xc3\x11=\xa5\xaf\xaf6\xbap\xa1c\xb3d\xd1\
\xcb\x97\x7f\xc7\xe7\xbb\xe7\x1c\xa1Kl\xac\x0a\xc7r\x80\
B\xfe\xb7\x88\x88\x83,\xe9\x1d\x7f4$&\xba\x91\xb3\
;;\xfcWW\x17#kvs!)\xc9\x93\xc8\xea\
\xcdY\xf7\x15\x14\xda\x11Y\x14\xe4\xc7\xe6\xeb\x9b+\xf0\
\xd9\xe8?\x8e\xe6\xff\x0b\x0e^\xd3\x22s\xfe\x82~\xe8\
\xf2\xe5nl\xf1_C\xa3?\xca\xcc\x8clV\xfdp\
.\x7f\xfcX\xa6\xd9g\xbd\x87\x0f\xe7\xe2s\xe3\x07\x0e\
\x9dA>\xa1\x80\x80\xc5\x1c\xe5\xbf\xa7\xe7X\x92\x7f\xbc\
\xe5\xf1\xdf\xb3\x19\xfc\x17\xc7\xfc\x7f\xcbv\xdd \x9f;\
9\xc9\xe3\xb9\xcb\xdb,\xde\xc38LHp\xe5\x18M\
\xb2\xb3\xddp\xbb\xfap\x8c\xff\x80vv\x1d\xb1\xac\xa4\
O\xf9_\x03\xde\xbd{\x89\xae\x5c\x11i\xd6\x9e\x0fw\
\x0c\xde\xde7\xf0\x9a\xcd\x99\xdc\x9a\x90\xa3\xd9\xc7g:\
\xc7s\xbf\xc3Xrs\x1bJr\xbfS\xfe#L\x87\
\x18\xa4\xab;\xa9\xd9g=S\xd3\x0dx]\xcdi\x16\
\x0d**\x8a\xd1\xa7OQ\xf8,{\x15\xb9\xba\x0e\xe6\
8\xefk\xa2\xab\xeb\x00,s\xab\x93\xfaZ\x82<\xf0\
3\xf8_Z\xfa\x09\xbdz\xb5\x17\x97\xc3\xd5\xacu\xff\
\xd6\xadQ\xe4~\x985\x1e\x17\xa1\xac,G\x94\x9a\xfa\
\xfc3\x1a\xe3\xf5\xf8>\xc9\xcb\x19\x12\xb2\x01\xcf\xcd!\
\xf8\xbc\xc7\xcb\xd15\xbf\xbeu\x00\xea\x81q\x16\x1c\xbc\
\x0e\xc5\xc4(\x11]CJ\xca\xb3/m\xcb\xc8\xb0D\
ee9\xbf,\xff\xe1\x1e\xb29\xf7\x8f\xd5\xf7\x8dM\
\xd1=\x82\xec\xe5\xe99\x8e\x9c\xe9A\xaf[\xa5\xdb\xe1\
!\xfc\xb0\xb4\xacB\xf8\xff\x8f\xc2\x9au\x82~\x18\xda\
S\xd5.^,{\xf4\xc3\xb2l\xd0/\xc9\xff\x94\x94\
\x00t\xf3\xe6\x90f\xad\xfbp7`k{\x1c\xcb\xe9\
\xc5M\xb8\xeb\xc8\xc1\xf2\xc6Y2\xe7BB\xd6\xd7\xc0\
\x0d-\x00k\xb6\xe7_\x14\x1e\xbe\x1f\x15\x16\xc6\xffr\
\xfc/,\xccBFF+\x9b}\xd6{\xf0`&\x96\
\xd3\x92\x9a\xacc\xaa\xac,%{}EEI\x8b\xc7\
\x1f\x95+\xfeG\xf1\x1fl\xf8\xdc\xdd/#E\xc5\xf6\
\xcd\xe2\xbd\xbaz_\x8e\xde9\xb4u\xf8Q\xfc\x07[\
 \xd0\x177g\xee\x83-\x90\x87\x87Z\x8b\xd4\xa3R\
\xfe7t\xa6ND\xf7\xefOo\xf6\xba\x0f\xb6\x80E\
E\x1f)\xd3Z\x11\xff\xcb\xca\x8a\xb1\xacv\xb4\xd9\xf6\
\x1cZZ\xc3\x89=+\x85\xd6\xc5\x7f\xb0/PQ\xe9\
\xda\xac\xb3\xde\xa5KBX.~D\x99\xd5\xca\xf8\x9f\
\x9e\x1eJt4\xcd;\xebq\xe3\xf3\xf1!\xb6l\x88\
)\xfc<\xfe\x17\x17\xe7\x12\xddls\xed9\xf4\xf4\xa4\
QNN<eT+\xe2?\xdc\xc5\xc0\x9d\x0c\xdc\xcd\
4g\xdd\xbfzU\x14\xc5\xc4\xd8R&\xb52\xfe\x83\
M\xc9\xb5k\xe2\xcd\xb4\xe1l\x8f\xdc\xdc.\x11\xbd\x01\
\x85\x96\xcb\xff\xac\xac\xa8\xaf\xca\xcb\xcfOA\x8f\x1e\xcd\
k\xf6Y\xcf\xc8hE\xb3\xfc\x06)|\x7f\xfe\xab\xaa\
\xf6$~D`C\x08:9@k\xeb\xc3\xcd\xb6\xe7\
\xd0\xd2\x1aF\xee\x09(\xb4\x5c\xfeW\xcb\xe6p\x8f\x07\
\xe7\xb3jTT\xe4m\x96\xcc\xa7\xa8\xc8Gl\xf7A\
o@\xa1e\xf3\xbfz\xbe\xd6\xc6\xe6\xf0\x1f\xf4D\x9a\
\x9a\x83\xc9\xd9! \xe0\x1e\x96/\xde5\xcb\x8f\x83\xc2\
\xf7\x9d\xff\xca\xca\x82d\x0d\x00\x04?\x02\xf8[II\
\x80\xc8o\xc0\xcb\x9a\xbe\xdb\xac\xd6Q\xfd\x0e\x94\x01c\
\xc1\xca\xea\x10\xb1S\xe5\x84m/\x05\xce\xee\xff0G\
\xe1\x8c\x16\x1dm\x83\xa2\xa2\xac\x89M_x\xf8s,\
\x17<D>>\x9a\xc8\xd1Q\x16\x99\x99mF\xfa\xfa\
\x7f\x93\xbb;X\xdf\x9bRW\xf5\x9ar\xf5jo\x22\
[ddDR\xa6\xb5`\xf9\xbf.\x80y\x0b\xf76\
\xa9\xa9!\xc8\xdf\xff.9\x1f4\xd5\xd7\xa3\xfa\xd9\xdb\
\xb7G\xe3\xf1eB\xf7\x84V\xa0\xff\xad\x0f\x0a\x0b?\
\xe2uC\x87\xf8\x8e\xb3S/\xd8\x0c\xfb\xf8\xdc\xa4\xfb\
A+\xe5\x7f5\x80\xcd>;\xfe\x9eU\xf6\x7f]\x91\
\x9f\xdf-\xaa\x1fj\xc5\xfc\x07\x00\x9d\x01;\xba\xc2j\
\x99\xe0\xed\xdb\x97\x94\x89\xad\x98\xff`\xe7\xe6\xe5u\x8d\
\xad8?\xd0\x06\x1d\x9d\x09(;;\x962\xb2\xd5\xf2\
\x1f|\x00S\xc9\xf9\x80\xdd3(\xc4\x98\xa3\xfb@\xeb\
\xe5?\x00\xc8s\xec\xe8\x8d\xabc\x10q\xc2\x0f\x99\xf2\
\xff\xe7\xf1?--\x84\xf8\x93\xb3\xb3\x06\x80\xef7\xdc\
7Sh\xbd\xfc\x07{\x11\x03\x83\xd9D\xef\xd7T\xfe\
\xc3;O\x9f.E\xa5\xa5\x05\x94\xa1\xad\x94\xff\x10'\
\xd8\xd2r?[\xf3\xbfz\x0f\x00\x9fR\x0a\xad\x93\xff\
\x00nn*l\xf9\x84V\xeb\x03\xe2\xe3](C[\
1\xff\xfd\xfdu\xd8\xb6\x1d\x80;'\xd0\x0bSh\xbd\
\xfc\x0f\x09y\xc8\xb6\x7f\x98\x82\x02\x1f\x0a\x0a\xbaO\x19\
\xda\xaa\xf9\xff\xa8Y\xfc\x07\xbfr\x0a\xad\x97\xff\x81\x81\
\xf7\x08\x1f\xd9\x8d\xf9\xd9\x9cx\xaf\x94\xff?\x9f\xff\x9e\
\x9e\x1al\xc5\xa2\x85\xb6\x80\xfd\x09\xd8 Ph\xad\xfc\
\xaf$q\x9f\xd9=\xff\x81mIZZ(eh+\
\xe5?\xf8w={\xb6\x9am\xfd\x0f\xdc\x1f@|\x09\
\x0a\xad\x93\xffyy\xc9\xe8\xd6\xad\xd1l\xcf\x7fX;\
h\x5c\x80\xd6\xcb\x7f\xc8Q\xc3n\x1cbh\x7f\x5c\x9c\
#e&\x1b\x90\x98\xe8\xf1\xd3\xf9\x0fw\xb766G\
\xd9\x92\xfba\xed\x07_!N\xe6\x9eiK\x90\x90\xe0\
\xc2\x96\x7f>'\xf9\x0f1\xc4o\xdc\x18\xc8\xa6-`\
w*\xf77s\xdd\xbdx\xb1\xcbO\xe3\x7fYY!\
\xdb\xb1 \xc1\xbf\x00\xf2\x1bR;P\xf6!\x22\xc2\x94\
\xd8b\xb3\x17w\xb9\xb9\xf1\x9f\xcb\x89\xdd\x07;\xb1 \
\xe1\xf9\xc7\x8f\x17\x12\xb9\x91\x02\xfb\x00\xf6\xf8\xec\xda\xdd\
4\x87\xff%%\x05\xc4f\x03\xd6ovx\x7f\xef\xde\
d\x0e\xe5\x9eh\xbb\x00\xe7%\x1b\x9b#l\x9f\xb9\xd8\
\xe1?\x9c\xf3!_\x9c\x99\xd9\x16\xe2+\xc6\x8e\x0f\x08\
\x9c\xf5\xa9\x7fp\xf3\x01r7hk\x8f\xfcN\xfc\xaf\
\xca=\x0d\xfb\xfb\xa7O\x99\xc4\xbe\x0b|\xc2LM7\
\x2255\xd1\xaf\xf8\xd9\x94X\xef\xf0>+>G\x14\
\x1a\x86\xac\xachdl\xbc\x9a\xed\xdco\xd5\xf9\xbf,\
-\xf7!''9b\x83[\x8d\xe0\xf3\x07\xfa\x98W\
\xaf\xf6\xa0g\xcfV\x22]\xdd\xc9\x9f}\xff\xf8\x9b\xe4\
#\x5c\xed\x07\x0a\xf9\x84A7\xe4\xe7w\xa7\xd9\xb1\xde\
\xdb\xd6\xfa^N\xce\xc5\x90\x0b\xed\xd3\xa7tb'\x9f\
\x98\xe8N\xeeY\xee\xde\x1d\xc76\xef\x1b\xf3\xff\xae\x89\
M\xf1\xfd\xad\xf9\x0e\xfc\x0d\xe7\x12\xd8\xe7\xdd\xddU\xa9\
m\x17[s<\x8a\xe8F\xee\xdd\x9b\x8a\xee\xdc\xf9\x0b\
]\xbf>\x80\x9c\xf5\xe5\xe4\xb8\xbf\xf0\xe4Ga}y\
\xb9\xe178\xc7A\x0eB\xd0Cij\x0e!r\xbd\
\xa3\xe39\x92\x9b\x0e|\x03(\xb0\x07\x90\x1bAGg\
\x22\xbav\xed\x0f\xcc{\x09\x82\x90\xf3\x19t-7n\
\x0c\xfa\xee\x08\xbe\xfb7o\x0eEZZ#\xf0\xfa=\
\x86\xf8\xea\x80\xec\xf6\xf0\xe1|\xb2/\xbcx\xb1\x03\xef\
\x13\xa7\x89\xffOX\x98\x11Y\x9b\xb2\xb3\xe3H\xde\xf2\
\x1f\x15\xff\xfaW\x06\xd0\x8b@\xec]X\xf7\x81\xae?\
\x1e\xe3QNN\x02\xc9\xe7\x0cq\xa1>}\xca {\
\x11\xf0\x17\xe4B\xea\xc3M\x81\x02\x05\x0alC\x02%\
A\x9b\xe6\xfdN:\x06\xda$$\x02\xef\x19\x0a\x14(\
P\xa0@\x81B\x9b\x03\x95\xc52\xb3;\x09\xf4\x12\xc0\
\xff\xed4w\xce\xcc\xa5\x0c\xc3\xc5\x00\xf2\xf3\xe1\x8f\x7f\
\x8f\x18\xee\x80\xbf\x0e\x1e\x91Y\xce\x15\xf8\xe0\xc4\x1d\x86\
\xe9\xfdr\xee\xcc\xbf\x97\x9f|\x97\x15s\xea\xd0\xf2\x08\
\xdd\x919\xd96\x0e'\x9e\xd9I\xdc\xe7\x95\xd7X\xfd\
'\xcft\xb95~[\xfc\xc4=\xcd\x0f'\xce\x1b-\
\x1c\xa5\x92?@x\xe0\xe1\x01cnx\xff\xd97\xc5\
\x7f[b\x9f\xbc\xc7\xd7{\xbc\xee9\xe9\xb6\xf6\xa9\x1b\
\xda\xdb\x87<}\xea=> _\x8bW\xa4w\x07U\
.^\xc9\xc8[\xb36u\xef\xe9&~\xffU\xd8\x99\
\xb83\xb1\xfd\xae\xefs\xca<Z4\xc1\xa4\xacb\xf9\
\x12\xcd\xf9#J\xa3\xf5Je\xb3mR\xee\x9dQ\xd3\
X\xca-\xfd\x87\xdcl\xaeh.1A\xf1^&\xa5\
\x5c\xc6<f\x02NQ\xd3\xe7\xbd\xe5\x8f\xf7d\xba\x1b\
\x1d\xe8\xf9[\xf2\xc2\xa1r\xed\x954\xf3\xa6qE?\
\xb3\xfdk\xa6\xe6\x89@\x81\xc1\xdb\xfbEf\x0d\xb40\
\x90\xed\x7f\xb1=\xd7%/Y\xc1\xb0Nb\xe2\xc7D\
\x98\x99c=\x181\x8bQ|\xcc\xb5\xab\x13^\xe4\xaa\
?\x5c(<E\xa5]\xe6\xd8{\x83\x18i~~F\
YHh\xbaS\xffv\xaa\xd7^wJ\xd2A\xdd\xa7\
\x1b\x1e\x18\x1d<\xc1\xa2+s\xc6\xd66\xe7B\x8f\x8d\
3\xa5tW\x9e\x9b|J\x82\xb9\x94/s\xf6\xc9f\
\xa7\xdd\x22\x87z\xf2Ewn?Yf\xa0\xbd\xcc\xc0\
\xf2\x11=\xb8G\xf4\xb8\x1c}@ir_\xfcO\xb3\
\xf8\xec\xa0\xdc\xd3K2?9\x16\x9d\x08J\x92\x8fK\
V\xf0Lk\x97\xa4pd\xf8P.\xa1EO\x82\xc3\
c\xae\xae\x1e\xdd!\xb2b\xc8\x89G\x0eb\xfd\xe5\x12\
\x9c\x0eM\x12\xcd\x99\xa8\xcbo\x1b3\xa8\xf0\xf4\x92\xbe\
\xfc\x9b\xceJ^\xbasH\xe4\xc6\xfcy\x92\xe6\xd6\x22\
\xc2.\x9b\x97\xb7\xe3\xc6?\x1a\xa9k\xfcs\xcd\xb8\x9d\
\x5c;e[\xd4\xa3,\xaf\xcb\xf9\xb7\xfb\x13\x86\xa8\x8f\
\xd9\xba\xc6ku\xf7-O\xbb\x9d\xde2\xea%OJ\
x\xb0d\xfc\x09\x9b\xc5\xe9\xf9\xf7\x07\x88z\x14X\x8c\
\xf631r\xd11\xdfz\xd8\xf5\xd6(\x91\xa4\xa2g\
S\xb7\x0c\xd9\xb4\xe66\xff\xd1\x97\xa6]\xd0\x99\xa8\xb1\
n!\xbb1\x19r\x17\xf0)>\xed\xc6w}n\x81\
GR\xaa\x9ag\xb0\xb0\xfaV\xc9\x9b\xdc\xc3|7\xc8\
k\x0c\xdf\xd9\xdex\xb3\xd8\xfb\xdcM\xf3\xe6v\xe8\xbe\
\xe8\x96\x5c\xd4\x93\x05\xce\x0f\xd2\xf7,\xe7\xe36Z7\
\x97w\xc0\xc01\x5c\x12\xcc\x1b\x0b\x0d\xcba\x7f\x86\xec\
.\x90\xb81\xfe7\x95M\x1bW\xf5\xd80\xed\xb8`\
\xefwQ\x87\x1fZ\x9dH\xed\xe8/f}\xdc\xf5~\
\xfcq\x1b\xc9W\xc6\x82'\xc2\x22\x92nt\xeatk\
\xfd\x9a\x0eO\x9c\xdbO>z\xea\x94\x9e\xc0\xb0Gn\
\x09\x8eS\xcb\xcb\xfd\xc7\xe5\x1a\xf4\x99thH\xd7\xe0\
?\xda=\x7f%8\xf1e\x85q\xa1v{\xee\xe29\
\xe7\xa6\xf4\xbd5\xa9\xc7\x95g\xcf\x126\x09\x05I\x0c\
:\xd7#\xfeU\xe1\xf1\xc9/\x0f\xf4\xb1<vt\xd0\
\x94k\xa2\xca\xf2>\xd2\xf1\x97M\xefhiJ\x0e\xef\
8\xd8w\xba\x8f\xd45\x9fm\x1a\xa3\xfd\xff\xf3\xfc{\
y\xcc\x07A\xab\xfbRBNS:u*Nw\xb9\
pk\xc9\x86{\xe8\xf8\xe2\xbf\x17W\x8e\x0e\x8a}>\
\xe2laIJ\xae\x87\x8a\xb0\x8f\xcc-\x9fMB\xe8\
TQ\xcc\xad\xe5\xff\x0af\x08\xf8l\x9e\xab\xa2\xba\xbd\
\xff\xee;\x97\x1e/M]4 \xb8\xe7\xd5\x07[7\
1\xb3KKsd\x16uQ+(L\x0c\x8d\x17K\
L+(\xb3\x9aX2\xd91A\xec\xd6\xea\xb5\x97\xdb\
\xf7\x18\xee\x92\x92\xe2\x97 \xdc\xae\x94I\xc6\x93\xcbT\
t\xaa\xea\xa2)E\xa2\xa7\xb7\x98\x97_\x94\xd3\x14\xe9\
'\xb09)e\x9a\xba\xb7\x84\xc4\x9a\x92\x81IiR\
\xb6[F\x89\xa6~\xf4\x08O\xf24\xbf\xef\xd0\xe7\xa0\
\xce\xe4\x09G\xcfJ\xc7*:%\x1c\x8a\x17^\xf6d\
\xcb\x8ae\xc2\xbd\x22{\xeb\xbf\xd8\xf5\x1b\xa3\xa5Y\xfc\
B{\xa3\xc7\xa2\xe3\x99L\xde\xb9\xc0\x89\xa2\xcc\xf0\xa2\
8u\xdb\x90\x10\x9d\xb33\x87\xe9z\xe0^\xd8\x87\x86\
+o\xcc\x8e\xba\xe8\xb0~}I?\xe6\xd5\xb0\x05\xa6\
\xc6nES\xcb7\x9f}\xe98\xf5\xbc\xde\xfc\xb5o\
\xb6(y\x09q\xeb\xe9L\xed\x13\xbb\xe4\xdd\xacOv\
\xff\xde\x9av@t\xe5_\x7fm\xce\xd2+\xefp\xcf\
\xb6\xe2x\xf4\xe2\x95\xc7\xb3x\xd4#\x5c$\xcdL_\
\x08\x17\xbd\xce\xe1\xae\xcc\xee}\xf0\xdf`\x93\xceWe\
\xd7\xb6c\x18?CC\xe9\x15K\x96\xc8.\x12\xe05\
\x9a\xd1\x7f\xf2\xcb\x93\xa3d\xf3o\x07\xc6\x07~\x08\xbc\
\x18\x98\xe6\x177\xaa\xa3\xfc\x98\xe0A}\xff\xb5\xeb\xbe\
\xe8`\xcce\xd5\xedOG\xb4\x1f\xfcx!\xa3YR\
a\xd8\xe1\xe2\xecs\x8c\xaa\xe1\xc8\xe1\xee\xd3\xe2N\x0d\
\x94=\x94\xa2k(\xc0\x97\xdf\x8b;x[Wu\xa9\
qIe&&\x99\x1d\x22u\xc6r\xc5\x1f\x9b8j\
j\xb7\xa51\xaa\xf6G&\x88\x16'F\xdb\x14\xa7y\
NS\x9b+!q\xaa\x93\xfc\xc9!\x17<\xd7\xad\xcd\
y\xa3;i\x85\xb6|\xb7\x90\x01\x8c`\xff}\x93n\
\x1e\xdb\xbe\xbeOe\xe0\xfa\x13\xf7'\xeaM\x11\xeb/\
ykA\xe2:S\xc7\xcbq}&\x1b\xda\xb6{x\
i,\xe6\xc0\xd6\xb3S\xc3\x16.\xfeP8xYN\
L\xd4\x81\x19AI\xde{\xf9\x8f\xce2(\xf6\xb0=\
\x16\xf9&\xec\x11~Ln%\x97P\xde\xe9O\xb7\xd7\
>sz\xd2\xbbw\xae\xf6\xb8\x18\xcd\xb8^\xfc\xf2\xe7\
tuO\x16\x87\xad\x0a\xd6[`4\x82+\xf9\xf6J\
\xae\xc5\xef\x8fGM\xc4\xd5\xe6|\x9au\xc5\xcc\xcc\xf6\
t\xaa\x89\xb7\xfd93y\xed.\xa2N\xea\xc73\x17\
\xaf\xe7\xf6\x19c\xc2\xed\x94q\xd4\xc5\xec0\xc38E\
>\x10/\xf7\x7f0\xeb\x94\x9e\xf0\xe65\xdd\xef\xed\xde\
\xef\xde{\xe0\x22(\xe8\xdaJ\xae\xf8\xe3\xe3\xad\x0f\xf4\
\x95S\x0f\x8f\xd8zj\xff~\xd93\x5c\xd3\xf5\x0dL\
\xbb\x00\xd54w\xc3#*\xf8\x91\xd1\x82\xcf\x15\xdb\x8b\
\xc5\x1fO\xfao\x5c,\xbf\xf6\x98\xa1\x1d\xc7\xae\x9f\xd0\
?g\xfa\xba\xdec-\xad\x9eU=\xb3I\xd0\xd4l\
\xbe\xd3\xc5\x01\x0b{\x9d><PO\xf8\x98\x92\xf4\x9f\
}=\xd5\xe3N*:0w\x83\x860\xed\xb4\x05\xce\
,\x9a%&7)==o\xda\x98\xa5\xfc\xc6\x93\xce\
\xde\xda\xca5\xf6\xfe*\xc6\xf0\x80\xdc\x8e\xa9R\xbb\xbb\
\x9e-\x91\xfd{\x1e\x7f\xc1?\x06\xc5\xe7\xcb\x0a\x9fN\
=\xeb\xc3c\xc2-\x17\xf0\xd7\x8b\x07\xdc\xaf\xdc\xdd\xe7\
\x9d\xe6\xda\xdb\xa5\xcf\xf4\x9dRF\xb6\xed4\xb7\x0a2\
Wo\xb6\xe7\xdeel\xb8\xb8+\xd3\xde\xd6\xeeT\xef\
M<\xf8\xab\x09\x9dx^\x0c\x1dzS\xf5\xca\x9fK\
\x07\xef;[\xb4>LB_t+\xb3\xeb\xc0\xe9S\
\x13t:_\xbc\x1e\x18\x1b\x1e,\x7fr\x80\x01.`\
\x86 \xe3\x1f\xa6\xec:c\xd9\xc3\xfc\x85\xfc\xa2\x99i\
\xcei\xce\x7f\xc3\xd3[\x98]\xcf\xa3\xb3g\x8f\xd7;\
\xc8\xaf&\xb2aJjL\xa5\xec\xe7\xafG\x8c\xb7\xbf\
b&`~\xb4\xd7\xec\xb2\xd2\xe5\xdarG.q\xe9\
O\xd0{\xa3\xb2\xc5t\x95\xf7\xd2\xddK\xe7\x89\xf6\x13\
\x01\x8a\xf7\xe7\x93\xfb\xa0\xd3\xd93H\xbc\xff\x909\xde\
6\x8c\x81(\x8f\xf4\x7f\x9d\xfb\xe3\xb5O\xf3\xdc\xd4\x1e\
\x1dz\xc6\x880w\x84\xa7;\x19\xa4\x8e\x12\x93|\xe9\
\xfb\xdb\xaa\xce}\x1d\xe0\x1b\xb9\x10\x13\xc71Z\xbc\x9d\
\xc6\xaa?\x10\xdd\xcctcn\x0e\x14\x8b\x0b\x12\x85\x87\
o0!\x02'rr\xc7\xeb\x96_W\xddR\x1e\xb3\
'\xe0z\xd7\x0e\x17\xde\x1c\x9eq`\x9c\xf6\xee\xde\xee\
\xf8\x01\xdf\xd5\xdd\xc5\x05f'\xfa\x96\x7fi\xe7mo\
\xfd\x91\xd7\x16\xe7'(\xcb\x1fv\xd6O\xef\xba\xb8\xf3\
(Fj\xdc\xady\xf7\x07\xf6]5Z(\xe5\xf0x\
\xbcz\xaf>\xd6a\xd0E\xfc\xf2$\xe1+\xf7W\xcd\
\xea\x22=\xaf[\xd9\xd9\x19C\xbb\x06\x1b\xba3A\xd1\
v\x15\x15\x22s\x06\xe4\xc7\xf1ht\x15\xber\xe5T\
GI\x1f\x5c\x80U\xb6_\xcf\x87\xdd\xa6\xf0\xde\x9at\
<3\xe8\x99\x97\xd4\x1e\xfc\xdd\x8ey\x13^\x8e\xd0S\
P\x91\xee\xfcD\xd8w\xcf\xde\x15\x98(\xaa\x5c\xfa\xe6\
\x01\xbb\xba\xd9\xc9\xe8.\x0d\xa90\xedt\xd1\xdc\xd0v\
-\xae\xcbS\x84\xe9\x15u,=4HAT\x80[\
\x7fw\xe2\xccP%W\xa3\xf9\xd2\x13<\x98\xa0\xc8\xec\
.}g\x8a\xdf\xf4)K)\x9d\xd27z\xccV\xe5\
\xac\x13{,y\xf8\xe4\x1e\xbf++3\xff\x10t\xbf\
|c\xc5\xf0\x8e\xf3\xf7\xee1\xdb\xe6\xd2\x0e\xf7p\xf2\
&fW\xba{EY\xae\xcc\x89\x13\xb1<N\x19\xc7\
\x93\xe6\xe7\x7fx\xbaF\xe5V\x9e\x1a\x97\xfe}\xe1k\
\xfc\xb2\x96{WUn\xe4\xb1\x1c\x16=j\xbb\xc0G\
\xe3g\xcb0S\x84\xf9\xe4\x94em\xff\xdbY9\x1b\
=\x9ayJ\xf2\xd2\xc1\xe8\xb3/B$\xbc\x06\xbd\xc6\
$x{\xba|\xbc\xac\xf5\xb93\xb1z\x15\x1d\xfb\xe7\
\xac\x1a\x17\xa3\xb4n\xcf\x1e\xcc\xdf<\xcc\xdfk\xcfW\
\x0b\xaa\x8f\x1d\x97\xb4\xed\xfcyY\xd3J\xad\x0b\x932\
2r\xc3x;\xc2\xaf\xb8\xa3*'\x07(\x0e\x5c\xbb\
6\xc7'\xc1Uzj\x04\xf3r\x98\xd4\xf2\x95\x89v\
V1\x8f\xf7\xf1t]z\x91K_\xfe\xe1\xee\xc4\xf3\
\xfb\xa2/\xf5\xcb\x8a\xbc\x16\xd7E\xabk\x92\xcb\xe6\xc9\
\x0eG\x92\x83\xc6\xbe\xdf6I&\xac\x93\x99\x9d\xfc\xb6\
\xae\xcf\xc6\x1dp\x1bcb\xe2ukG\xa5m\xe5\xd2\
\x07\xc3\x84\x9c\xde\x0c]\x95\xe8zc\xe0\xb3\x11<\x83\
]\x98\xc5\x86&v\xbd\xd5\xff\x1a\x97d\xe3p\xe6b\
xl`\x92\xf7\xc6%\xcb\x95v\xae|\xee\x867\x0e\
#_i\x81QL7\xcc\xab\xdc\xe8X\x87\xe2\xd8\x0f\
\xfe\x91qa7\x8b\xb8^{o\xf5\x88\xd7\xfbh\xcd\
\xd3\xef\xee\xc4\x15\xc7\x06\xcf\x19\xc5'\xddWW\xc5\x1d\
\xdaY\xec\x1d\xa0\x1b\x19\x14\xabvt\xc0\x8d\x88gS\
\x99a\xba\xe3\x7f[\x14#;\xa9\xbbj?S[\xd1\
\x87\x5c|\xd2\x9d\x1f-\x10~b\xb0$3-s\xa6\
o\xb0A\xb1\xa9\xebEs\xbb\x17\xc2iGO\xefz\
8m\xe3\xc0\xd7\xdb\xef{e\xb8\xf7\xf8\xe0\xe7\x1c7\
|\x8d\xcb\x0a\xd9\xd4)\x82r\x9b#,*\xb4$$\
B\xb4.l\x1b\xa0\xb8k\xc8\x85\xd8\x99\xdcO\xf8\xda\
\x1f\xc6;\xf9\xfe\x98\x98\xc87oU*bbRE\
DDN?;\xb8M[\xf7\xec\x94\x0f\xbd\xfb\xaeZ\
\xbd|\x99\xe2\xebu\x16\xedN\xc4\x1cR\x0c\xd9\xef1\
g\x9a \x83\x97J\x99\xa4\x9dv\xc7\xef\xbbd{\x96\
\x9c\xc9\x993x\xf3<\xd8\xea\xb6\xdf\x99\xb3m\xf4\xa5\
Go.\xfdy\x03\xf73X{\xc1\x83\x91}g\x1f\
\x14\x97w\x9c\xc9}m[W,!\x88\xbc\xf5\x1f\x18\
7\xb0b\xb1\x01\x173N\xf3f\xc2\xfc\xffR\x12\x17\
\xed\x0c\xfcg\x96\x98\xbem\xc8\xc3\xfe|\x8c\x5c\xe5L\
\xeegk\xd7\x8e@\xd36\xec9\xfdq\xce\x09\xd9\xf7\
\x07\x7f_\xb5\xd6W\xe1\xd0xI\x07{Q\xbd\xdb\x13\
\x84\x01oX\x1b\x8d\x5c\xcf\xcd\xb3\xc9\xedf\xb4z\x86\
\xb5\xb4\xc7\xa1E\x7f\xbc\xcf\xdf\xec\x5c\x9ckmu\x9f\
\xab\xdfSS\xcf\xe2\xc5s\x8e\xf9\x1a2\x92\x8c\xc0U\
\xcd\xec\x98\xa8\x1e\xa7&\xdf\xda\xb0R9j\xc0\x22\x8f\
\xd9\xe9\x19\xa3\x9e\x18\x09p9z\xcf^%\xcf\xb5X\
ZIH\xa4\x87\xe0\x03\xf3\x07\xdc\xf3\xf7\xec13\xb6\
\xec\xfeb\xc8\x90\xf1\x17\xf5\x9e\xf7\xe4\xd1\x97\x13a*\
O'L?{.X\xdc\xbaO\xe70\xff\xfbK\xe4\
\x02\x95\x94U|\xcb\x83\xe5w\xaf).\xb9{0q\
\xceF\xbd\xf4\xc7A\x83\x9c\xfb\xcai\x0e\xca-\xc91\
y4\x7f\x94\xa5\xe1\xae]2\x95\xa7\x04\xfb\x9ba>\
\x04\xbe\xb4\x14\x7f\xbaK\xbb/#'\x04\x94\x85\xc1\x97\
\xa4~N\xb5\xa8\xec(^*\x18,\xed}<\xb0\xcb\
\xfa\xbd\x8c\xb5\xf7\x02>\xcc\x83\xdc\xfc\xf5v\xa1S;\
\x09q\x07f\xc5\x5c\x99\x15\x16V\xfc\xce\xe5B\xfa\xbb\
\xbf\x0d\xb8\x0fr)o\x1f\x96q}Z\xd1x\xdd\x93\
\xfb\xde\x8e\xf636^n\xb1\x22b\xc2\xfe\xbf\x16\x9e\
-\xfa\x14\x91[j\xbeu^\xd4\xdf\x17\xd4\xb9\x0e\xfd\
\xfeXS+\xd1\xfb\xf1\x80v\x0e\x1b^\xf5\x17k'\
SX\x94\x14\xfc)#\xf8\xf7\xabF#:\xfe.\xc9\
\xe7\xb4\xa2\xb48\xf4i\xf1\x95\x92\xfc\xb0E\x02\xa3\x05\
\xa5\xfaM\xb9\xfc\xc4r\x9fM\xbc5o\xf0\xcdM\xcc\
\xbf\x123\xf8aO^\xb9@\xa7\xb8\xf2\xec\xf9\x15\x0f\
\xdd^\xef\x8bS\xeb\x11\xf5n\xb9\xf6\x05\x81n<\xf1\
\xbd\xb0\xf8\xb8:&T\xc9\xfc\xbeF\xde:\xf99\xe2\
\xf2\x9ew\xef\xe6\xca,RO\xb7X\xcc\xb5\x85\xf9\xd7\
\x00O\xc3\x1c\xab\xf9ZN\xf7OOW\x13\x8a<W\
*\xb5r\x7f\xa4dAw\xf1\xe0\x15\xb8\xec\x8b#\xfd\
u\xafL\xbb7va\x85\x89\x9cPq\xf2\xbd)\xc5\
V\xb0\x0f+\x09\x08\xf2\xc4O\xecf\x13sr\x8b\xbb\
@\xf4\xe2\x0d\xcf\xcb\x837M\xbc\xe1<m\xdf;\xa5\
iG\x8f\x1a\xe2V\x0b\xf19\x1d\xdb3h\xa4g\x92\
\xaf\xb6\xab\xe9\xe9q\xeb\xfb\x1f\xb27\xed\x82\xf7|\x83\
I}W\xad\xef>DHPn\x98\xf5N\x0f\xc1\xb3\
\x9b\x03D\x93\x1d\x18\x11\xbe\xca\x8c\xa0\xfe\x93\x1d\x8e\xed\
\xad<\xd1\xfd\xb1\x82\x1b\xe3\xc5\xad\xbd9\xfe\xee|\xad\
M\xc1J\x1d\xd2=y\x1e\xbaMC\x09]\x8a\xb3\x9c\
\x15\x8d|\xa7\xf3\xcaqiH$\xcd\xe8o|`\x8f\
\xcb\xad\x07\xe2\xc9\xea|e[FM\x0e\x8f\xf6\xb3\xe2\
K\xb3\x10a\xd6\x1c\x8dz\xef}\xf2P\xb08\x7f\xd8\
\xd0\xec^|\xc7\xefMV9x0\xda\xb00kV\
H_\x1e1_\xc7#o\x16\x16\xef:\xe7P\xba\x8e\
\xab\x7fN\xf6A\x87\x0b\x1b\xed?i\xa5_\xd7\xf0\xc0\
o\xae\xcc\xfc\x04\x92\xd7\x00-\xad!\xfd\xba-\xd81\
\xba\xb8p\xafi\xc2\xd5\x1b\x03Wh_\x90rg\xbc\
\xe4'l\xf5LLx4?\xe1\xf0\x90\x0d\x07\xfe\xe6\
\x7fYT\x10\x1f\xfcaG\x81DW\xdc\xa8^[\x98\
\xf7^;w\xfa\xbb\x9c\xbf\xfb\xd7\xfcS#\x19e\xf9\
\xb8\xd7\xf9\x9d\x1d\xe3\xde\x09L\x15y\x98?\x8a9\xe2\
\x96t4\xf1\xdav\xdfC[W\xdc\xcc\xcbev\xaf\
9\xf9\xf8\xd5\xef\x19\x9d\xfb,]\xdf=D\x90G\xec\
\xe2\x80\xdf{l\xc5U\xbbL\xd5\xcb\x9b\xad8\x05\x8b\
S\xeb_\xf7\xf5,-\x83\x9a]\x18/s,2$\
\x0d\xed\xd8}\x97\xb9\x9c\x97\xa5Z\xe7r\xd7\xc7\x0b\xe7\
\xdc~\x9cn\xa11@\x84\x99\xb0\x83_\x1e\xa4O,\
\x0f,\x95\x1d\xca\xf4\xcf9hw<aZ\xac\xec\xba\
ck\xe6\x08\x0b\xcaM\x1e\x94_f^\x1a\xben\xd4\
\x08\xd1\x95S\x07\xdd\x9a\xf3\xc4\xfc\xb4+\x9f\xfd\xb1\xd2\
\x97\xf8m>\xeba'\xef\x0d{\xfe\xdcc\xdcA\x1b\
\xde\xf3/\x8egm_%\x160\xb8\xff!\xc3\xaa\xc5\
0\xe5|\xc1l\xfeS\x93'\x94\x19\xaajF\x06\xbd\
Q|\xf3\xb4\x9b\xa9\xd4\x1a\xf1Q\x05\x1f\xbd/\x87,\
\xd5\xdc\xbey#?^\xf2\xce\x1d\x0e\x10\xdd7\xe1\xb8\
 2?c\xf5n\x14\x97\xab\x93o\xfb\xce\xf1\x17\xa3\
,\x13\xeeZE_\x7f\xa1>wm\xf7\x95}&*\
]up\x90\x5c\xae.\xaf\xdau\xe9\xbcv\xba2\xc6\
\xba\xe3\xbal_\x13Y\xaa\xcb\xa51[V\xbb\xa3\xfa\
\xc8\x8dj\xeb\x9f\xc8l\xde\xb8J;D\xc8lXG\
d\xbd\xbd#^+\xd5\xd7\x0d\x5c\xe8\x13\x93\xc2\xc8i\
.\x9e\x5c:\xcah\xce\xe0\x17c\x9f(Ny1\xf9\
\xee\xda\x95\xca\x03W\x1aK;%-\xa9\xdce\xb6\xf7\
\x90\x90\xba\xf1Fu\xe1ks\x02\xa6z\x88\xbe\x0d(\
\x9f\x87\x22\xdf\xfe\x1e>\x88g\xdbp&\x92gq\xbc\
\xfa\x93E\x9eZI\x9e\xb9\x05Z\xc3\xf7\xf4\xde\x22\x12\
y$S\xc4\xf1\xc5n\xe1\xca\x5c\xb5I\xf1~y\xeb\
TG\xf4\xcf\xb19\x9cdf\xfc\xb0]bf\xac\x9a\
\xa6$\xd7\xc3a\x1d\xaf-\xe0\x9b\x92&%\xf3d\xe9\
\xf8\xdb\x0b\x1e\x0c\xbd9=T\xea\xa2c\xa6A\x85\xe5\
\xe6\xf19\xf6\x9d\xdb{X\xc7\x88d\x1c7\x08Ir\
\x16\xd1\xee\xb8\xf9\x89\xf0TW\xb9\x19\x97\xfe\xcb\x10\x93\
\x98\xac,\xbf\xc7t\xdc\xd0\x85\x9b\x98A\xf1R\x82\xe5\
Y\xd7%\x22\xb1 \x14\x11\x15\xc5\xe5\x8e\x0f\x5c\xdbR\
d\x86\xdd\x93\xe4*\xfak\xec\x8eOq\xc7z\xf39\
N\xde\xec\xb2\x1d\xbdV\xd5\xbctw\xc0\xe9\x90\xdd\xa2\
W=\xcd\xcfmb2\xce\x9c\x0ez\x17q\xf1\xe3\xf2\
=\x05\xbc\xf2\x9a\x83\x0e\xdb\x8d\x9a\xd6\xcd%/d\xa9\
_\x97\x0b\x92\xee\xd9\xb3o\xfb\xf2\xbev\xe5\xd2\xde\xfc\
~\xff\xec=|r\xe2+f\xcdZ}.\xc3\xa48\
\xf4\xbf\xc0\xfb{\x0f-\x8e\xd1\xfe\x97\xdfm\xe9\xe0\xc9\
\xc1!\x0aoo\xde\xdc5hd\xe0\x19a\x9d\xe9b\
\xa9G\xc5S\x8f>\x08Oq\xc5\xe5\x9c}\xf4\x98\xef\
\xe0,\xf1bw\x15\xe1\xe2\xb0\xa7\xcb\xc6\xeb.\xe8.\
+4G%w\xc3\xc8\x8f='u\xd7{n\xe4b\
\xfc@\xbc\xb8\xdb\xc8\xa1\x81\xa3\x98\x0bw\x06\xc8\xb8\xcd\
\xb8\xd2\xc3u\xb1\x83\xdc%\xa1\xf1Aa \x89K\xde\
\x9a\xf7tDG\xc6i\xaf\xc8j\xa1\xceIeo\x9e\
$\x8d\xc3\x9b\xc1\x9b$\x0fg\x13[\x99\x08g|\xd2\
\x10\x9d\xd4\xfd\xf5\xedq]\x90\xd4\xfe^\xdd\x95]}\
\x16\xc9\xcaq\xe9Go\xf4\xd3SW_\xa8k$\xab\
\xa5\xbf9\xbe\x04\x0b\x16\xf8\xb0\xb7\x5c\xfb\xbd(\xb7S\
\xf9!\x91i\xfb\xf7\xb9\xa1;\x13\x7f\xdf\xfa\xefs\x85\
\xde\xc3\x8e\xf2\xcb\x9b\x86\x85'\xee\xbcz\xd5z\x94\xc8\
\xf2\x18\x9d\xff$\x99n\x1dOM>y\xc4]`A\
\xcf1\xff\x94\xf4\x88\x92ZX\x1e\xe8\x7f7w\xed\x19\
\xbbt\x8b\xb3r\x81\x929\xab\xfe\xfa\xab\xd8\xb9 m\
\xd0\x12\x87ve+J\xa3\xad\x0f\x17\x1f_\xdfG\xc1\
(\xe2\xa25\xc3'\xc7\xb7c\xc5\xca\xc4\xe0\xed\xbe\xf1\
\xfe.~\xcf3\xc4\xdb\xc9t\x11\x8c\xbf\xf6a\x87N\
_\xd1\xe5\xeb\xb5:\xda\x9a\x1a\x09tY\xa8s\xcb\xea\
o\x8b\x0cq\x89\x0fJ\xd3O\xda?\xef,\xdb\xc9\xb6\
\xac\x87\x0b\x13\xe4vn\xccN\xd8\xe8V\xc6v\x94\xdb\
\xbci\xeb\x99I\x8eV\xa7\xc6,\x08\xb3\x92\xe8\x91\xeb\
\x9e\x9b4j\x8c\xc8\xf2\x8d\xcf|\x0f\xf5\xe4s\xdc\xb0\
\xee\xca\x9daS,|yM\xb8\xa5\xc3L\x97]4\
\xbd\x16\x95\xe0\xe4:_{K\xac\xf5a\xb2\x80\xbd\xfe\
\x18)\x9fR\x94\xbd\x0a\xd7\xd8+#W\xff\xe9\xcb\xe5\
\xc7\xc6\x8cX8O\xaa\xdb\xef\x09\x01\x16\xa3\xc3\x86\xdb\
\xfc\xe9\xc0-\x9d\xb0O\xb2\xcft}|tO\x7f<\
@\xb3\xb8\xc2gg\x87\xce\x03n\x9c\xb4\x7f\xc4\x8bE\
\xef\x15\xda\xc9\x0a\x1f.LO\x91\x19\x11\x12\x84I\x96\
|G}\xd5\xae\xdf\x99\x95\xddS\xc6o\xec4\xf8\xd1\
\xd8u\xbbM\x8cM=W\xf5\x18\xb1\x1c%w\xe7>\
3iR\xee{\xe5NxG7\xf2\xcd\xe3\xbaqv\
j;)\x07\xd3\xbe\xc1B\xfc\x86\x07\x5c\xb6\xef\xfe\x9d\
\xe9\xe9\xbb\xb4+\xf3X\xd3L\xaa\x03\xc3\x15\xbf\xb7c\
\x8fD|L\x0a\x8d\x13\xe0\x97\xdfY\x94\xe9\xbcH*\
\xfa\xb8\xbdKV\xf8\x91\xe5\xe7\x94\x5c%\x17g\xe4?\
=\xe0\x01/\xed\xf6]zD\xc2\xf2\xe1\xf22\xb5\xca\
S\xf3\xceM\x85\xf5W)qK2\xcf\xfa\x9eo\xdc\
N\x8c\xdd\xef\x82g\x19n\xa4\xe8\x1fc\xda\xaf\x88H\
\xd92Y\xf9\xfe\xb9\xa2~A\xc3\x98\xae\xb7U\xaf\x0f\
5\xdf\xbd\xe6\x9d\xc9\x8d\x13o\x8as\x8b\xcb\xf0\x0a\xba\
\xf4\xdcMa\xee\x81\xa5e\xb9^\xa5\x9fR/\xbb/\
\xd7N\x9e2\xf5\x22\xcf\xac^q\xdc';\xf1l\x0e\
{m7T\x7f\x053s\xd9\xd3\xf2\x81\xb6Bs\xd6\
u\xef\xda\xeb\xe3\xfd\x13\xe8\xea\xb8\xc47cv\x18\xbe\
\xf6\xe9\xc9\x17\xdeo\x82\xc2\x93\xb1\x07\xfb\x9evX\xc5\
s\xa0\xff\xcb\xbe<9\xbd\x94-\x03+\x03\x1f\xe3\xb7\
\xba\xf9\xcf\x08\x5c\xad\xa5\xc5\xb3~\xea\x13a\xf5\xe1\x1b\
\xd5<|\xe6}\xea/&Q\xb9=j\xec\xe4\xd7\x07\
\xf5\xd2-\x18\x91;\x1b\x9eeu\x18[\xee\xf3\xfc\x09\
\x13\xbb>\xc8\xe8\xc2\x94\x5c\xeb\xeb#O\xbf\xb3\x08\xc2\
g\xbe\xa9\xe5\x1d\x8d\x86\x0ew\xbf1t\xa5\x98\xa13\
\xb7\xf85rT\xdd\xbah\x95v\xba\x85S\xffv\xf6\
\xbd\xf46\x8dp\x95[\xf7\xe9\x86\x0en\x22\xef$\x83\
%\x12z{\xd7v\x0f\xd8u\xf4\xfc\x19G\xf5Ew\
\x95G\x06\xea\x99V\x1e[\xdd?(\xfc\xad\xcaA\x87\
R\xa3<\x07>^\xe5\xee\xa2\xc17\x97]\xba\xef>\
Y\xea\xc9B\xe6\xcf1\xb7uF,<6W\xeb\xd1\
\xc7\x17\xa6r3\xf8\xcf&}\xb8knl\xb9\xb2\xc2\
\xe0o\xbcx\xee\xdf\xef\xe3\xc9\xa3$\xb4f\xa3\xf3\xa0\
\xbb:\xd3\xbb\xb9M7|\xb7\xdcl\xdc5\x91w\x96\
\xf3\x96\x04\xab\x15\x14\xee\x19\xd33u\xfa\x10\x1e\xae\xb3\
vO;\xdc\xc4[z.3X\x02N\x99#\x7f?\
 )\xae\x1f\xac]\xc4\xad\x9a06]\xe6n\xaf\xbe\
\xe9Y\xee\xb9sf\xaea2\xa7\xfd\xf7O\xd4a\xb9\
\xdf\xe6\xef\xdd\x9b\x1bw\xd0\xb1g\xe7\xb0U\x8e\x09O\
]\xe2N\x7fZ\xb1o\xea\xf1\x05k\xc6\x1cut\x11\
\xe8/\xc2\xacJ*j\xdfE\xfcA\xbac\x88dP\
x\xcc\xd5\x18^\xb3u\x01\xda)\xfe\xae\x03\x1f/\x5c\
v~\xa8X\xbb\xd8\xac,\xf7\x88\x08c\xe7IS\xa6\
\xec\xb9\xa3o\xc9\xcd\x1be\xf9b\xf7o\xcc\xc1\x13\xc7\
\x13\xe3Nd\xaf|\xa7,?\x93{Z\xb4c\x9f\xc3\
\x9dRxtL\xbc\xb2<n,\x5ch8r\xe82\
\xd9\xa1\x92\x16\x09\xa9\x11\xe1\xc6\xce\x83\x17Ft\xd1\x9f\
\xbf\xac/\xb3\xde\x5c\xa4\xef\x86\xd7}g\x9f9\x13\xa6\
v\xa4\xa3<h/\xfa\xbd\xb4\xdc\x93\xbf\xc1\xc9\xdd\x0f\
\x0b\x0d[\xb1\xd0\xf0\xc4u\xf9\xb2\xfe9v<\xeds\
\x22\xf6\x86\x0f:syF\x84\xccn\xe6eQQ\xd2\
\xd0\xd7\x15\xc37\xec\xd9\xbb\x0c]\xea(\x8de\x0e\xa3\
\xab\xbdsu\x17\xde\x15\x0a;\xb4%\xe8\xed\xd4\xb0\xc8\
K\x81q'\x0dJ70\x0c\xbf\xfc\xc6\xac\xb7\x8a#\
\xed\x0b\xba\xc6~\xcc\x5c\x1e\xd3\xcbV`\x1e\xb7\xd85\
\xef\xf8\x0b\x15e\x87\x8b^\x04&\xae:Sh\xf8\xdc\
\xb9LI\xfah\xf1\x94\xe2\xb2\x8d'\xb9L\xfa\xf4y\
\xb7\xe0\xdc\x14=_\xc9\x9c\x22\xabh\x05\xde\xb00<\
q\x95+,M:\xe9\x15'\x8f\xcc\xad\x08_Y\xc8\
'\xa0\xa4q\xead\xe1\xcd\xd1\x0b\x05\xff\xbc1~\xaa\
\xa4\x5c\xd6@\x99xw\xcb\xb1R\xfd&\x8c\x96*\xda\
\xa88\x14\xf1\xae\xe9\xee\xa3\xf8w\xf4\x9aU\x17o\x1e\
;vk\xfd\x1a\x95\xc3\xceb\x97\xa3\x0f\x98\xdc\x9bf\
:\xe9(\x7fQEiD\xaa\x8a{\x81\xe1#MI\
A\x9e\xff\x8c\x8c\x0e\x1d\x9c\xc1\xf3\xd1\xf0\xd9\x8c\xf5s\
;p\xafq\x5c\x7f\x8d\x99juf\x9clp\xf0}\
\xcf\xc3z\xab\x14m\x12$7\xdc\x9e\xd6O\xc2(\xe2\
\x94\xbd\xaaq;\xe9\x13\xc3\x94?\x18\xcc\xbe&\xb5\xb0\
Jk\x87\x87\xe69\x95v\xb6[F\xe9\x5c\x9ay\xe8\
\xec&\xa6\x0f\x0fO\xaa\x8ag\xff\xe1\xf3K\x0e\x8c_\
\xb5\xed\xe4\x05\xf1\x8b\xae\xf2\x16\xd2L\x98\xb3\x98\xd1\x8c\
\xfe\xcby\x15\xb1$\xb0$\xf3\xd3\x03\xaf,\xe5\x884\
\xa57\x92\x8b3?%\xce\xb81\xc0\xf9n\x8a\x95\xd3\
\xca\x83\xd1\x97\xf0\xda^p\xc7S2Z+O\x9ay\
\xe3\xeb\x1b\xbcz\x89\xbc\xb7\x84\x04>\xfa;\xed\xbf1\
`}\x91\xc1\x02>\xe9\xe3\xdb\x92\xef\x9e6{\xd2~\
\xe3\xd94\x09A\xd5\xc9\xb3\xfb\x95\x88\xdf\xab\xb8 Z\
\x22\xd1a\x89\xc8@4g\xdd\x05\xb9\xc1\x122\xb3\xc5\
\xc7O\x91\x94\xeb\xd3\xa7O\xbf\xe2\x12/s\x99\x91#\
g\xe7W\x14\xa5La\x1cm7qY\xf6\x9d\xa6\x16\
\xf7\xeaU\xda\xb2\xa8\x04\xdb\xa3\xb3\x0cR{\x89\xbay\
\xfc1\x9b\x19l~6o\xdb0\x93\xa7\xf2\x1b\xb5\x8f\
\xbf\xfbw\xa5l\xc7\xae3\xae\xec\xb1?\xe1\xa2\xae#\
\xa2\x9c[\xa9\x97?n\xc20\xa9\x94~\x81^\xa3\x1c\
V\xb5;u\xa0S\x9ead\x86;^\x22C\xb54\
SG\x0d:i\xf9\x22c\x80R\xf7\xbd#C\xca,\
\x8e<\x1d\xad$\x17\x986\xd3\xc3B`\x07\xf7L\xcb\
\xdbK]2\x8e\x0eY\xe7{\xf0\xc0\x8a\xdf\xfbn\xb0\
\x14\x8c[m\xd5y\xf0\x9b\xd0\xbc\x22\x8dk]\xfb\xae\
\xdf\x98\xf0\xea\xa9q;\xa7\x97\x16\xa3'\x9f\xc8vX\
;\xfc\xd9#\x85\xb8\xe4\xe9\xe6.\x7f\xc5O\x9b\xb4\xb7\
\xfb\x0eM\xed\xbd6\xd6\x1d$C\x97\x0d\xcb=\x9d0\
X\xee\xe6\x91L\xf1\xa1\xafU\xcc<\xc7\x14<\xee5\
8\xf9\xd8\xc4\xc3\xf9\xbf\xef\xf3\x5c(\xa5\xf0\xc7\xa8\x1a\
\xaa\xe5Q\xcc\xa5}\xaa\x5c\xd2\xdb\xb6\x0a2\xe2\xbd\xb7\
2BoEx\xe4\xbc<\xbe\xd2>\xd3G\x9a\xfe\x88\
\xbe\xc2\xf6\xb9Om;\xf4xt\xd07\xc0\x1d\xff\xf5\
(\x7f\xee\x8e\xb9O\x8f\x95\xfd#\xc9\x18\x8a\xcd\x1d\xbc\
yO4\x8f\x99\xfe\x09\xe9\xab\x9b\x98\xc5\x7f[0\x0f\
\xff\xea,\xa7\xba}w\x9f\xc5\x7f\x880\xcb5\xfe\x94\
{\xb8\x1d\xef`\xb3\xb6Ke\xdfW\x85\x07F?\x9a\
\x19-\xb5b\x5c\xd2\x83\xa5K\xc5\x1f\x1d\xaezi\xde\
\xba\xee[l\xefm\x9a.\xb6{\xcd\x9c\xd4w\x8e/\
\xa0\x5c\x09\x10\x04\xff\xc1\xdb\xf4[GC\x8f)\x9a\xbf\
\x092C\xe6,y\x13:\x91\xb9\xfeXE\xf6j\xd4\
8\x05.i\xde\xa7\x93t=\xe4vsO7<\xe0\
\xc3+\xf1h\xe6\xce!\x8fl{jC\x0b\x8f\x0e\xbb\
\xe6\xa4\xef\xb1j\xb5\xafEP_\xf5gx\x03\x1d\x85\
Kt\xe8\xa9\x22fP\x22\x16\xe5\xb8ky\x99\xb74\
.o<\xcfm\xc1\xf0\x13'\xe0\xf7,Q\x11\xa7\x9e\
\xfe\x07yp\x93\x0f\xc9\x9e\xff \xb8\xb6\xac\xec\x95\x03\
j\x8f\xd7\xb1s\xc1\x83\xc2u&\x18\xd8Jh\xbb\xe1\
\x82\x8fL\xbe\xe6\xb4l\xb6\x9a\xd8\x1aF=r\xe9c\
\x95l\xd1\x09\x0aV\xed\xdb\xaf\x18\x97\xfc\x00\xbf))\
~[\xb0\xef\xa9\x94>\xfb\xfa\x89\x04\x95\xa5O\x9b\xce\
\x9fyuf\x8e\xf6\x99\xa2-\x1b\xa5\x8cl\xff\xea\x01\
\xef\x1f\x1ar\xdbMq\xff~\x10\x00\x8d\xee\x1e9\xa6\
\xe4\xb4w\xca\x14\xebl\xffq\xe6\x1f\xfczf\xf1\xf1\
^\xd0\xe4\xcd\xf1\xe0~\x1b\xae\xbf;\xf1\xe6\xc7\x03\x93\
\x8f\xbd\xe7\xdf\x90\x9d\xb1,Fg\xef@\x89y\xd1\x07\
&/^\x7fu\x9a\x9e$\xd7\x8dsS\xc3\x86s;\
1b\x9d$\x94\xf5\xee\x1fLMs6\x95\xd1\xf3\xc8\
pp\x981\xb2\xb2\xdbt+$\x10\x1d_\x94\xf4\xd1\
|\xeb\xe1U\xa7&\xf4\xba|Y\xe8\xf8\xc4\x9b\xaf.\
pIO\xf8cT\x81\xd7\x88\xe1\x12\x01\xd3\x8e=\xd2\
\xf4\x9a\xa3\xa2\xb4}s\x90\xd4\xe1\x017]\xecT\xda\
\x15v\xee\xbce\xd5\x9f\x0a1\xd7\xf8e\x06\xdc\xd0X\
\xaavG\x18\x19+\xb6g\x94\xd6\x8fX\xd0\xb1\x9d\xe4\
\xb8n\xd3\xb7J^\xf2\x9e\xdaoH\xcc\x01%\x1d\x99\
\x93}:[+\xc9\xf5wk\xbfg \x83\xff\x1c\xff\
bq\x0f>&yA\xb4Tn\x0a\xeel\x99\x13#\
\x9aR\xe1\xe7\x124)\xff\xf0\x9b\x99~\x16Bc\x16\
\xba-\x14\xce>\xd7gv\xd4\xdc\xf3\xa3v\xf61\xf5\
\x94\x8c?1\x1e\xfe\x8d\x11\xb4\x16\xe4\xe9\x1c\xaf\xc3h\
0\xdc\x9d\xdbW\x1e\xf3\x10\xf4\xeb\xccgZ\x96\x14\xf6\
i\xca\xae\xd0\x17\x8c\xbd\xf0\x95\xcd\xd9\xc9\xffd\x05V\
\xde^/S\xdeQ\xf4`\x88\x85\xc6\xcba\x05\x8f\xdf\
d\xb7w\xe5-\xd6\x95q\xb3(\x10\xd1\xe4\x92N7\
\x176\x12\xe4\x91;\xe2\xc1H\x06\xa7\xb8\xa6=\x10\x1f\
\x9fy|{\xe0}9W.=\xd7\xc3\x15Hh<\
\x9f\xf4\x84?\xb9\xf0k\xbc\xe6R+\xfb\xff6]?\
4Y\xe1\x8a\xa2\xdc\xcc\xa3S\xc6\x0bk\xd4\x9a\x05=\
\x99\xd2\x15\xe3\x14.i\xa6\x8ec\x8cW\xc4\x08\x88/\
\xddb\xa2\xb1t,w\xf1(\xb9\x0bF\xebf\xcc<\
\xf5F \x9e\x8b\xc7)\x8a\xe9\xcb\xe4\x0c;9IZ\
\xea\xdd\xa7\xad\xa9\xff\x9eg\x9c\xa2P?\xd1(\xed\x8f\
A\x0ak\xee\xc1\x8d\xdf\xdcY23\x9fO\xdf\xa4\xf0\
?\x17\x9aw>\
\x00\x00\x05\xc8\
\x00\
\x002yx\xda\xed[Yo\xdb8\x10~_`\xff\
\x03\xe1\x87\xa2\x05\xb2\x95-\x1f\xc9\xba\x8a\x8b\xcd\xd1\x8d\
\x01\xa7Mjo\x9a\xb7\x80\xb6\x18\x9b\xa8D\x0a\x14\xd5\
\xd8\xf9\xf5KQ\xf7aY\x96\x8f\xb8\x80\x83\x00\xe69\
\xc3\xf9fH\xce\x8c$\xed\xf3\xdc4\xc0/\xc4lL\
\xc9y\xad\xf1\xb1^\x03\x88L\xa8\x8e\xc9\xf4\xbc\xf6\xdf\
\xe8\xcb_g\xb5\xcf\xbd?\xff\xd0\x1c\x1c\x8dj\x89Q\
\xa2\x0dh\x13\x03\xdav\xef\x16b\xf2\x03\x13\x9d\xbeh\
\x8a\xd7\xe2\xf6\xbd`}\x8a8\x90\x0d\xe7\xb5\xfbhP\
\x0d\x10h\xa2\xf3Z\xac\xc5\x9d\x004\x8bQ\x0b1\xbe\
\xf0\xfb\xa7\x88\x9a\x88\xb3\x85\xd7\x0b4\x86&\xdc+\x02\
m\xde\xabk\xca<\xa8-\xdc\xda\x22\xa8\x09\xc6|\xd6\
\xeb\xfc\xdd\xd6\x14\xaf\xe8\xb7\xcf\x10\x9e\xcexO=\xeb\
h\x8a_\xf6\x08+!eM\x09\xd6\x90\xbb\xa2\x17\xb9\
\xda\x11\xe6\x06\x0a\x16es&\x90\xea}\xa7&$#\
\xda'\x1cM\x11\xd3\x14\xbf9\x8ff\x0a\x97\x1f\xb2\x1a\
`2A\x843hxc\x02\x1e\x06\x5cP'\x9a\xf1\
/\xc3\xfa@6\x05\xb3\xa6a\xcb\x93Z\x0b\xc4\xc5\x1c\
\x99\x80\xd1\x97\xf3\x9aZ\x03\x13j8\xa6\xd0\x5c=\xe8\
\x16+\xb7\xe0\x041\x9f\xc2\x8c2\xfcJ\x09\x87\xc6P\
6?5\xc3\x81\x19\x14\xc4P\xb1J\xc8\x85)D\x83\
\x80\x86\x88c\xf6\xeey\xb7\xfb-\xea\xefvoB\xc2\
\x9a\x22G\x84T\x93\xb0\xe41\xb2\xf1+\xba\xc1D\x88\
is\xddF<\xbe|W\x00\xd1\x1dU\x03\xbd\xb7\xea\
I\xb5'T_Oj\xde[G\x82NvYb\x80\
\x84$\xc0Uq\x81\xcd\x82\xdc\xc8\x059\xa5\xec/L\
\x08\x16h\xedYV\x96J/\xbb\x873h\xa1,\xca\
\x92N\xb7+{\xc5\x0f_\x18H\xbf\x83\x04\x95\x01y\
\x0dk\x8a3\x8e$mE\x92zB\x0b|D9f\
1Y.7\x17t\x9e\xe4\x12Y\x5c\x86\x97\xcf-\xde\
\x90A\xf2\xce\xb1g\x17\x0e\xe7\xc2\x06}\x82cY\xeb\
'\xe8dQ\xe5\x94\x1a#l\xa5F\x85\xfb\xb8\x0f\xde\
\xcb\xad\x0c\xbe:\xe6\x18\xb1\x0f\x89\x9d\x1c\x8d\xce\xc2\x9a\
\xcf\x0c\xcd\xf9RNk\x91\x966-\xe4O\x80\xa4\xa4\
Q\xaa\x0e\xdb\xc3f\xb0=\xec\x0d\xb6\x87\x83\x82\xedq\
3\xd8\x1e\xf7\x06\xdb\xe3A\xc16\xd8\x0c\xb6\xc1\xde`\
\x1b\x1c\x14l\x97\x9b\xc1v\xb97\xd8.\x0f\x0a\xb6\xab\
\xcd`\xbb\xda\x1blW\x07\x05\xdb\xedf\xb0\xdd\xee\x0d\
\xb6\xdb\xed\xc3\xa6)\x9e\xff\x12w\x13\x93C\xf2\xdd\xeb\
\xa4\x0fTv[Sk!\xa1J\xba@e\xe0\x0e7\
\x9c \x01\xe2p\xe7A\x92\x0f\xc8j\xa4\xe3L\xaa\xd3\
}6`\x9a\xeeX\x88\xd4\xe3\xccA\x9a\x22\x8b\xabh\
fUWN+\xf5\x22\xad\x0c\xe0\x18\x19\x81B\x0c\xb7\
\xa2V\xd7\xc3\xaeU\x10\xa7\xdf-\xcd\xa0*nj\x15\
k\xbe\x80\x93\x9f2`\xaa\x8ebHb\x17\x10n\x81\
\xf8\x1b\x9ar\xa3\xd0\x941A\xd7:\x0eC,\xe6Z\
\x8bg,\xd5\x95qM8b[:[\x18\x82\xfa7\
b,6\x04/C\xd72\x84>g\xd4\xd0\x11\x1b-\
U\xfc\x9d\x81\xa0\x8d\x00\x92\xf2P\xb1\x0a`sHt\
\xc8t \x81\x02DJg\x7f\xdc\xcd\xbe\xaa\xc7\xcf\xa3\
(jn\x15)4\x9b.xj\x15j27g\xb0\
~\xda\xa0\xfcN\xf0\xf9\x859\xbc\xa5\x0c\xc5\x88n\xf7\
;\xc46\xd2K3[;\x87\x90B'\x9bP\x12\xfb\
^(6\xed\xd8x\x8aws\x88~)\xe9/\xe4\xbb\
\x11)\xd2\x06z\xe6\xb7\x90M1\xd9\x05uN\xad\xdd\
\x11gnBlw\xe4\xc7T\x5c\x0b\xe6\x16\xe9g<\
\xda\x12wz\x9f<\xd3\x8c\xffX\xce\xa1\x0d\x0f\x90w\
\x06\xff4\xe3\xa6\xf1n\xca?\xc9\xb28\xcd\x94\xa02\
\xa6\xfa\x22([n\xa1\xf4q\xe3\xceP\xac\xc4\x5cI\
\x90\x85\xb4S\xbd\xc3\x5c:\xc0\xc0?Q\x17\xf4\xfb\xfd\
\x13\xd0\x7f8\x01\x8f\xe2\x7f\x903\xfb+\xe5KV\x12\
Q\xf0h\xb8\x14\xdc\xbf$\x11%.\xa9\x12\xe0\x91\xef\
\x82/u\xef\xb3;\xd3=\x8b\x863\x84\xf82\xf8\x01\
\xa1\x9c\x09%\x89k\xa2\xd6\x13\xc7'e]\xc0\xa6\xe3\
\xf7\xf5\x13p\xd6>\x01j\xbb\xfda\xe3U\xe4E\x19\
\xe5\xef\x8f\xc2\x0b\xa4(\xd6\xc9\x89H\xf2\x22\xb9LL\
\xb2\xfa\x02J\xcfIMX\x96\xcbnV\xcbe?\xa9\
\xfb\xcff\x97\xba\x90\xf2o\xa3;\x03b\xb2~\xc2\xbc\
\xc45\xa4\xa6\x13\xe7k\xc5\x1f\xcd\xc2+\xde\xc4\x04\x9b\
\x8e9\xc4\xaf\xe9;>\xf5<\xa4\xf8\x91H\xec\xa9H\
\xa3\x93}*\x92}0R\xda'0\xe1\xfc\xb0\x17X\
\xe8\xee\xe6=\xc1\xdbR\xe4\xe1\x93\xdez\xdcV\xd6\xb8\
\xb0\xc7\xbfD@\xf0,\x8c9%\x83\xdb\x94N\xd1P\
AQ\xaa\xa0\xd1\x10\xeb\x0fkI\x1d\xa5'\x1e\xb6\x8e\
\xaeM\x8b/\xf6\xa8\xa0\xa2\x9c\x90/\xe6\xb6O\x83\xa6\
Z\xb8\xd9\xeao}\x18\xacX_\xa3szz\xaa6\
\xda\xfb;\x12drmw6\xa7\x1cf\x02\xa2\xa2\xeb\
P\xaf\xe8:4\x7f+\xd7!7\x90\xdd\x8e\xef\xd0,\
\xf2\x1d\x0a\xdf\xd9(<(\xf2_\xda\xa8\xf0\xdeFi\
#-~{c\x13\x7f@\xdd\xe8\x8cJ\xbd\xcfQ\xe6\
\xd0.~U\xa6u\x04\xfem\x80o\x1f\x81\xdf\x15\xf0\
+\x83\x94\xc6v\x1dHu\x99\x03\xe9\xdel\x86\x1e\xde\
l\xa2\xb8\x15\xf7\xb2\xe0!\x17\xf9%\x06\xfa\x09\xef\x11\
]\xfb\xe2\xaf\xe0\x13\x16[y\xe7h\xe5os\xbc\xa8\
G\xe0\xf7t\xbc,\x8b\x82\xfe\x19\x0b\x8f\xe8\x9eo;\
\x02R\xdb\xc5h4\xdf:\x04\xda\xef\x02\x7f\xb7\xc8d\
3s:\x1a\xd3\xd1\x98\xaa\x85\xb9\x89\xa1\x89q\x99o\
\x1d\xc4\x01\x7f\x01Y`}\xa6\xa8\x8ea\x10\x9f\xad\xf8\
\xcc!\xf1\x9dC\xeaC\x87\xd4\x97\x0eK?u\x88\x94\
\xab\xa6\x94\x1b\xfb\xd6!\xf3aB\x91DCq\x8d9\
vL&[6\xb8RI\xc5\xc6'\x0b\x01l\xea\xb0\
\x09\xb2\xbd\xae\x09%D0\x15\xb7\xa0l\xd0\x14\x07\x8b\
\x9f\xff\x01\xaf\xb9\xb3.\
\x00\x00\x02T\
\x89\
PNG\x0d\x0a\x1a\x0a\x00\x00\x00\x0dIHDR\x00\
\x00\x000\x00\x00\x000\x08\x06\x00\x00\x00W\x02\xf9\x87\
\x00\x00\x00\x09pHYs\x00\x00\x0b\x13\x00\x00\x0b\x13\
\x01\x00\x9a\x9c\x18\x00\x00\x02\x06IDATx\x9c\xed\
\x99KN\x02A\x14EO\xf03p\xe8g\xe4g\x17\
\x1a\x0d\xb0\x0c\xa3\xd1-@H`\xa0q\x01\xe2\x5c\x8d\
\x1a\x97`\xd4\x81\x9f\x89\xab\x90\xe0\x02\xfc\xc0@\xc51\
\xed\x802\x85o`:!vwU\x17e\xec\x93\xdc\
\x84\xa4\x81\xba\x97\xae\xaez\xf5\x80\x8c\x8c\x0c\x1b\x8c\x00\
+\xc0\x0ep\x0e<\x00\x1f\xc0\xa7H\xbfn\xca5\xfd\
\x9ee \x87\x07\xcc\x03{\xc0\x0b\xa0b\xea\x19\xa8\x03\
s\xc30>\x03\x9c\x00A\x02\xe3a\x05\xc0\x110\xed\
\xca\xfc\x06\xd0\xb1`<\xacw`=M\xe3c\xc0i\
\x0a\xc6UH\xc72\x96U&\x80[\x07\xe6\x95\xe8F\
\xc6\xb4\xc2\x98c\xf3Jt\x07\x8c\xdb\x08\xe0b\xda\xa8\
\x01\xd2\x0f\xb7\x11\x9bC4\xafDkI\xcdO\x01o\
\x1e\x04\xe8$]bOL\x06\xaeT*\xaa\xddn\xf7\
U.\x97MC\x1c\xc65?g\xb2I\x15\x8bE\xf5\
\x93^\xaf\xa7\x0a\x85\x82I\x80\x00X\x88\x13@\x97\x07\
\x89\x07\xac\xd5j*L\xb5Z5\xbd\x0b\xf5\xa8\xe6s\
R\xa7$\x1eL\xff\xda\xe1;\x90\xcf\xe7M\x03\xbcH\
\xd1\xf8+\xba\xaa4\x1d\xac?\xef[\xadV_\xa5R\
\xc9\xf8\xfb\xf8\xd6R\x94\x00\xba\xdcU\x9ej;J\x80\
\x0b\x0f\x8c\xaa\x01:\x8b\x12\xa0\xe9\x81Q5@\x8d(\
\x01\xac\x94\xcaa,\x05x\x8b\x12 \xf08@\xf7_\
\x04\xe8\xfc\xf5)\xd4\xf48@\xc3\xd92\x9aR\x803\
g\x1bYJ\x01\xb6\xa2\x04X\xf68\xc0b\xd4b\xee\
\xc9\xc3\x00\x8fq\xbayu\x0f\x03\xec\xe2\xea@\x93B\
\x80.0KLtG@y\xa2}\x120\xe9\xc9\xa1\
\xfe\xdd\xa4o\xba\xeeA\x80U\x0c9\x1e\xa2\xf9\x03,\
\xa0\xcf\xa1\x97C0\x7f\x0d\x8cb\x89\x09i\xb8\xba2\
\x7fe\xb3\xb9\xfb\xb3\xc9{\xe4h\xda\x8c\x92\x22k)\
\xadN\xaf6\x1e\xd88}\xd3C\xd9`L\x8dwe\
\x9d\xd7\xcb\xb6sf\xa5\xecHR;\xe9\xcf\xec&\xd9\
a\xd3 'M\xa7m\xa9\xd9\x1br\xb2\x0bD\xfa\xf5\
\xbd\x5c\xdb\x92\xaa\xd2\x8b\xbfY32\xf8\xe3|\x01=\
x\x9f%O\xc7`\xd0\x00\x00\x00\x00IEND\xae\
B`\x82\
\x00\x00\x01\x7f\
\x89\
PNG\x0d\x0a\x1a\x0a\x00\x00\x00\x0dIHDR\x00\
\x00\x000\x00\x00\x000\x08\x06\x00\x00\x00W\x02\xf9\x87\
\x00\x00\x00\x09pHYs\x00\x00\x0b\x13\x00\x00\x0b\x13\
\x01\x00\x9a\x9c\x18\x00\x00\x011IDATx\x9c\xed\
\xd9=J\x04A\x10\x86\xe17\xf1\x0c\x22\x1b\x18\x18x\
\x00\x0f\xb1\xc6\x0b\xe2\x1dd\xaf\xa0&\xc2\x1a\xf59\xbc\
\x83\x99\xa1wP\xc1\xc8SX\xcb@\x07\xb2\xfel\xf7\
tU\xcf\x08_\xc1\x17N3\xcfV\xf5L\x0f\x0b~\
\xf5\x04XCR^\xe7\xd0\xf1\x9e&\x01\xdc\x01\xeb\xff\
\x0e\xf8\x9c\x02\xe1\x09\xb0)\x10\xde\x00\xeb\x8dx\x0c\x00\
XF\x5c\xf5\x00\x1c\x03o\x01\x00\xdb\xd7\x89\x8b\xc6,\
\xbe\xacu\x02\xbc\x07\x00\xec\xafNXcVy\x9d\xf3\
FD\xda\x03\xf8\x15\xe1\x05\x186\xf1M\xc38\xa5\x02\
\xc0\x8f\xe3\xe4\x09\xb0\x06D*\x04|Cx\x03\x86\x5c\
\x8f\x18\xa7\x94\xafY\x02\xf7\x05\xd9\x00GQ\x80\xddN\
\xbcV\x00\xaa+\x0aP\xdb\x89\xe7\xc2_~7\xa1\x80\
!\xb7\x95\x9d\xb0\xca\x84\x03\xa2\x11\xf4\x00D\x22\xe8\x05\
\x88B\xd0\x13\x10\x81\xc0\x0bp\x0a\x9c\x15\xe6 _s\
9'\xc0\x98Z\xcd\x01\xf0\x01\xbcT\xe6aN\x00\x1b\
\x91a\xbf\x08\xa0\x0e\xa0\x11B\x9b\x18=\x85\xd0c\xd4\
\xf4\x22Cobt\x94@\x879t\x1a5\x1d\xa7\xd1\
\x07\x0d\xbd\xbf\xc8\x16\x0e\x7f\xb0L\xfaI\xe9R\x02\xa0\
\x0e\xb4\x95F\x08\x8d\x10\xa3k\x0b\xa1\x1b\xf1\xab\x94\xb6\
6\xa3\x00\x00\x00\x00IEND\xaeB`\x82\
"

qt_resource_name = b"\
\x00\x0b\
\x0a\xd0\x1c\xa7\
\x00q\
\x00t\x00_\x00i\x00c\x00o\x00n\x00.\x00p\x00n\x00g\
\x00\x12\
\x00\xcc\xb6'\
\x00b\
\x00a\x00c\x00k\x00s\x00p\x00a\x00c\x00e\x00_\x00i\x00c\x00o\x00n\x00.\x00p\x00n\
\x00g\
\x00\x19\
\x0b\xd4n\xc7\
\x00r\
\x00o\x00m\x00a\x00n\x00_\x00t\x00o\x00_\x00i\x00n\x00t\x00e\x00g\x00e\x00r\x00_\
\x00i\x00c\x00o\x00n\x00.\x00p\x00n\x00g\
\x00\x19\
\x0b\xd4v\x1f\
\x00r\
\x00o\x00m\x00a\x00n\x00_\x00t\x00o\x00_\x00i\x00n\x00t\x00e\x00g\x00e\x00r\x00_\
\x00i\x00c\x00o\x00n\x00.\x00i\x00c\x00o\
\x00\x16\
\x09\xf8\xda\xf9\
\x00r\
\x00o\x00m\x00a\x00n\x00_\x00t\x00o\x00_\x00i\x00n\x00t\x00e\x00g\x00e\x00r\x00_\
\x00u\x00i\x00.\x00u\x00i\
\x00\x14\
\x00\xb7)G\
\x00i\
\x00n\x00f\x00o\x00r\x00m\x00a\x00t\x00i\x00o\x00n\x00_\x00i\x00c\x00o\x00n\x00.\
\x00p\x00n\x00g\
\x00\x0d\
\x0e\xae\xbd\x07\
\x00c\
\x00o\x00p\x00y\x00_\x00i\x00c\x00o\x00n\x00.\x00p\x00n\x00g\
"

qt_resource_struct = b"\
\x00\x00\x00\x00\x00\x02\x00\x00\x00\x07\x00\x00\x00\x01\
\x00\x00\x00\x00\x00\x00\x00\x00\
\x00\x00\x00\xe8\x00\x00\x00\x00\x00\x01\x00\x01#8\
\x00\x00\x01\x91\xcdqoa\
\x00\x00\x00\x1c\x00\x00\x00\x00\x00\x01\x00\x00\x03}\
\x00\x00\x01\x91\xccHE\x03\
\x00\x00\x00\xb6\x00\x01\x00\x00\x00\x01\x00\x01\x1dl\
\x00\x00\x01\x9dIh\xc2\xac\
\x00\x00\x00\x00\x00\x00\x00\x00\x00\x01\x00\x00\x00\x00\
\x00\x00\x01\x90*\x05+^\
\x00\x00\x00F\x00\x00\x00\x00\x00\x01\x00\x00\x04\xad\
\x00\x00\x01\x91\xe1\xe7\xd1\x89\
\x00\x00\x00~\x00\x01\x00\x00\x00\x01\x00\x00\xd8\xf2\
\x00\x00\x01\x91\xe1\xedn:\
\x00\x00\x01\x16\x00\x00\x00\x00\x00\x01\x00\x01%\x90\
\x00\x00\x01\x91\xccC8\x16\
"

def qInitResources():
    QtCore.qRegisterResourceData(0x03, qt_resource_struct, qt_resource_name, qt_resource_data)

def qCleanupResources():
    QtCore.qUnregisterResourceData(0x03, qt_resource_struct, qt_resource_name, qt_resource_data)

qInitResources()
